timestamp,frame_number,status,method,contour_count
2026-07-08 17:42:39.128,1,NO MOTION,Frame Differencing,0
2026-07-08 17:42:39.270,2,NO MOTION,Frame Differencing,0
2026-07-08 17:42:39.303,3,NO MOTION,Frame Differencing,0
2026-07-08 17:42:39.332,4,NO MOTION,Frame Differencing,0
2026-07-08 17:42:39.403,5,MOTION DETECTED,Frame Differencing,1
2026-07-08 17:42:39.432,6,NO MOTION,Frame Differencing,0
2026-07-08 17:42:39.459,7,NO MOTION,Frame Differencing,0
2026-07-08 17:42:39.480,8,NO MOTION,Frame Differencing,0
2026-07-08 17:42:39.508,9,NO MOTION,Frame Differencing,0
2026-07-08 17:42:39.533,10,NO MOTION,Frame Differencing,0
2026-07-08 17:42:39.555,11,NO MOTION,Frame Differencing,0
2026-07-08 17:42:39.575,12,NO MOTION,Frame Differencing,0
2026-07-08 17:42:39.591,13,NO MOTION,Frame Differencing,0
2026-07-08 17:42:39.617,14,NO MOTION,Frame Differencing,0
2026-07-08 17:42:39.642,15,NO MOTION,Frame Differencing,0
2026-07-08 17:42:39.664,16,NO MOTION,Frame Differencing,0
2026-07-08 17:42:39.681,17,NO MOTION,Frame Differencing,0
2026-07-08 17:42:39.707,18,NO MOTION,Frame Differencing,0
2026-07-08 17:42:39.728,19,NO MOTION,Frame Differencing,0
2026-07-08 17:42:39.751,20,NO MOTION,Frame Differencing,0
2026-07-08 17:42:39.788,21,NO MOTION,Frame Differencing,0
2026-07-08 17:42:39.810,22,NO MOTION,Frame Differencing,0
2026-07-08 17:42:39.828,23,NO MOTION,Frame Differencing,0
2026-07-08 17:42:39.850,24,NO MOTION,Frame Differencing,0
2026-07-08 17:42:39.871,25,NO MOTION,Frame Differencing,0
2026-07-08 17:42:39.890,26,NO MOTION,Frame Differencing,0
2026-07-08 17:42:39.914,27,NO MOTION,Frame Differencing,0
2026-07-08 17:42:39.936,28,NO MOTION,Frame Differencing,0
2026-07-08 17:42:39.976,29,MOTION DETECTED,Frame Differencing,1
2026-07-08 17:42:40.114,30,MOTION DETECTED,Frame Differencing,1
2026-07-08 17:42:40.166,31,MOTION DETECTED,Frame Differencing,1
2026-07-08 17:42:40.211,32,MOTION DETECTED,Frame Differencing,1
2026-07-08 17:42:40.239,33,NO MOTION,Frame Differencing,0
2026-07-08 17:42:40.275,34,MOTION DETECTED,Frame Differencing,1
2026-07-08 17:42:40.297,35,NO MOTION,Frame Differencing,0
2026-07-08 17:42:40.319,36,NO MOTION,Frame Differencing,0
2026-07-08 17:42:40.341,37,NO MOTION,Frame Differencing,0
2026-07-08 17:42:40.369,38,NO MOTION,Frame Differencing,0
2026-07-08 17:42:40.389,39,NO MOTION,Frame Differencing,0
2026-07-08 17:42:40.410,40,NO MOTION,Frame Differencing,0
2026-07-08 17:42:40.442,41,MOTION DETECTED,Frame Differencing,1
2026-07-08 17:42:40.464,42,NO MOTION,Frame Differencing,0
2026-07-08 17:42:40.496,43,MOTION DETECTED,Frame Differencing,2
2026-07-08 17:42:40.531,44,MOTION DETECTED,Frame Differencing,2
2026-07-08 17:42:40.555,45,NO MOTION,Frame Differencing,0
2026-07-08 17:42:40.587,46,MOTION DETECTED,Frame Differencing,1
2026-07-08 17:42:40.619,47,MOTION DETECTED,Frame Differencing,1
2026-07-08 17:42:40.650,48,NO MOTION,Frame Differencing,0
2026-07-08 17:42:40.674,49,NO MOTION,Frame Differencing,0
2026-07-08 17:42:40.705,50,MOTION DETECTED,Frame Differencing,1
2026-07-08 17:42:40.726,51,NO MOTION,Frame Differencing,0
2026-07-08 17:42:40.782,52,MOTION DETECTED,Frame Differencing,1
2026-07-08 17:42:40.809,53,NO MOTION,Frame Differencing,0
2026-07-08 17:42:40.830,54,NO MOTION,Frame Differencing,0
2026-07-08 17:42:40.854,55,NO MOTION,Frame Differencing,0
2026-07-08 17:42:40.882,56,MOTION DETECTED,Frame Differencing,1
2026-07-08 17:42:40.907,57,NO MOTION,Frame Differencing,0
2026-07-08 17:42:40.921,58,MOTION DETECTED,Frame Differencing,2
2026-07-08 17:42:40.961,59,MOTION DETECTED,Frame Differencing,2
2026-07-08 17:42:41.021,60,MOTION DETECTED,Frame Differencing,1
2026-07-08 17:42:41.048,61,NO MOTION,Frame Differencing,0
2026-07-08 17:42:41.079,62,MOTION DETECTED,Frame Differencing,1
2026-07-08 17:42:41.110,63,NO MOTION,Frame Differencing,0
2026-07-08 17:42:41.139,64,MOTION DETECTED,Frame Differencing,1
2026-07-08 17:42:41.171,65,MOTION DETECTED,Frame Differencing,2
2026-07-08 17:42:41.200,66,NO MOTION,Frame Differencing,0
2026-07-08 17:42:41.225,67,NO MOTION,Frame Differencing,0
2026-07-08 17:42:41.252,68,NO MOTION,Frame Differencing,0
2026-07-08 17:42:41.273,69,NO MOTION,Frame Differencing,0
2026-07-08 17:42:41.309,70,MOTION DETECTED,Frame Differencing,1
2026-07-08 17:42:41.331,71,MOTION DETECTED,Frame Differencing,1
2026-07-08 17:42:41.351,72,NO MOTION,Frame Differencing,0
2026-07-08 17:42:41.374,73,MOTION DETECTED,Frame Differencing,1
2026-07-08 17:42:41.390,74,NO MOTION,Frame Differencing,0
2026-07-08 17:42:41.407,75,NO MOTION,Frame Differencing,0
2026-07-08 17:42:41.427,76,NO MOTION,Frame Differencing,0
2026-07-08 17:42:41.452,77,MOTION DETECTED,Frame Differencing,1
2026-07-08 17:42:41.477,78,MOTION DETECTED,Frame Differencing,1
2026-07-08 17:42:41.501,79,MOTION DETECTED,Frame Differencing,1
2026-07-08 17:42:41.521,80,NO MOTION,Frame Differencing,0
2026-07-08 17:42:41.538,81,NO MOTION,Frame Differencing,0
2026-07-08 17:42:41.560,82,NO MOTION,Frame Differencing,0
2026-07-08 17:42:41.577,83,NO MOTION,Frame Differencing,0
2026-07-08 17:42:41.599,84,NO MOTION,Frame Differencing,0
2026-07-08 17:42:41.617,85,NO MOTION,Frame Differencing,0
2026-07-08 17:42:41.653,86,NO MOTION,Frame Differencing,0
2026-07-08 17:42:41.681,87,NO MOTION,Frame Differencing,0
2026-07-08 17:42:41.689,88,NO MOTION,Frame Differencing,0
2026-07-08 17:42:41.710,89,NO MOTION,Frame Differencing,0
2026-07-08 17:42:41.731,90,NO MOTION,Frame Differencing,0
2026-07-08 17:42:41.752,91,NO MOTION,Frame Differencing,0
2026-07-08 17:42:41.779,92,NO MOTION,Frame Differencing,0
2026-07-08 17:42:41.794,93,NO MOTION,Frame Differencing,0
2026-07-08 17:42:41.825,94,MOTION DETECTED,Frame Differencing,1
2026-07-08 17:42:41.850,95,MOTION DETECTED,Frame Differencing,1
2026-07-08 17:42:41.873,96,MOTION DETECTED,Frame Differencing,1
2026-07-08 17:42:41.910,97,MOTION DETECTED,Frame Differencing,2
2026-07-08 17:42:41.932,98,MOTION DETECTED,Frame Differencing,2
2026-07-08 17:42:41.950,99,NO MOTION,Frame Differencing,0
2026-07-08 17:42:41.982,100,MOTION DETECTED,Frame Differencing,2
2026-07-08 17:42:42.007,101,MOTION DETECTED,Frame Differencing,3
2026-07-08 17:42:42.021,102,NO MOTION,Frame Differencing,0
2026-07-08 17:42:42.051,103,MOTION DETECTED,Frame Differencing,2
2026-07-08 17:42:42.083,104,MOTION DETECTED,Frame Differencing,1
2026-07-08 17:42:42.096,105,NO MOTION,Frame Differencing,0
2026-07-08 17:42:42.130,106,NO MOTION,Frame Differencing,0
2026-07-08 17:42:42.178,107,MOTION DETECTED,Frame Differencing,3
2026-07-08 17:42:42.204,108,NO MOTION,Frame Differencing,0
2026-07-08 17:42:42.231,109,MOTION DETECTED,Frame Differencing,2
2026-07-08 17:42:42.257,110,MOTION DETECTED,Frame Differencing,3
2026-07-08 17:42:42.276,111,NO MOTION,Frame Differencing,0
2026-07-08 17:42:42.298,112,MOTION DETECTED,Frame Differencing,2
2026-07-08 17:42:42.321,113,MOTION DETECTED,Frame Differencing,1
2026-07-08 17:42:42.344,114,NO MOTION,Frame Differencing,0
2026-07-08 17:42:42.370,115,MOTION DETECTED,Frame Differencing,1
2026-07-08 17:42:42.393,116,MOTION DETECTED,Frame Differencing,1
2026-07-08 17:42:42.411,117,NO MOTION,Frame Differencing,0
2026-07-08 17:42:42.429,118,NO MOTION,Frame Differencing,0
2026-07-08 17:42:42.453,119,MOTION DETECTED,Frame Differencing,1
2026-07-08 17:42:42.471,120,NO MOTION,Frame Differencing,0
2026-07-08 17:42:42.494,121,MOTION DETECTED,Frame Differencing,1
2026-07-08 17:42:42.525,122,NO MOTION,Frame Differencing,0
2026-07-08 17:42:42.556,123,NO MOTION,Frame Differencing,0
2026-07-08 17:42:42.571,124,NO MOTION,Frame Differencing,0
2026-07-08 17:42:42.586,125,NO MOTION,Frame Differencing,0
2026-07-08 17:42:42.605,126,NO MOTION,Frame Differencing,0
2026-07-08 17:42:42.622,127,NO MOTION,Frame Differencing,0
2026-07-08 17:42:42.636,128,NO MOTION,Frame Differencing,0
2026-07-08 17:42:42.678,129,NO MOTION,Frame Differencing,0
2026-07-08 17:42:42.694,130,NO MOTION,Frame Differencing,0
2026-07-08 17:42:42.709,131,NO MOTION,Frame Differencing,0
2026-07-08 17:42:42.738,132,NO MOTION,Frame Differencing,0
2026-07-08 17:42:42.754,133,NO MOTION,Frame Differencing,0
2026-07-08 17:42:42.782,134,NO MOTION,Frame Differencing,0
2026-07-08 17:42:42.800,135,NO MOTION,Frame Differencing,0
2026-07-08 17:42:42.816,136,NO MOTION,Frame Differencing,0
2026-07-08 17:42:42.848,137,NO MOTION,Frame Differencing,0
2026-07-08 17:42:42.861,138,NO MOTION,Frame Differencing,0
2026-07-08 17:42:42.882,139,NO MOTION,Frame Differencing,0
2026-07-08 17:42:42.898,140,NO MOTION,Frame Differencing,0
2026-07-08 17:42:42.916,141,NO MOTION,Frame Differencing,0
2026-07-08 17:42:42.932,142,NO MOTION,Frame Differencing,0
2026-07-08 17:42:42.951,143,NO MOTION,Frame Differencing,0
2026-07-08 17:42:42.966,144,NO MOTION,Frame Differencing,0
2026-07-08 17:42:42.986,145,MOTION DETECTED,Frame Differencing,1
2026-07-08 17:42:43.007,146,MOTION DETECTED,Frame Differencing,1
2026-07-08 17:42:43.031,147,NO MOTION,Frame Differencing,0
2026-07-08 17:42:43.047,148,NO MOTION,Frame Differencing,0
2026-07-08 17:42:43.068,149,MOTION DETECTED,Frame Differencing,1
2026-07-08 17:42:43.091,150,MOTION DETECTED,Frame Differencing,1
2026-07-08 17:42:43.127,151,MOTION DETECTED,Frame Differencing,1
2026-07-08 17:42:43.145,152,NO MOTION,Frame Differencing,0
2026-07-08 17:42:43.163,153,NO MOTION,Frame Differencing,0
2026-07-08 17:42:43.179,154,NO MOTION,Frame Differencing,0
2026-07-08 17:42:43.192,155,NO MOTION,Frame Differencing,0
2026-07-08 17:42:43.208,156,NO MOTION,Frame Differencing,0
2026-07-08 17:42:43.226,157,NO MOTION,Frame Differencing,0
2026-07-08 17:42:43.240,158,NO MOTION,Frame Differencing,0
2026-07-08 17:42:43.258,159,NO MOTION,Frame Differencing,0
2026-07-08 17:42:43.272,160,NO MOTION,Frame Differencing,0
2026-07-08 17:42:43.288,161,NO MOTION,Frame Differencing,0
2026-07-08 17:42:43.305,162,NO MOTION,Frame Differencing,0
2026-07-08 17:42:43.319,163,NO MOTION,Frame Differencing,0
2026-07-08 17:42:43.335,164,NO MOTION,Frame Differencing,0
2026-07-08 17:42:43.351,165,NO MOTION,Frame Differencing,0
2026-07-08 17:42:43.367,166,NO MOTION,Frame Differencing,0
2026-07-08 17:42:43.384,167,NO MOTION,Frame Differencing,0
2026-07-08 17:42:43.400,168,NO MOTION,Frame Differencing,0
2026-07-08 17:42:43.414,169,NO MOTION,Frame Differencing,0
2026-07-08 17:42:43.430,170,NO MOTION,Frame Differencing,0
2026-07-08 17:42:43.447,171,NO MOTION,Frame Differencing,0
2026-07-08 17:42:43.459,172,NO MOTION,Frame Differencing,0
2026-07-08 17:42:43.472,173,NO MOTION,Frame Differencing,0
2026-07-08 17:42:43.486,174,NO MOTION,Frame Differencing,0
2026-07-08 17:42:43.503,175,NO MOTION,Frame Differencing,0
2026-07-08 17:42:43.517,176,NO MOTION,Frame Differencing,0
2026-07-08 17:42:43.533,177,NO MOTION,Frame Differencing,0
2026-07-08 17:42:43.548,178,NO MOTION,Frame Differencing,0
2026-07-08 17:42:43.561,179,NO MOTION,Frame Differencing,0
2026-07-08 17:42:43.573,180,NO MOTION,Frame Differencing,0
2026-07-08 17:42:43.590,181,NO MOTION,Frame Differencing,0
2026-07-08 17:42:43.608,182,NO MOTION,Frame Differencing,0
2026-07-08 17:42:43.622,183,NO MOTION,Frame Differencing,0
2026-07-08 17:42:43.637,184,NO MOTION,Frame Differencing,0
2026-07-08 17:42:43.652,185,NO MOTION,Frame Differencing,0
2026-07-08 17:42:43.668,186,NO MOTION,Frame Differencing,0
2026-07-08 17:42:43.679,187,NO MOTION,Frame Differencing,0
2026-07-08 17:42:43.695,188,NO MOTION,Frame Differencing,0
2026-07-08 17:42:43.714,189,NO MOTION,Frame Differencing,0
2026-07-08 17:42:43.726,190,NO MOTION,Frame Differencing,0
2026-07-08 17:42:43.750,191,NO MOTION,Frame Differencing,0
2026-07-08 17:42:43.762,192,NO MOTION,Frame Differencing,0
2026-07-08 17:42:43.780,193,NO MOTION,Frame Differencing,0
2026-07-08 17:42:43.796,194,NO MOTION,Frame Differencing,0
2026-07-08 17:42:43.807,195,NO MOTION,Frame Differencing,0
2026-07-08 17:42:43.822,196,NO MOTION,Frame Differencing,0
2026-07-08 17:42:43.839,197,NO MOTION,Frame Differencing,0
2026-07-08 17:42:43.850,198,NO MOTION,Frame Differencing,0
2026-07-08 17:42:43.867,199,NO MOTION,Frame Differencing,0
2026-07-08 17:42:43.881,200,NO MOTION,Frame Differencing,0
2026-07-08 17:42:43.898,201,NO MOTION,Frame Differencing,0
2026-07-08 17:42:43.909,202,NO MOTION,Frame Differencing,0
2026-07-08 17:42:43.925,203,NO MOTION,Frame Differencing,0
2026-07-08 17:42:43.950,204,NO MOTION,Frame Differencing,0
2026-07-08 17:42:43.964,205,NO MOTION,Frame Differencing,0
2026-07-08 17:42:43.997,206,NO MOTION,Frame Differencing,0
2026-07-08 17:42:44.014,207,NO MOTION,Frame Differencing,0
2026-07-08 17:42:44.046,208,NO MOTION,Frame Differencing,0
2026-07-08 17:42:44.075,209,NO MOTION,Frame Differencing,0
2026-07-08 17:42:44.100,210,NO MOTION,Frame Differencing,0
2026-07-08 17:42:44.125,211,MOTION DETECTED,Frame Differencing,1
2026-07-08 17:42:44.160,212,MOTION DETECTED,Frame Differencing,1
2026-07-08 17:42:44.187,213,MOTION DETECTED,Frame Differencing,1
2026-07-08 17:42:44.216,214,MOTION DETECTED,Frame Differencing,1
2026-07-08 17:42:44.250,215,MOTION DETECTED,Frame Differencing,1
2026-07-08 17:42:44.277,216,MOTION DETECTED,Frame Differencing,1
2026-07-08 17:42:44.301,217,MOTION DETECTED,Frame Differencing,1
2026-07-08 17:42:44.320,218,NO MOTION,Frame Differencing,0
2026-07-08 17:42:44.333,219,NO MOTION,Frame Differencing,0
2026-07-08 17:42:44.357,220,NO MOTION,Frame Differencing,0
2026-07-08 17:42:44.373,221,NO MOTION,Frame Differencing,0
2026-07-08 17:42:44.398,222,NO MOTION,Frame Differencing,0
2026-07-08 17:42:44.421,223,NO MOTION,Frame Differencing,0
2026-07-08 17:42:44.444,224,NO MOTION,Frame Differencing,0
2026-07-08 17:42:44.461,225,NO MOTION,Frame Differencing,0
2026-07-08 17:42:44.477,226,NO MOTION,Frame Differencing,0
2026-07-08 17:42:45.150,227,NO MOTION,Frame Differencing,0
2026-07-08 17:42:45.163,228,NO MOTION,Frame Differencing,0
2026-07-08 17:42:45.206,229,NO MOTION,Frame Differencing,0
2026-07-08 17:42:45.226,230,NO MOTION,Frame Differencing,0
2026-07-08 17:42:45.245,231,NO MOTION,Frame Differencing,0
2026-07-08 17:42:45.275,232,NO MOTION,Frame Differencing,0
2026-07-08 17:42:45.301,233,MOTION DETECTED,Frame Differencing,1
2026-07-08 17:42:45.323,234,MOTION DETECTED,Frame Differencing,1
2026-07-08 17:42:45.354,235,MOTION DETECTED,Frame Differencing,1
2026-07-08 17:42:45.372,236,MOTION DETECTED,Frame Differencing,1
2026-07-08 17:42:45.401,237,NO MOTION,Frame Differencing,0
2026-07-08 17:42:45.424,238,NO MOTION,Frame Differencing,0
2026-07-08 17:42:45.447,239,NO MOTION,Frame Differencing,0
2026-07-08 17:42:45.467,240,NO MOTION,Frame Differencing,0
2026-07-08 17:42:45.484,241,NO MOTION,Frame Differencing,0
2026-07-08 17:42:45.515,242,NO MOTION,Frame Differencing,0
2026-07-08 17:42:45.550,243,NO MOTION,Frame Differencing,0
2026-07-08 17:42:45.567,244,NO MOTION,Frame Differencing,0
2026-07-08 17:42:45.593,245,MOTION DETECTED,Frame Differencing,1
2026-07-08 17:42:45.620,246,MOTION DETECTED,Frame Differencing,1
2026-07-08 17:42:45.640,247,NO MOTION,Frame Differencing,0
2026-07-08 17:42:45.675,248,MOTION DETECTED,Frame Differencing,1
2026-07-08 17:42:45.694,249,NO MOTION,Frame Differencing,0
2026-07-08 17:42:45.712,250,NO MOTION,Frame Differencing,0
2026-07-08 17:42:45.746,251,NO MOTION,Frame Differencing,0
2026-07-08 17:42:45.772,252,NO MOTION,Frame Differencing,0
2026-07-08 17:42:45.802,253,NO MOTION,Frame Differencing,0
2026-07-08 17:42:45.836,254,NO MOTION,Frame Differencing,0
2026-07-08 17:42:45.849,255,NO MOTION,Frame Differencing,0
2026-07-08 17:42:45.864,256,NO MOTION,Frame Differencing,0
2026-07-08 17:42:45.873,257,NO MOTION,Frame Differencing,0
2026-07-08 17:42:45.912,258,NO MOTION,Frame Differencing,0
2026-07-08 17:42:45.926,259,NO MOTION,Frame Differencing,0
2026-07-08 17:42:45.945,260,NO MOTION,Frame Differencing,0
2026-07-08 17:42:45.963,261,NO MOTION,Frame Differencing,0
2026-07-08 17:42:45.979,262,NO MOTION,Frame Differencing,0
2026-07-08 17:42:45.997,263,NO MOTION,Frame Differencing,0
2026-07-08 17:42:46.011,264,NO MOTION,Frame Differencing,0
2026-07-08 17:42:46.044,265,NO MOTION,Frame Differencing,0
2026-07-08 17:42:46.076,266,NO MOTION,Frame Differencing,0
2026-07-08 17:42:46.091,267,NO MOTION,Frame Differencing,0
2026-07-08 17:42:46.119,268,NO MOTION,Frame Differencing,0
2026-07-08 17:42:46.173,269,NO MOTION,Frame Differencing,0
2026-07-08 17:42:46.206,270,NO MOTION,Frame Differencing,0
2026-07-08 17:42:46.226,271,MOTION DETECTED,Frame Differencing,1
2026-07-08 17:42:46.247,272,NO MOTION,Frame Differencing,0
2026-07-08 17:42:46.263,273,NO MOTION,Frame Differencing,0
2026-07-08 17:42:46.275,274,NO MOTION,Frame Differencing,0
2026-07-08 17:42:46.297,275,NO MOTION,Frame Differencing,0
2026-07-08 17:42:46.312,276,NO MOTION,Frame Differencing,0
2026-07-08 17:42:46.345,277,NO MOTION,Frame Differencing,0
2026-07-08 17:42:46.375,278,NO MOTION,Frame Differencing,0
2026-07-08 17:42:46.392,279,NO MOTION,Frame Differencing,0
2026-07-08 17:42:46.426,280,NO MOTION,Frame Differencing,0
2026-07-08 17:42:46.450,281,NO MOTION,Frame Differencing,0
2026-07-08 17:42:46.473,282,NO MOTION,Frame Differencing,0
2026-07-08 17:42:46.506,283,NO MOTION,Frame Differencing,0
2026-07-08 17:42:46.559,284,MOTION DETECTED,Frame Differencing,1
2026-07-08 17:42:46.591,285,MOTION DETECTED,Frame Differencing,1
2026-07-08 17:42:46.613,286,MOTION DETECTED,Frame Differencing,1
2026-07-08 17:42:46.629,287,NO MOTION,Frame Differencing,0
2026-07-08 17:42:46.654,288,NO MOTION,Frame Differencing,0
2026-07-08 17:42:46.674,289,NO MOTION,Frame Differencing,0
2026-07-08 17:42:46.698,290,NO MOTION,Frame Differencing,0
2026-07-08 17:42:46.717,291,NO MOTION,Frame Differencing,0
2026-07-08 17:42:46.768,292,MOTION DETECTED,Frame Differencing,1
2026-07-08 17:42:46.802,293,MOTION DETECTED,Frame Differencing,1
2026-07-08 17:42:46.831,294,NO MOTION,Frame Differencing,0
2026-07-08 17:42:46.855,295,NO MOTION,Frame Differencing,0
2026-07-08 17:42:46.887,296,MOTION DETECTED,Frame Differencing,1
2026-07-08 17:42:46.914,297,NO MOTION,Frame Differencing,0
2026-07-08 17:42:46.936,298,NO MOTION,Frame Differencing,0
2026-07-08 17:42:46.964,299,NO MOTION,Frame Differencing,0
2026-07-08 17:42:46.999,300,NO MOTION,Frame Differencing,0
2026-07-08 17:42:47.014,301,NO MOTION,Frame Differencing,0
2026-07-08 17:42:47.034,302,NO MOTION,Frame Differencing,0
2026-07-08 17:42:47.054,303,NO MOTION,Frame Differencing,0
2026-07-08 17:42:47.075,304,MOTION DETECTED,Frame Differencing,1
2026-07-08 17:42:47.106,305,MOTION DETECTED,Frame Differencing,1
2026-07-08 17:42:47.135,306,NO MOTION,Frame Differencing,0
2026-07-08 17:42:47.155,307,NO MOTION,Frame Differencing,0
2026-07-08 17:42:47.174,308,NO MOTION,Frame Differencing,0
2026-07-08 17:42:47.212,309,NO MOTION,Frame Differencing,0
2026-07-08 17:42:47.227,310,NO MOTION,Frame Differencing,0
2026-07-08 17:42:47.251,311,NO MOTION,Frame Differencing,0
2026-07-08 17:42:47.265,312,NO MOTION,Frame Differencing,0
2026-07-08 17:42:47.293,313,NO MOTION,Frame Differencing,0
2026-07-08 17:42:47.315,314,NO MOTION,Frame Differencing,0
2026-07-08 17:42:47.340,315,NO MOTION,Frame Differencing,0
2026-07-08 17:42:47.358,316,NO MOTION,Frame Differencing,0
2026-07-08 17:42:47.384,317,NO MOTION,Frame Differencing,0
2026-07-08 17:42:47.419,318,NO MOTION,Frame Differencing,0
2026-07-08 17:42:47.452,319,NO MOTION,Frame Differencing,0
2026-07-08 17:42:47.468,320,NO MOTION,Frame Differencing,0
2026-07-08 17:42:47.488,321,NO MOTION,Frame Differencing,0
2026-07-08 17:42:47.507,322,NO MOTION,Frame Differencing,0
2026-07-08 17:42:47.532,323,NO MOTION,Frame Differencing,0
2026-07-08 17:42:47.552,324,NO MOTION,Frame Differencing,0
2026-07-08 17:42:47.575,325,NO MOTION,Frame Differencing,0
2026-07-08 17:42:47.597,326,NO MOTION,Frame Differencing,0
2026-07-08 17:42:47.617,327,NO MOTION,Frame Differencing,0
2026-07-08 17:42:47.638,328,NO MOTION,Frame Differencing,0
2026-07-08 17:42:47.666,329,MOTION DETECTED,Frame Differencing,1
2026-07-08 17:42:47.687,330,NO MOTION,Frame Differencing,0
2026-07-08 17:42:47.715,331,MOTION DETECTED,Frame Differencing,1
2026-07-08 17:42:47.744,332,MOTION DETECTED,Frame Differencing,1
2026-07-08 17:42:47.771,333,NO MOTION,Frame Differencing,0
2026-07-08 17:42:47.793,334,MOTION DETECTED,Frame Differencing,1
2026-07-08 17:42:47.837,335,MOTION DETECTED,Frame Differencing,1
2026-07-08 17:42:47.853,336,NO MOTION,Frame Differencing,0
2026-07-08 17:42:47.881,337,NO MOTION,Frame Differencing,0
2026-07-08 17:42:47.905,338,MOTION DETECTED,Frame Differencing,1
2026-07-08 17:42:47.924,339,NO MOTION,Frame Differencing,0
2026-07-08 17:42:47.942,340,NO MOTION,Frame Differencing,0
2026-07-08 17:42:47.963,341,NO MOTION,Frame Differencing,0
2026-07-08 17:42:47.989,342,NO MOTION,Frame Differencing,0
2026-07-08 17:42:48.011,343,NO MOTION,Frame Differencing,0
2026-07-08 17:42:48.030,344,NO MOTION,Frame Differencing,0
2026-07-08 17:42:48.043,345,NO MOTION,Frame Differencing,0
2026-07-08 17:42:48.061,346,NO MOTION,Frame Differencing,0
2026-07-08 17:42:48.092,347,NO MOTION,Frame Differencing,0
2026-07-08 17:42:48.124,348,NO MOTION,Frame Differencing,0
2026-07-08 17:42:48.178,349,MOTION DETECTED,Frame Differencing,1
2026-07-08 17:42:48.210,350,MOTION DETECTED,Frame Differencing,2
2026-07-08 17:42:48.228,351,NO MOTION,Frame Differencing,0
2026-07-08 17:42:48.256,352,MOTION DETECTED,Frame Differencing,1
2026-07-08 17:42:48.277,353,MOTION DETECTED,Frame Differencing,1
2026-07-08 17:42:48.300,354,NO MOTION,Frame Differencing,0
2026-07-08 17:42:48.327,355,MOTION DETECTED,Frame Differencing,1
2026-07-08 17:42:48.350,356,NO MOTION,Frame Differencing,0
2026-07-08 17:42:48.369,357,NO MOTION,Frame Differencing,0
2026-07-08 17:42:48.387,358,NO MOTION,Frame Differencing,0
2026-07-08 17:42:48.409,359,NO MOTION,Frame Differencing,0
2026-07-08 17:42:48.428,360,NO MOTION,Frame Differencing,0
2026-07-08 17:42:48.452,361,NO MOTION,Frame Differencing,0
2026-07-08 17:42:48.467,362,NO MOTION,Frame Differencing,0
2026-07-08 17:42:48.482,363,NO MOTION,Frame Differencing,0
2026-07-08 17:42:48.497,364,NO MOTION,Frame Differencing,0
2026-07-08 17:42:48.510,365,NO MOTION,Frame Differencing,0
2026-07-08 17:42:48.525,366,NO MOTION,Frame Differencing,0
2026-07-08 17:42:48.536,367,NO MOTION,Frame Differencing,0
2026-07-08 17:42:48.556,368,NO MOTION,Frame Differencing,0
2026-07-08 17:42:48.573,369,NO MOTION,Frame Differencing,0
2026-07-08 17:42:48.590,370,NO MOTION,Frame Differencing,0
2026-07-08 17:42:48.605,371,NO MOTION,Frame Differencing,0
2026-07-08 17:42:48.619,372,NO MOTION,Frame Differencing,0
2026-07-08 17:42:48.634,373,NO MOTION,Frame Differencing,0
2026-07-08 17:42:48.650,374,NO MOTION,Frame Differencing,0
2026-07-08 17:42:48.662,375,NO MOTION,Frame Differencing,0
2026-07-08 17:42:48.679,376,NO MOTION,Frame Differencing,0
2026-07-08 17:42:48.692,377,NO MOTION,Frame Differencing,0
2026-07-08 17:42:48.706,378,NO MOTION,Frame Differencing,0
2026-07-08 17:42:48.719,379,NO MOTION,Frame Differencing,0
2026-07-08 17:42:48.733,380,NO MOTION,Frame Differencing,0
2026-07-08 17:42:48.744,381,NO MOTION,Frame Differencing,0
2026-07-08 17:42:48.760,382,NO MOTION,Frame Differencing,0
2026-07-08 17:42:48.774,383,NO MOTION,Frame Differencing,0
2026-07-08 17:42:48.789,384,NO MOTION,Frame Differencing,0
2026-07-08 17:42:48.803,385,NO MOTION,Frame Differencing,0
2026-07-08 17:42:48.820,386,NO MOTION,Frame Differencing,0
2026-07-08 17:42:48.836,387,NO MOTION,Frame Differencing,0
2026-07-08 17:42:48.848,388,NO MOTION,Frame Differencing,0
2026-07-08 17:42:48.863,389,NO MOTION,Frame Differencing,0
2026-07-08 17:42:48.883,390,NO MOTION,Frame Differencing,0
2026-07-08 17:42:48.900,391,NO MOTION,Frame Differencing,0
2026-07-08 17:42:48.915,392,NO MOTION,Frame Differencing,0
2026-07-08 17:42:48.925,393,NO MOTION,Frame Differencing,0
2026-07-08 17:42:48.941,394,NO MOTION,Frame Differencing,0
2026-07-08 17:42:48.962,395,NO MOTION,Frame Differencing,0
2026-07-08 17:42:48.979,396,NO MOTION,Frame Differencing,0
2026-07-08 17:42:48.995,397,NO MOTION,Frame Differencing,0
2026-07-08 17:42:49.015,398,MOTION DETECTED,Frame Differencing,1
2026-07-08 17:42:49.030,399,NO MOTION,Frame Differencing,0
2026-07-08 17:42:49.045,400,MOTION DETECTED,Frame Differencing,2
2026-07-08 17:42:49.067,401,MOTION DETECTED,Frame Differencing,2
2026-07-08 17:42:49.098,402,MOTION DETECTED,Frame Differencing,1
2026-07-08 17:42:49.127,403,MOTION DETECTED,Frame Differencing,2
2026-07-08 17:42:49.146,404,MOTION DETECTED,Frame Differencing,2
2026-07-08 17:42:49.175,405,MOTION DETECTED,Frame Differencing,2
2026-07-08 17:42:49.206,406,MOTION DETECTED,Frame Differencing,2
2026-07-08 17:42:49.238,407,MOTION DETECTED,Frame Differencing,2
2026-07-08 17:42:49.251,408,NO MOTION,Frame Differencing,0
2026-07-08 17:42:49.265,409,NO MOTION,Frame Differencing,0
2026-07-08 17:42:49.282,410,NO MOTION,Frame Differencing,0
2026-07-08 17:42:49.295,411,NO MOTION,Frame Differencing,0
2026-07-08 17:42:49.310,412,NO MOTION,Frame Differencing,0
2026-07-08 17:42:49.332,413,NO MOTION,Frame Differencing,0
2026-07-08 17:42:49.346,414,NO MOTION,Frame Differencing,0
2026-07-08 17:42:49.360,415,NO MOTION,Frame Differencing,0
2026-07-08 17:42:49.389,416,NO MOTION,Frame Differencing,0
2026-07-08 17:42:49.405,417,NO MOTION,Frame Differencing,0
2026-07-08 17:42:49.422,418,NO MOTION,Frame Differencing,0
2026-07-08 17:42:49.434,419,NO MOTION,Frame Differencing,0
2026-07-08 17:42:49.461,420,NO MOTION,Frame Differencing,0
2026-07-08 17:42:49.478,421,NO MOTION,Frame Differencing,0
2026-07-08 17:42:49.493,422,NO MOTION,Frame Differencing,0
2026-07-08 17:42:49.519,423,NO MOTION,Frame Differencing,0
2026-07-08 17:42:49.541,424,NO MOTION,Frame Differencing,0
2026-07-08 17:42:49.558,425,NO MOTION,Frame Differencing,0
2026-07-08 17:42:49.572,426,NO MOTION,Frame Differencing,0
2026-07-08 17:42:49.589,427,NO MOTION,Frame Differencing,0
2026-07-08 17:42:49.605,428,NO MOTION,Frame Differencing,0
2026-07-08 17:42:49.622,429,NO MOTION,Frame Differencing,0
2026-07-08 17:42:49.658,430,NO MOTION,Frame Differencing,0
2026-07-08 17:42:49.673,431,NO MOTION,Frame Differencing,0
2026-07-08 17:42:49.688,432,NO MOTION,Frame Differencing,0
2026-07-08 17:42:49.702,433,NO MOTION,Frame Differencing,0
2026-07-08 17:42:49.734,434,NO MOTION,Frame Differencing,0
2026-07-08 17:42:49.747,435,NO MOTION,Frame Differencing,0
2026-07-08 17:42:49.762,436,NO MOTION,Frame Differencing,0
2026-07-08 17:42:49.776,437,NO MOTION,Frame Differencing,0
2026-07-08 17:42:49.797,438,NO MOTION,Frame Differencing,0
2026-07-08 17:42:49.822,439,NO MOTION,Frame Differencing,0
2026-07-08 17:42:49.838,440,NO MOTION,Frame Differencing,0
2026-07-08 17:42:49.853,441,NO MOTION,Frame Differencing,0
2026-07-08 17:42:49.870,442,NO MOTION,Frame Differencing,0
2026-07-08 17:42:49.885,443,NO MOTION,Frame Differencing,0
2026-07-08 17:42:49.905,444,NO MOTION,Frame Differencing,0
2026-07-08 17:42:49.933,445,NO MOTION,Frame Differencing,0
2026-07-08 17:42:49.948,446,NO MOTION,Frame Differencing,0
2026-07-08 17:42:49.961,447,NO MOTION,Frame Differencing,0
2026-07-08 17:42:49.975,448,NO MOTION,Frame Differencing,0
2026-07-08 17:42:49.995,449,NO MOTION,Frame Differencing,0
2026-07-08 17:42:50.010,450,NO MOTION,Frame Differencing,0
2026-07-08 17:42:50.029,451,NO MOTION,Frame Differencing,0
2026-07-08 17:42:50.045,452,NO MOTION,Frame Differencing,0
2026-07-08 17:42:50.061,453,NO MOTION,Frame Differencing,0
2026-07-08 17:42:50.078,454,NO MOTION,Frame Differencing,0
2026-07-08 17:42:50.094,455,NO MOTION,Frame Differencing,0
2026-07-08 17:42:50.110,456,NO MOTION,Frame Differencing,0
2026-07-08 17:42:50.132,457,MOTION DETECTED,Frame Differencing,1
2026-07-08 17:42:50.150,458,MOTION DETECTED,Frame Differencing,1
2026-07-08 17:42:50.164,459,NO MOTION,Frame Differencing,0
2026-07-08 17:42:50.217,460,MOTION DETECTED,Frame Differencing,1
2026-07-08 17:42:50.251,461,MOTION DETECTED,Frame Differencing,1
2026-07-08 17:42:50.266,462,NO MOTION,Frame Differencing,0
2026-07-08 17:42:50.285,463,MOTION DETECTED,Frame Differencing,1
2026-07-08 17:42:50.300,464,NO MOTION,Frame Differencing,0
2026-07-08 17:42:50.316,465,NO MOTION,Frame Differencing,0
2026-07-08 17:42:50.335,466,NO MOTION,Frame Differencing,0
2026-07-08 17:42:50.350,467,NO MOTION,Frame Differencing,0
2026-07-08 17:42:50.362,468,NO MOTION,Frame Differencing,0
2026-07-08 17:42:50.375,469,NO MOTION,Frame Differencing,0
2026-07-08 17:42:50.400,470,NO MOTION,Frame Differencing,0
2026-07-08 17:42:50.416,471,NO MOTION,Frame Differencing,0
2026-07-08 17:42:50.428,472,NO MOTION,Frame Differencing,0
2026-07-08 17:42:50.448,473,NO MOTION,Frame Differencing,0
2026-07-08 17:42:50.462,474,NO MOTION,Frame Differencing,0
2026-07-08 17:42:50.475,475,NO MOTION,Frame Differencing,0
2026-07-08 17:42:50.496,476,NO MOTION,Frame Differencing,0
2026-07-08 17:42:50.511,477,NO MOTION,Frame Differencing,0
2026-07-08 17:42:50.527,478,NO MOTION,Frame Differencing,0
2026-07-08 17:42:50.544,479,NO MOTION,Frame Differencing,0
2026-07-08 17:42:50.557,480,NO MOTION,Frame Differencing,0
2026-07-08 17:42:50.609,481,MOTION DETECTED,Frame Differencing,1
2026-07-08 17:42:50.632,482,MOTION DETECTED,Frame Differencing,1
2026-07-08 17:42:50.650,483,NO MOTION,Frame Differencing,0
2026-07-08 17:42:50.674,484,MOTION DETECTED,Frame Differencing,1
2026-07-08 17:42:50.690,485,NO MOTION,Frame Differencing,0
2026-07-08 17:42:50.710,486,NO MOTION,Frame Differencing,0
2026-07-08 17:42:50.732,487,MOTION DETECTED,Frame Differencing,1
2026-07-08 17:42:50.747,488,NO MOTION,Frame Differencing,0
2026-07-08 17:42:50.761,489,NO MOTION,Frame Differencing,0
2026-07-08 17:42:50.776,490,NO MOTION,Frame Differencing,0
2026-07-08 17:42:50.795,491,NO MOTION,Frame Differencing,0
2026-07-08 17:42:50.808,492,NO MOTION,Frame Differencing,0
2026-07-08 17:42:50.825,493,NO MOTION,Frame Differencing,0
2026-07-08 17:42:50.850,494,NO MOTION,Frame Differencing,0
2026-07-08 17:42:50.863,495,NO MOTION,Frame Differencing,0
2026-07-08 17:42:50.877,496,NO MOTION,Frame Differencing,0
2026-07-08 17:42:50.888,497,NO MOTION,Frame Differencing,0
2026-07-08 17:42:50.902,498,NO MOTION,Frame Differencing,0
2026-07-08 17:42:50.915,499,NO MOTION,Frame Differencing,0
2026-07-08 17:42:50.931,500,NO MOTION,Frame Differencing,0
2026-07-08 17:42:50.945,501,NO MOTION,Frame Differencing,0
2026-07-08 17:42:50.958,502,NO MOTION,Frame Differencing,0
2026-07-08 17:42:50.975,503,NO MOTION,Frame Differencing,0
2026-07-08 17:42:50.990,504,NO MOTION,Frame Differencing,0
2026-07-08 17:42:51.006,505,NO MOTION,Frame Differencing,0
2026-07-08 17:42:51.021,506,NO MOTION,Frame Differencing,0
2026-07-08 17:42:51.034,507,NO MOTION,Frame Differencing,0
2026-07-08 17:42:51.046,508,NO MOTION,Frame Differencing,0
2026-07-08 17:42:51.060,509,NO MOTION,Frame Differencing,0
2026-07-08 17:42:51.073,510,NO MOTION,Frame Differencing,0
2026-07-08 17:42:51.085,511,NO MOTION,Frame Differencing,0
2026-07-08 17:42:51.098,512,NO MOTION,Frame Differencing,0
2026-07-08 17:42:51.112,513,NO MOTION,Frame Differencing,0
2026-07-08 17:42:51.125,514,NO MOTION,Frame Differencing,0
2026-07-08 17:42:51.137,515,NO MOTION,Frame Differencing,0
2026-07-08 17:42:51.150,516,NO MOTION,Frame Differencing,0
2026-07-08 17:42:51.164,517,NO MOTION,Frame Differencing,0
2026-07-08 17:42:51.179,518,NO MOTION,Frame Differencing,0
2026-07-08 17:42:51.193,519,NO MOTION,Frame Differencing,0
2026-07-08 17:42:51.206,520,NO MOTION,Frame Differencing,0
2026-07-08 17:42:51.218,521,NO MOTION,Frame Differencing,0
2026-07-08 17:42:51.230,522,NO MOTION,Frame Differencing,0
2026-07-08 17:42:51.244,523,NO MOTION,Frame Differencing,0
2026-07-08 17:42:51.258,524,NO MOTION,Frame Differencing,0
2026-07-08 17:42:51.270,525,NO MOTION,Frame Differencing,0
2026-07-08 17:42:51.283,526,NO MOTION,Frame Differencing,0
2026-07-08 17:42:51.311,527,NO MOTION,Frame Differencing,0
2026-07-08 17:42:51.324,528,NO MOTION,Frame Differencing,0
2026-07-08 17:42:51.337,529,NO MOTION,Frame Differencing,0
2026-07-08 17:42:51.367,530,NO MOTION,Frame Differencing,0
2026-07-08 17:42:51.379,531,NO MOTION,Frame Differencing,0
2026-07-08 17:42:51.392,532,NO MOTION,Frame Differencing,0
2026-07-08 17:42:51.406,533,NO MOTION,Frame Differencing,0
2026-07-08 17:42:51.419,534,NO MOTION,Frame Differencing,0
2026-07-08 17:42:51.431,535,NO MOTION,Frame Differencing,0
2026-07-08 17:42:51.445,536,NO MOTION,Frame Differencing,0
2026-07-08 17:42:51.458,537,NO MOTION,Frame Differencing,0
2026-07-08 17:42:51.472,538,NO MOTION,Frame Differencing,0
2026-07-08 17:42:51.484,539,NO MOTION,Frame Differencing,0
2026-07-08 17:42:51.497,540,NO MOTION,Frame Differencing,0
2026-07-08 17:42:51.509,541,NO MOTION,Frame Differencing,0
2026-07-08 17:42:51.523,542,NO MOTION,Frame Differencing,0
2026-07-08 17:42:51.537,543,NO MOTION,Frame Differencing,0
2026-07-08 17:42:51.549,544,NO MOTION,Frame Differencing,0
2026-07-08 17:42:51.563,545,NO MOTION,Frame Differencing,0
2026-07-08 17:42:51.576,546,NO MOTION,Frame Differencing,0
2026-07-08 17:42:51.588,547,NO MOTION,Frame Differencing,0
2026-07-08 17:42:51.606,548,NO MOTION,Frame Differencing,0
2026-07-08 17:42:51.623,549,NO MOTION,Frame Differencing,0
2026-07-08 17:42:51.637,550,MOTION DETECTED,Frame Differencing,2
2026-07-08 17:42:51.691,551,MOTION DETECTED,Frame Differencing,2
2026-07-08 17:42:51.714,552,MOTION DETECTED,Frame Differencing,1
2026-07-08 17:42:51.732,553,MOTION DETECTED,Frame Differencing,2
2026-07-08 17:42:51.752,554,MOTION DETECTED,Frame Differencing,2
2026-07-08 17:42:51.766,555,NO MOTION,Frame Differencing,0
2026-07-08 17:42:51.785,556,MOTION DETECTED,Frame Differencing,2
2026-07-08 17:42:51.802,557,MOTION DETECTED,Frame Differencing,1
2026-07-08 17:42:51.817,558,NO MOTION,Frame Differencing,0
2026-07-08 17:42:51.834,559,MOTION DETECTED,Frame Differencing,1
2026-07-08 17:42:51.852,560,MOTION DETECTED,Frame Differencing,1
2026-07-08 17:42:51.865,561,NO MOTION,Frame Differencing,0
2026-07-08 17:42:51.883,562,MOTION DETECTED,Frame Differencing,1
2026-07-08 17:42:51.901,563,MOTION DETECTED,Frame Differencing,2
2026-07-08 17:42:51.915,564,NO MOTION,Frame Differencing,0
2026-07-08 17:42:51.930,565,NO MOTION,Frame Differencing,0
2026-07-08 17:42:51.946,566,NO MOTION,Frame Differencing,0
2026-07-08 17:42:51.958,567,NO MOTION,Frame Differencing,0
2026-07-08 17:42:51.971,568,NO MOTION,Frame Differencing,0
2026-07-08 17:42:51.983,569,NO MOTION,Frame Differencing,0
2026-07-08 17:42:51.997,570,NO MOTION,Frame Differencing,0
2026-07-08 17:42:52.011,571,NO MOTION,Frame Differencing,0
2026-07-08 17:42:52.025,572,NO MOTION,Frame Differencing,0
2026-07-08 17:42:52.036,573,NO MOTION,Frame Differencing,0
2026-07-08 17:42:52.058,574,NO MOTION,Frame Differencing,0
2026-07-08 17:42:52.071,575,NO MOTION,Frame Differencing,0
2026-07-08 17:42:52.084,576,NO MOTION,Frame Differencing,0
2026-07-08 17:42:52.100,577,MOTION DETECTED,Frame Differencing,1
2026-07-08 17:42:52.129,578,MOTION DETECTED,Frame Differencing,1
2026-07-08 17:42:52.154,579,NO MOTION,Frame Differencing,0
2026-07-08 17:42:52.167,580,NO MOTION,Frame Differencing,0
2026-07-08 17:42:52.180,581,NO MOTION,Frame Differencing,0
2026-07-08 17:42:52.193,582,NO MOTION,Frame Differencing,0
2026-07-08 17:42:52.205,583,NO MOTION,Frame Differencing,0
2026-07-08 17:42:52.227,584,NO MOTION,Frame Differencing,0
2026-07-08 17:42:52.243,585,NO MOTION,Frame Differencing,0
2026-07-08 17:42:52.267,586,NO MOTION,Frame Differencing,0
2026-07-08 17:42:52.284,587,NO MOTION,Frame Differencing,0
2026-07-08 17:42:52.295,588,NO MOTION,Frame Differencing,0
2026-07-08 17:42:52.314,589,NO MOTION,Frame Differencing,0
2026-07-08 17:42:52.327,590,NO MOTION,Frame Differencing,0
2026-07-08 17:42:52.347,591,NO MOTION,Frame Differencing,0
2026-07-08 17:42:52.382,592,NO MOTION,Frame Differencing,0
2026-07-08 17:42:52.395,593,NO MOTION,Frame Differencing,0
2026-07-08 17:42:52.412,594,NO MOTION,Frame Differencing,0
2026-07-08 17:42:52.426,595,NO MOTION,Frame Differencing,0
2026-07-08 17:42:52.445,596,NO MOTION,Frame Differencing,0
2026-07-08 17:42:52.461,597,NO MOTION,Frame Differencing,0
2026-07-08 17:42:52.476,598,NO MOTION,Frame Differencing,0
2026-07-08 17:42:52.492,599,NO MOTION,Frame Differencing,0
2026-07-08 17:42:52.508,600,NO MOTION,Frame Differencing,0
2026-07-08 17:42:52.524,601,NO MOTION,Frame Differencing,0
2026-07-08 17:42:52.556,602,NO MOTION,Frame Differencing,0
2026-07-08 17:42:52.569,603,NO MOTION,Frame Differencing,0
2026-07-08 17:42:52.586,604,NO MOTION,Frame Differencing,0
2026-07-08 17:42:52.604,605,NO MOTION,Frame Differencing,0
2026-07-08 17:42:52.620,606,NO MOTION,Frame Differencing,0
2026-07-08 17:42:52.636,607,NO MOTION,Frame Differencing,0
2026-07-08 17:42:52.657,608,MOTION DETECTED,Frame Differencing,1
2026-07-08 17:42:52.678,609,NO MOTION,Frame Differencing,0
2026-07-08 17:42:52.693,610,NO MOTION,Frame Differencing,0
2026-07-08 17:42:52.706,611,NO MOTION,Frame Differencing,0
2026-07-08 17:42:52.721,612,NO MOTION,Frame Differencing,0
2026-07-08 17:42:52.740,613,NO MOTION,Frame Differencing,0
2026-07-08 17:42:52.756,614,NO MOTION,Frame Differencing,0
2026-07-08 17:42:52.772,615,NO MOTION,Frame Differencing,0
2026-07-08 17:42:52.790,616,NO MOTION,Frame Differencing,0
2026-07-08 17:42:52.806,617,NO MOTION,Frame Differencing,0
2026-07-08 17:42:52.821,618,NO MOTION,Frame Differencing,0
2026-07-08 17:42:52.839,619,NO MOTION,Frame Differencing,0
2026-07-08 17:42:52.854,620,NO MOTION,Frame Differencing,0
2026-07-08 17:42:52.869,621,NO MOTION,Frame Differencing,0
2026-07-08 17:42:52.886,622,NO MOTION,Frame Differencing,0
2026-07-08 17:42:52.901,623,NO MOTION,Frame Differencing,0
2026-07-08 17:42:52.919,624,NO MOTION,Frame Differencing,0
2026-07-08 17:42:52.933,625,NO MOTION,Frame Differencing,0
2026-07-08 17:42:52.950,626,NO MOTION,Frame Differencing,0
2026-07-08 17:42:52.962,627,NO MOTION,Frame Differencing,0
2026-07-08 17:42:52.976,628,NO MOTION,Frame Differencing,0
2026-07-08 17:42:52.998,629,NO MOTION,Frame Differencing,0
2026-07-08 17:42:53.015,630,NO MOTION,Frame Differencing,0
2026-07-08 17:42:53.031,631,NO MOTION,Frame Differencing,0
2026-07-08 17:42:53.050,632,MOTION DETECTED,Frame Differencing,1
2026-07-08 17:42:53.062,633,NO MOTION,Frame Differencing,0
2026-07-08 17:42:53.084,634,MOTION DETECTED,Frame Differencing,1
2026-07-08 17:42:53.100,635,MOTION DETECTED,Frame Differencing,1
2026-07-08 17:42:53.147,636,MOTION DETECTED,Frame Differencing,1
2026-07-08 17:42:53.169,637,MOTION DETECTED,Frame Differencing,1
2026-07-08 17:42:53.194,638,MOTION DETECTED,Frame Differencing,1
2026-07-08 17:42:53.206,639,NO MOTION,Frame Differencing,0
2026-07-08 17:42:53.223,640,MOTION DETECTED,Frame Differencing,1
2026-07-08 17:42:53.256,641,MOTION DETECTED,Frame Differencing,1
2026-07-08 17:42:53.278,642,NO MOTION,Frame Differencing,0
2026-07-08 17:42:53.293,643,NO MOTION,Frame Differencing,0
2026-07-08 17:42:53.309,644,NO MOTION,Frame Differencing,0
2026-07-08 17:42:53.325,645,NO MOTION,Frame Differencing,0
2026-07-08 17:42:53.351,646,NO MOTION,Frame Differencing,0
2026-07-08 17:42:53.367,647,NO MOTION,Frame Differencing,0
2026-07-08 17:42:53.383,648,NO MOTION,Frame Differencing,0
2026-07-08 17:42:53.396,649,NO MOTION,Frame Differencing,0
2026-07-08 17:42:53.420,650,NO MOTION,Frame Differencing,0
2026-07-08 17:42:53.435,651,NO MOTION,Frame Differencing,0
2026-07-08 17:42:53.458,652,NO MOTION,Frame Differencing,0
2026-07-08 17:42:53.475,653,NO MOTION,Frame Differencing,0
2026-07-08 17:42:53.492,654,NO MOTION,Frame Differencing,0
2026-07-08 17:42:53.507,655,NO MOTION,Frame Differencing,0
2026-07-08 17:42:53.525,656,NO MOTION,Frame Differencing,0
2026-07-08 17:42:53.541,657,NO MOTION,Frame Differencing,0
2026-07-08 17:42:53.556,658,NO MOTION,Frame Differencing,0
2026-07-08 17:42:53.573,659,NO MOTION,Frame Differencing,0
2026-07-08 17:42:53.588,660,NO MOTION,Frame Differencing,0
2026-07-08 17:42:53.605,661,NO MOTION,Frame Differencing,0
2026-07-08 17:42:53.620,662,NO MOTION,Frame Differencing,0
2026-07-08 17:42:53.635,663,NO MOTION,Frame Differencing,0
2026-07-08 17:42:53.651,664,NO MOTION,Frame Differencing,0
2026-07-08 17:42:53.663,665,NO MOTION,Frame Differencing,0
2026-07-08 17:42:53.683,666,NO MOTION,Frame Differencing,0
2026-07-08 17:42:53.700,667,NO MOTION,Frame Differencing,0
2026-07-08 17:42:53.715,668,NO MOTION,Frame Differencing,0
2026-07-08 17:42:53.731,669,NO MOTION,Frame Differencing,0
2026-07-08 17:42:53.744,670,NO MOTION,Frame Differencing,0
2026-07-08 17:42:53.764,671,NO MOTION,Frame Differencing,0
2026-07-08 17:42:53.780,672,NO MOTION,Frame Differencing,0
2026-07-08 17:42:53.792,673,NO MOTION,Frame Differencing,0
2026-07-08 17:42:53.821,674,NO MOTION,Frame Differencing,0
2026-07-08 17:42:53.837,675,NO MOTION,Frame Differencing,0
2026-07-08 17:42:53.852,676,NO MOTION,Frame Differencing,0
2026-07-08 17:42:53.868,677,NO MOTION,Frame Differencing,0
2026-07-08 17:42:53.885,678,NO MOTION,Frame Differencing,0
2026-07-08 17:42:53.901,679,NO MOTION,Frame Differencing,0
2026-07-08 17:42:53.913,680,NO MOTION,Frame Differencing,0
2026-07-08 17:42:53.934,681,NO MOTION,Frame Differencing,0
2026-07-08 17:42:53.949,682,NO MOTION,Frame Differencing,0
2026-07-08 17:42:53.964,683,NO MOTION,Frame Differencing,0
2026-07-08 17:42:53.981,684,NO MOTION,Frame Differencing,0
2026-07-08 17:42:53.998,685,NO MOTION,Frame Differencing,0
2026-07-08 17:42:54.013,686,NO MOTION,Frame Differencing,0
2026-07-08 17:42:54.031,687,NO MOTION,Frame Differencing,0
2026-07-08 17:42:54.045,688,NO MOTION,Frame Differencing,0
2026-07-08 17:42:54.061,689,NO MOTION,Frame Differencing,0
2026-07-08 17:42:54.077,690,NO MOTION,Frame Differencing,0
2026-07-08 17:42:54.091,691,NO MOTION,Frame Differencing,0
2026-07-08 17:42:54.103,692,NO MOTION,Frame Differencing,0
2026-07-08 17:42:54.118,693,NO MOTION,Frame Differencing,0
2026-07-08 17:42:54.135,694,MOTION DETECTED,Frame Differencing,1
2026-07-08 17:42:54.152,695,MOTION DETECTED,Frame Differencing,1
2026-07-08 17:42:54.165,696,NO MOTION,Frame Differencing,0
2026-07-08 17:42:54.179,697,NO MOTION,Frame Differencing,0
2026-07-08 17:42:54.195,698,NO MOTION,Frame Differencing,0
2026-07-08 17:42:54.208,699,NO MOTION,Frame Differencing,0
2026-07-08 17:42:54.222,700,NO MOTION,Frame Differencing,0
2026-07-08 17:42:54.235,701,NO MOTION,Frame Differencing,0
2026-07-08 17:42:54.247,702,NO MOTION,Frame Differencing,0
2026-07-08 17:42:54.261,703,NO MOTION,Frame Differencing,0
2026-07-08 17:42:54.273,704,NO MOTION,Frame Differencing,0
2026-07-08 17:42:54.287,705,NO MOTION,Frame Differencing,0
2026-07-08 17:42:54.300,706,NO MOTION,Frame Differencing,0
2026-07-08 17:42:54.315,707,NO MOTION,Frame Differencing,0
2026-07-08 17:42:54.329,708,NO MOTION,Frame Differencing,0
2026-07-08 17:42:54.344,709,NO MOTION,Frame Differencing,0
2026-07-08 17:42:54.355,710,NO MOTION,Frame Differencing,0
2026-07-08 17:42:54.369,711,NO MOTION,Frame Differencing,0
2026-07-08 17:42:54.382,712,NO MOTION,Frame Differencing,0
2026-07-08 17:42:54.391,713,NO MOTION,Frame Differencing,0
2026-07-08 17:42:54.415,714,NO MOTION,Frame Differencing,0
2026-07-08 17:42:54.432,715,MOTION DETECTED,Frame Differencing,1
2026-07-08 17:42:54.480,716,MOTION DETECTED,Frame Differencing,1
2026-07-08 17:42:54.494,717,NO MOTION,Frame Differencing,0
2026-07-08 17:42:54.506,718,NO MOTION,Frame Differencing,0
2026-07-08 17:42:54.523,719,NO MOTION,Frame Differencing,0
2026-07-08 17:42:54.537,720,NO MOTION,Frame Differencing,0
2026-07-08 17:42:54.550,721,NO MOTION,Frame Differencing,0
2026-07-08 17:42:54.561,722,NO MOTION,Frame Differencing,0
2026-07-08 17:42:54.577,723,NO MOTION,Frame Differencing,0
2026-07-08 17:42:54.587,724,NO MOTION,Frame Differencing,0
2026-07-08 17:42:54.602,725,NO MOTION,Frame Differencing,0
2026-07-08 17:42:54.615,726,NO MOTION,Frame Differencing,0
2026-07-08 17:42:54.627,727,NO MOTION,Frame Differencing,0
2026-07-08 17:42:54.638,728,NO MOTION,Frame Differencing,0
2026-07-08 17:42:54.655,729,NO MOTION,Frame Differencing,0
2026-07-08 17:42:54.667,730,NO MOTION,Frame Differencing,0
2026-07-08 17:42:54.679,731,NO MOTION,Frame Differencing,0
2026-07-08 17:42:54.691,732,NO MOTION,Frame Differencing,0
2026-07-08 17:42:54.719,733,MOTION DETECTED,Frame Differencing,2
2026-07-08 17:42:54.735,734,MOTION DETECTED,Frame Differencing,1
2026-07-08 17:42:54.753,735,NO MOTION,Frame Differencing,0
2026-07-08 17:42:54.770,736,MOTION DETECTED,Frame Differencing,1
2026-07-08 17:42:54.818,737,MOTION DETECTED,Frame Differencing,1
2026-07-08 17:42:54.832,738,NO MOTION,Frame Differencing,0
2026-07-08 17:42:54.846,739,NO MOTION,Frame Differencing,0
2026-07-08 17:42:54.854,740,NO MOTION,Frame Differencing,0
2026-07-08 17:42:54.870,741,NO MOTION,Frame Differencing,0
2026-07-08 17:42:54.883,742,NO MOTION,Frame Differencing,0
2026-07-08 17:42:54.897,743,NO MOTION,Frame Differencing,0
2026-07-08 17:42:54.910,744,NO MOTION,Frame Differencing,0
2026-07-08 17:42:54.925,745,NO MOTION,Frame Differencing,0
2026-07-08 17:42:54.943,746,MOTION DETECTED,Frame Differencing,1
2026-07-08 17:42:54.965,747,NO MOTION,Frame Differencing,0
2026-07-08 17:42:54.980,748,MOTION DETECTED,Frame Differencing,1
2026-07-08 17:42:54.998,749,MOTION DETECTED,Frame Differencing,2
2026-07-08 17:42:55.012,750,NO MOTION,Frame Differencing,0
2026-07-08 17:42:55.029,751,MOTION DETECTED,Frame Differencing,3
2026-07-08 17:42:55.046,752,MOTION DETECTED,Frame Differencing,2
2026-07-08 17:42:55.062,753,NO MOTION,Frame Differencing,0
2026-07-08 17:42:55.079,754,NO MOTION,Frame Differencing,0
2026-07-08 17:42:55.094,755,NO MOTION,Frame Differencing,0
2026-07-08 17:42:55.109,756,NO MOTION,Frame Differencing,0
2026-07-08 17:42:55.131,757,MOTION DETECTED,Frame Differencing,1
2026-07-08 17:42:55.150,758,MOTION DETECTED,Frame Differencing,1
2026-07-08 17:42:55.168,759,MOTION DETECTED,Frame Differencing,1
2026-07-08 17:42:55.185,760,MOTION DETECTED,Frame Differencing,1
2026-07-08 17:42:55.208,761,MOTION DETECTED,Frame Differencing,3
2026-07-08 17:42:55.220,762,NO MOTION,Frame Differencing,0
2026-07-08 17:42:55.240,763,MOTION DETECTED,Frame Differencing,3
2026-07-08 17:42:55.261,764,MOTION DETECTED,Frame Differencing,2
2026-07-08 17:42:55.276,765,NO MOTION,Frame Differencing,0
2026-07-08 17:42:55.293,766,NO MOTION,Frame Differencing,0
2026-07-08 17:42:55.309,767,NO MOTION,Frame Differencing,0
2026-07-08 17:42:55.324,768,NO MOTION,Frame Differencing,0
2026-07-08 17:42:55.344,769,NO MOTION,Frame Differencing,0
2026-07-08 17:42:55.362,770,NO MOTION,Frame Differencing,0
2026-07-08 17:42:55.381,771,NO MOTION,Frame Differencing,0
2026-07-08 17:42:55.397,772,NO MOTION,Frame Differencing,0
2026-07-08 17:42:55.413,773,NO MOTION,Frame Differencing,0
2026-07-08 17:42:55.430,774,NO MOTION,Frame Differencing,0
2026-07-08 17:42:55.445,775,NO MOTION,Frame Differencing,0
2026-07-08 17:42:55.459,776,NO MOTION,Frame Differencing,0
2026-07-08 17:42:55.476,777,NO MOTION,Frame Differencing,0
2026-07-08 17:42:55.492,778,NO MOTION,Frame Differencing,0
2026-07-08 17:42:55.508,779,NO MOTION,Frame Differencing,0
2026-07-08 17:42:55.523,780,NO MOTION,Frame Differencing,0
2026-07-08 17:42:55.542,781,NO MOTION,Frame Differencing,0
2026-07-08 17:42:55.559,782,NO MOTION,Frame Differencing,0
2026-07-08 17:42:55.571,783,NO MOTION,Frame Differencing,0
2026-07-08 17:42:55.589,784,NO MOTION,Frame Differencing,0
2026-07-08 17:42:55.600,785,NO MOTION,Frame Differencing,0
2026-07-08 17:42:55.616,786,NO MOTION,Frame Differencing,0
2026-07-08 17:42:55.639,787,NO MOTION,Frame Differencing,0
2026-07-08 17:42:55.655,788,NO MOTION,Frame Differencing,0
2026-07-08 17:42:55.666,789,NO MOTION,Frame Differencing,0
2026-07-08 17:42:55.685,790,NO MOTION,Frame Differencing,0
2026-07-08 17:42:55.700,791,NO MOTION,Frame Differencing,0
2026-07-08 17:42:55.713,792,NO MOTION,Frame Differencing,0
2026-07-08 17:42:55.726,793,NO MOTION,Frame Differencing,0
2026-07-08 17:42:55.741,794,NO MOTION,Frame Differencing,0
2026-07-08 17:42:55.760,795,NO MOTION,Frame Differencing,0
2026-07-08 17:42:55.781,796,NO MOTION,Frame Differencing,0
2026-07-08 17:42:55.805,797,NO MOTION,Frame Differencing,0
2026-07-08 17:42:55.827,798,NO MOTION,Frame Differencing,0
2026-07-08 17:42:55.841,799,NO MOTION,Frame Differencing,0
2026-07-08 17:42:55.856,800,NO MOTION,Frame Differencing,0
2026-07-08 17:42:55.875,801,NO MOTION,Frame Differencing,0
2026-07-08 17:42:55.890,802,NO MOTION,Frame Differencing,0
2026-07-08 17:42:55.907,803,NO MOTION,Frame Differencing,0
2026-07-08 17:42:55.923,804,NO MOTION,Frame Differencing,0
2026-07-08 17:42:55.945,805,MOTION DETECTED,Frame Differencing,1
2026-07-08 17:42:55.977,806,MOTION DETECTED,Frame Differencing,1
2026-07-08 17:42:56.007,807,NO MOTION,Frame Differencing,0
2026-07-08 17:42:56.028,808,MOTION DETECTED,Frame Differencing,1
2026-07-08 17:42:56.057,809,NO MOTION,Frame Differencing,0
2026-07-08 17:42:56.074,810,NO MOTION,Frame Differencing,0
2026-07-08 17:42:56.089,811,NO MOTION,Frame Differencing,0
2026-07-08 17:42:56.107,812,NO MOTION,Frame Differencing,0
2026-07-08 17:42:56.127,813,NO MOTION,Frame Differencing,0
2026-07-08 17:42:56.144,814,NO MOTION,Frame Differencing,0
2026-07-08 17:42:56.157,815,NO MOTION,Frame Differencing,0
2026-07-08 17:42:56.175,816,NO MOTION,Frame Differencing,0
2026-07-08 17:42:56.190,817,NO MOTION,Frame Differencing,0
2026-07-08 17:42:56.225,818,NO MOTION,Frame Differencing,0
2026-07-08 17:42:56.240,819,NO MOTION,Frame Differencing,0
2026-07-08 17:42:56.292,820,MOTION DETECTED,Frame Differencing,1
2026-07-08 17:42:56.314,821,MOTION DETECTED,Frame Differencing,1
2026-07-08 17:42:56.334,822,NO MOTION,Frame Differencing,0
2026-07-08 17:42:56.356,823,NO MOTION,Frame Differencing,0
2026-07-08 17:42:56.377,824,NO MOTION,Frame Differencing,0
2026-07-08 17:42:56.395,825,NO MOTION,Frame Differencing,0
2026-07-08 17:42:56.414,826,NO MOTION,Frame Differencing,0
2026-07-08 17:42:56.435,827,NO MOTION,Frame Differencing,0
2026-07-08 17:42:56.477,828,NO MOTION,Frame Differencing,0
2026-07-08 17:42:56.497,829,NO MOTION,Frame Differencing,0
2026-07-08 17:42:56.532,830,NO MOTION,Frame Differencing,0
2026-07-08 17:42:56.558,831,NO MOTION,Frame Differencing,0
2026-07-08 17:42:56.574,832,NO MOTION,Frame Differencing,0
2026-07-08 17:42:56.590,833,NO MOTION,Frame Differencing,0
2026-07-08 17:42:56.600,834,NO MOTION,Frame Differencing,0
2026-07-08 17:42:56.613,835,NO MOTION,Frame Differencing,0
2026-07-08 17:42:56.629,836,NO MOTION,Frame Differencing,0
2026-07-08 17:42:56.650,837,NO MOTION,Frame Differencing,0
2026-07-08 17:42:56.665,838,NO MOTION,Frame Differencing,0
2026-07-08 17:42:56.679,839,NO MOTION,Frame Differencing,0
2026-07-08 17:42:56.692,840,NO MOTION,Frame Differencing,0
2026-07-08 17:42:56.709,841,MOTION DETECTED,Frame Differencing,1
2026-07-08 17:42:56.725,842,NO MOTION,Frame Differencing,0
2026-07-08 17:42:56.740,843,NO MOTION,Frame Differencing,0
2026-07-08 17:42:56.753,844,NO MOTION,Frame Differencing,0
2026-07-08 17:42:56.768,845,NO MOTION,Frame Differencing,0
2026-07-08 17:42:56.780,846,NO MOTION,Frame Differencing,0
2026-07-08 17:42:56.793,847,NO MOTION,Frame Differencing,0
2026-07-08 17:42:56.807,848,NO MOTION,Frame Differencing,0
2026-07-08 17:42:56.825,849,NO MOTION,Frame Differencing,0
2026-07-08 17:42:56.836,850,NO MOTION,Frame Differencing,0
2026-07-08 17:42:56.850,851,NO MOTION,Frame Differencing,0
2026-07-08 17:42:56.864,852,NO MOTION,Frame Differencing,0
2026-07-08 17:42:56.875,853,NO MOTION,Frame Differencing,0
2026-07-08 17:42:56.892,854,NO MOTION,Frame Differencing,0
2026-07-08 17:42:56.902,855,NO MOTION,Frame Differencing,0
2026-07-08 17:42:56.932,856,NO MOTION,Frame Differencing,0
2026-07-08 17:42:56.945,857,NO MOTION,Frame Differencing,0
2026-07-08 17:42:56.959,858,NO MOTION,Frame Differencing,0
2026-07-08 17:42:56.971,859,NO MOTION,Frame Differencing,0
2026-07-08 17:42:56.987,860,NO MOTION,Frame Differencing,0
2026-07-08 17:42:56.994,861,NO MOTION,Frame Differencing,0
2026-07-08 17:42:57.011,862,NO MOTION,Frame Differencing,0
2026-07-08 17:42:57.025,863,NO MOTION,Frame Differencing,0
2026-07-08 17:42:57.037,864,NO MOTION,Frame Differencing,0
2026-07-08 17:42:57.051,865,NO MOTION,Frame Differencing,0
2026-07-08 17:42:57.063,866,NO MOTION,Frame Differencing,0
2026-07-08 17:42:57.072,867,NO MOTION,Frame Differencing,0
2026-07-08 17:42:57.092,868,NO MOTION,Frame Differencing,0
2026-07-08 17:42:57.104,869,NO MOTION,Frame Differencing,0
2026-07-08 17:42:57.117,870,NO MOTION,Frame Differencing,0
2026-07-08 17:42:57.127,871,NO MOTION,Frame Differencing,0
2026-07-08 17:42:57.138,872,NO MOTION,Frame Differencing,0
2026-07-08 17:42:57.158,873,NO MOTION,Frame Differencing,0
2026-07-08 17:42:57.171,874,NO MOTION,Frame Differencing,0
2026-07-08 17:42:57.184,875,NO MOTION,Frame Differencing,0
2026-07-08 17:42:57.196,876,NO MOTION,Frame Differencing,0
2026-07-08 17:42:57.207,877,NO MOTION,Frame Differencing,0
2026-07-08 17:42:57.223,878,NO MOTION,Frame Differencing,0
2026-07-08 17:42:57.235,879,NO MOTION,Frame Differencing,0
2026-07-08 17:42:57.247,880,NO MOTION,Frame Differencing,0
2026-07-08 17:42:57.259,881,NO MOTION,Frame Differencing,0
2026-07-08 17:42:57.275,882,NO MOTION,Frame Differencing,0
2026-07-08 17:42:57.288,883,NO MOTION,Frame Differencing,0
2026-07-08 17:42:57.301,884,NO MOTION,Frame Differencing,0
2026-07-08 17:42:57.308,885,NO MOTION,Frame Differencing,0
2026-07-08 17:42:57.316,886,NO MOTION,Frame Differencing,0
2026-07-08 17:42:57.370,887,MOTION DETECTED,Frame Differencing,1
2026-07-08 17:42:57.386,888,NO MOTION,Frame Differencing,0
2026-07-08 17:42:57.400,889,NO MOTION,Frame Differencing,0
2026-07-08 17:42:57.413,890,NO MOTION,Frame Differencing,0
2026-07-08 17:42:57.425,891,NO MOTION,Frame Differencing,0
2026-07-08 17:42:57.442,892,NO MOTION,Frame Differencing,0
2026-07-08 17:42:57.458,893,NO MOTION,Frame Differencing,0
2026-07-08 17:42:57.472,894,NO MOTION,Frame Differencing,0
2026-07-08 17:42:57.508,895,NO MOTION,Frame Differencing,0
2026-07-08 17:42:57.520,896,NO MOTION,Frame Differencing,0
2026-07-08 17:42:57.532,897,NO MOTION,Frame Differencing,0
2026-07-08 17:43:10.850,1,NO MOTION,Background Subtraction (MOG2),0
2026-07-08 17:43:10.918,2,NO MOTION,Background Subtraction (MOG2),0
2026-07-08 17:43:10.945,3,NO MOTION,Background Subtraction (MOG2),0
2026-07-08 17:43:10.968,4,NO MOTION,Background Subtraction (MOG2),0
2026-07-08 17:43:11.003,5,NO MOTION,Background Subtraction (MOG2),0
2026-07-08 17:43:11.026,6,NO MOTION,Background Subtraction (MOG2),0
2026-07-08 17:43:11.051,7,NO MOTION,Background Subtraction (MOG2),0
2026-07-08 17:43:11.076,8,NO MOTION,Background Subtraction (MOG2),0
2026-07-08 17:43:11.106,9,NO MOTION,Background Subtraction (MOG2),0
2026-07-08 17:43:11.171,10,MOTION DETECTED,Background Subtraction (MOG2),1
2026-07-08 17:43:11.211,11,MOTION DETECTED,Background Subtraction (MOG2),1
2026-07-08 17:43:11.238,12,NO MOTION,Background Subtraction (MOG2),0
2026-07-08 17:43:11.262,13,NO MOTION,Background Subtraction (MOG2),0
2026-07-08 17:43:11.286,14,NO MOTION,Background Subtraction (MOG2),0
2026-07-08 17:43:11.309,15,NO MOTION,Background Subtraction (MOG2),0
2026-07-08 17:43:11.344,16,NO MOTION,Background Subtraction (MOG2),0
2026-07-08 17:43:11.375,17,NO MOTION,Background Subtraction (MOG2),0
2026-07-08 17:43:11.400,18,NO MOTION,Background Subtraction (MOG2),0
2026-07-08 17:43:11.423,19,NO MOTION,Background Subtraction (MOG2),0
2026-07-08 17:43:11.486,20,NO MOTION,Background Subtraction (MOG2),0
2026-07-08 17:43:11.528,21,MOTION DETECTED,Background Subtraction (MOG2),1
2026-07-08 17:43:11.568,22,MOTION DETECTED,Background Subtraction (MOG2),1
2026-07-08 17:43:11.598,23,NO MOTION,Background Subtraction (MOG2),0
2026-07-08 17:43:11.625,24,NO MOTION,Background Subtraction (MOG2),0
2026-07-08 17:43:11.649,25,NO MOTION,Background Subtraction (MOG2),0
2026-07-08 17:43:11.672,26,NO MOTION,Background Subtraction (MOG2),0
2026-07-08 17:43:11.690,27,NO MOTION,Background Subtraction (MOG2),0
2026-07-08 17:43:11.715,28,NO MOTION,Background Subtraction (MOG2),0
2026-07-08 17:43:11.742,29,MOTION DETECTED,Background Subtraction (MOG2),1
2026-07-08 17:43:11.773,30,MOTION DETECTED,Background Subtraction (MOG2),1
2026-07-08 17:43:11.805,31,MOTION DETECTED,Background Subtraction (MOG2),1
2026-07-08 17:43:11.834,32,MOTION DETECTED,Background Subtraction (MOG2),1
2026-07-08 17:43:11.865,33,MOTION DETECTED,Background Subtraction (MOG2),1
2026-07-08 17:43:11.896,34,MOTION DETECTED,Background Subtraction (MOG2),1
2026-07-08 17:43:11.933,35,MOTION DETECTED,Background Subtraction (MOG2),1
2026-07-08 17:43:11.958,36,MOTION DETECTED,Background Subtraction (MOG2),1
2026-07-08 17:43:11.982,37,MOTION DETECTED,Background Subtraction (MOG2),2
2026-07-08 17:43:12.005,38,MOTION DETECTED,Background Subtraction (MOG2),5
2026-07-08 17:43:12.030,39,MOTION DETECTED,Background Subtraction (MOG2),4
2026-07-08 17:43:12.055,40,MOTION DETECTED,Background Subtraction (MOG2),4
2026-07-08 17:43:12.080,41,MOTION DETECTED,Background Subtraction (MOG2),4
2026-07-08 17:43:12.104,42,MOTION DETECTED,Background Subtraction (MOG2),3
2026-07-08 17:43:12.132,43,MOTION DETECTED,Background Subtraction (MOG2),4
2026-07-08 17:43:12.153,44,MOTION DETECTED,Background Subtraction (MOG2),5
2026-07-08 17:43:12.179,45,MOTION DETECTED,Background Subtraction (MOG2),3
2026-07-08 17:43:12.204,46,MOTION DETECTED,Background Subtraction (MOG2),3
2026-07-08 17:43:12.238,47,MOTION DETECTED,Background Subtraction (MOG2),4
2026-07-08 17:43:12.268,48,MOTION DETECTED,Background Subtraction (MOG2),4
2026-07-08 17:43:12.321,49,MOTION DETECTED,Background Subtraction (MOG2),4
2026-07-08 17:43:12.354,50,MOTION DETECTED,Background Subtraction (MOG2),2
2026-07-08 17:43:12.384,51,MOTION DETECTED,Background Subtraction (MOG2),2
2026-07-08 17:43:12.410,52,MOTION DETECTED,Background Subtraction (MOG2),2
2026-07-08 17:43:12.435,53,MOTION DETECTED,Background Subtraction (MOG2),2
2026-07-08 17:43:12.466,54,MOTION DETECTED,Background Subtraction (MOG2),1
2026-07-08 17:43:12.490,55,MOTION DETECTED,Background Subtraction (MOG2),2
2026-07-08 17:43:12.519,56,MOTION DETECTED,Background Subtraction (MOG2),2
2026-07-08 17:43:12.581,57,MOTION DETECTED,Background Subtraction (MOG2),1
2026-07-08 17:43:12.606,58,MOTION DETECTED,Background Subtraction (MOG2),2
2026-07-08 17:43:12.629,59,MOTION DETECTED,Background Subtraction (MOG2),4
2026-07-08 17:43:12.659,60,MOTION DETECTED,Background Subtraction (MOG2),4
2026-07-08 17:43:12.682,61,MOTION DETECTED,Background Subtraction (MOG2),4
2026-07-08 17:43:12.708,62,MOTION DETECTED,Background Subtraction (MOG2),4
2026-07-08 17:43:12.737,63,MOTION DETECTED,Background Subtraction (MOG2),4
2026-07-08 17:43:12.768,64,MOTION DETECTED,Background Subtraction (MOG2),3
2026-07-08 17:43:12.824,65,MOTION DETECTED,Background Subtraction (MOG2),3
2026-07-08 17:43:12.852,66,MOTION DETECTED,Background Subtraction (MOG2),3
2026-07-08 17:43:12.879,67,MOTION DETECTED,Background Subtraction (MOG2),3
2026-07-08 17:43:12.904,68,MOTION DETECTED,Background Subtraction (MOG2),3
2026-07-08 17:43:12.934,69,MOTION DETECTED,Background Subtraction (MOG2),4
2026-07-08 17:43:12.958,70,MOTION DETECTED,Background Subtraction (MOG2),5
2026-07-08 17:43:12.985,71,MOTION DETECTED,Background Subtraction (MOG2),5
2026-07-08 17:43:13.008,72,MOTION DETECTED,Background Subtraction (MOG2),3
2026-07-08 17:43:13.066,73,MOTION DETECTED,Background Subtraction (MOG2),5
2026-07-08 17:43:13.091,74,MOTION DETECTED,Background Subtraction (MOG2),5
2026-07-08 17:43:13.130,75,MOTION DETECTED,Background Subtraction (MOG2),4
2026-07-08 17:43:13.154,76,MOTION DETECTED,Background Subtraction (MOG2),4
2026-07-08 17:43:13.177,77,MOTION DETECTED,Background Subtraction (MOG2),5
2026-07-08 17:43:13.203,78,MOTION DETECTED,Background Subtraction (MOG2),4
2026-07-08 17:43:13.238,79,MOTION DETECTED,Background Subtraction (MOG2),4
2026-07-08 17:43:13.272,80,MOTION DETECTED,Background Subtraction (MOG2),5
2026-07-08 17:43:13.331,81,MOTION DETECTED,Background Subtraction (MOG2),5
2026-07-08 17:43:13.357,82,MOTION DETECTED,Background Subtraction (MOG2),5
2026-07-08 17:43:13.381,83,MOTION DETECTED,Background Subtraction (MOG2),5
2026-07-08 17:43:13.404,84,MOTION DETECTED,Background Subtraction (MOG2),5
2026-07-08 17:43:13.429,85,MOTION DETECTED,Background Subtraction (MOG2),5
2026-07-08 17:43:13.470,86,MOTION DETECTED,Background Subtraction (MOG2),5
2026-07-08 17:43:13.502,87,MOTION DETECTED,Background Subtraction (MOG2),4
2026-07-08 17:43:13.538,88,MOTION DETECTED,Background Subtraction (MOG2),4
2026-07-08 17:43:13.573,89,MOTION DETECTED,Background Subtraction (MOG2),4
2026-07-08 17:43:13.598,90,MOTION DETECTED,Background Subtraction (MOG2),5
2026-07-08 17:43:13.623,91,MOTION DETECTED,Background Subtraction (MOG2),1
2026-07-08 17:43:13.647,92,MOTION DETECTED,Background Subtraction (MOG2),3
2026-07-08 17:43:13.686,93,MOTION DETECTED,Background Subtraction (MOG2),3
2026-07-08 17:43:13.714,94,MOTION DETECTED,Background Subtraction (MOG2),4
2026-07-08 17:43:13.737,95,MOTION DETECTED,Background Subtraction (MOG2),5
2026-07-08 17:43:13.764,96,MOTION DETECTED,Background Subtraction (MOG2),5
2026-07-08 17:43:13.801,97,MOTION DETECTED,Background Subtraction (MOG2),6
2026-07-08 17:43:13.829,98,MOTION DETECTED,Background Subtraction (MOG2),6
2026-07-08 17:43:13.852,99,MOTION DETECTED,Background Subtraction (MOG2),7
2026-07-08 17:43:13.885,100,MOTION DETECTED,Background Subtraction (MOG2),6
2026-07-08 17:43:13.908,101,MOTION DETECTED,Background Subtraction (MOG2),8
2026-07-08 17:43:13.933,102,MOTION DETECTED,Background Subtraction (MOG2),8
2026-07-08 17:43:13.958,103,MOTION DETECTED,Background Subtraction (MOG2),7
2026-07-08 17:43:13.987,104,MOTION DETECTED,Background Subtraction (MOG2),7
2026-07-08 17:43:14.011,105,MOTION DETECTED,Background Subtraction (MOG2),7
2026-07-08 17:43:14.066,106,MOTION DETECTED,Background Subtraction (MOG2),7
2026-07-08 17:43:14.088,107,MOTION DETECTED,Background Subtraction (MOG2),7
2026-07-08 17:43:14.117,108,MOTION DETECTED,Background Subtraction (MOG2),7
2026-07-08 17:43:14.141,109,MOTION DETECTED,Background Subtraction (MOG2),7
2026-07-08 17:43:14.172,110,MOTION DETECTED,Background Subtraction (MOG2),6
2026-07-08 17:43:14.196,111,MOTION DETECTED,Background Subtraction (MOG2),8
2026-07-08 17:43:14.220,112,MOTION DETECTED,Background Subtraction (MOG2),7
2026-07-08 17:43:14.244,113,MOTION DETECTED,Background Subtraction (MOG2),7
2026-07-08 17:43:14.283,114,MOTION DETECTED,Background Subtraction (MOG2),7
2026-07-08 17:43:14.304,115,MOTION DETECTED,Background Subtraction (MOG2),7
2026-07-08 17:43:14.326,116,MOTION DETECTED,Background Subtraction (MOG2),7
2026-07-08 17:43:14.380,117,MOTION DETECTED,Background Subtraction (MOG2),6
2026-07-08 17:43:14.404,118,MOTION DETECTED,Background Subtraction (MOG2),5
2026-07-08 17:43:14.431,119,MOTION DETECTED,Background Subtraction (MOG2),6
2026-07-08 17:43:14.454,120,MOTION DETECTED,Background Subtraction (MOG2),6
2026-07-08 17:43:14.477,121,MOTION DETECTED,Background Subtraction (MOG2),7
2026-07-08 17:43:14.502,122,MOTION DETECTED,Background Subtraction (MOG2),9
2026-07-08 17:43:14.558,123,MOTION DETECTED,Background Subtraction (MOG2),9
2026-07-08 17:43:14.581,124,MOTION DETECTED,Background Subtraction (MOG2),7
2026-07-08 17:43:14.604,125,MOTION DETECTED,Background Subtraction (MOG2),7
2026-07-08 17:43:14.630,126,MOTION DETECTED,Background Subtraction (MOG2),8
2026-07-08 17:43:14.654,127,MOTION DETECTED,Background Subtraction (MOG2),8
2026-07-08 17:43:14.677,128,MOTION DETECTED,Background Subtraction (MOG2),7
2026-07-08 17:43:14.722,129,MOTION DETECTED,Background Subtraction (MOG2),7
2026-07-08 17:43:14.756,130,MOTION DETECTED,Background Subtraction (MOG2),7
2026-07-08 17:43:14.787,131,MOTION DETECTED,Background Subtraction (MOG2),6
2026-07-08 17:43:14.815,132,MOTION DETECTED,Background Subtraction (MOG2),5
2026-07-08 17:43:14.868,133,MOTION DETECTED,Background Subtraction (MOG2),5
2026-07-08 17:43:14.896,134,MOTION DETECTED,Background Subtraction (MOG2),4
2026-07-08 17:43:14.922,135,MOTION DETECTED,Background Subtraction (MOG2),4
2026-07-08 17:43:14.949,136,MOTION DETECTED,Background Subtraction (MOG2),4
2026-07-08 17:43:14.974,137,MOTION DETECTED,Background Subtraction (MOG2),4
2026-07-08 17:43:15.000,138,MOTION DETECTED,Background Subtraction (MOG2),3
2026-07-08 17:43:15.025,139,MOTION DETECTED,Background Subtraction (MOG2),2
2026-07-08 17:43:15.050,140,MOTION DETECTED,Background Subtraction (MOG2),2
2026-07-08 17:43:15.074,141,MOTION DETECTED,Background Subtraction (MOG2),2
2026-07-08 17:43:15.099,142,MOTION DETECTED,Background Subtraction (MOG2),2
2026-07-08 17:43:15.121,143,MOTION DETECTED,Background Subtraction (MOG2),3
2026-07-08 17:43:15.147,144,MOTION DETECTED,Background Subtraction (MOG2),3
2026-07-08 17:43:15.173,145,MOTION DETECTED,Background Subtraction (MOG2),3
2026-07-08 17:43:15.200,146,MOTION DETECTED,Background Subtraction (MOG2),2
2026-07-08 17:43:15.265,147,MOTION DETECTED,Background Subtraction (MOG2),2
2026-07-08 17:43:15.289,148,MOTION DETECTED,Background Subtraction (MOG2),2
2026-07-08 17:43:15.318,149,MOTION DETECTED,Background Subtraction (MOG2),2
2026-07-08 17:43:15.339,150,MOTION DETECTED,Background Subtraction (MOG2),3
2026-07-08 17:43:15.364,151,MOTION DETECTED,Background Subtraction (MOG2),2
2026-07-08 17:43:15.388,152,MOTION DETECTED,Background Subtraction (MOG2),2
2026-07-08 17:43:15.421,153,MOTION DETECTED,Background Subtraction (MOG2),2
2026-07-08 17:43:15.478,154,MOTION DETECTED,Background Subtraction (MOG2),2
2026-07-08 17:43:15.506,155,MOTION DETECTED,Background Subtraction (MOG2),3
2026-07-08 17:43:15.539,156,MOTION DETECTED,Background Subtraction (MOG2),3
2026-07-08 17:43:15.562,157,MOTION DETECTED,Background Subtraction (MOG2),3
2026-07-08 17:43:15.589,158,MOTION DETECTED,Background Subtraction (MOG2),3
2026-07-08 17:43:15.620,159,MOTION DETECTED,Background Subtraction (MOG2),3
2026-07-08 17:43:15.650,160,MOTION DETECTED,Background Subtraction (MOG2),4
2026-07-08 17:43:15.673,161,MOTION DETECTED,Background Subtraction (MOG2),5
2026-07-08 17:43:15.734,162,MOTION DETECTED,Background Subtraction (MOG2),4
2026-07-08 17:43:15.762,163,MOTION DETECTED,Background Subtraction (MOG2),4
2026-07-08 17:43:15.800,164,MOTION DETECTED,Background Subtraction (MOG2),3
2026-07-08 17:43:15.822,165,MOTION DETECTED,Background Subtraction (MOG2),3
2026-07-08 17:43:15.875,166,MOTION DETECTED,Background Subtraction (MOG2),4
2026-07-08 17:43:15.901,167,MOTION DETECTED,Background Subtraction (MOG2),4
2026-07-08 17:43:15.936,168,MOTION DETECTED,Background Subtraction (MOG2),4
2026-07-08 17:43:15.968,169,MOTION DETECTED,Background Subtraction (MOG2),4
2026-07-08 17:43:16.032,170,MOTION DETECTED,Background Subtraction (MOG2),4
2026-07-08 17:43:16.051,171,MOTION DETECTED,Background Subtraction (MOG2),4
2026-07-08 17:43:16.078,172,MOTION DETECTED,Background Subtraction (MOG2),4
2026-07-08 17:43:16.105,173,MOTION DETECTED,Background Subtraction (MOG2),4
2026-07-08 17:43:16.137,174,MOTION DETECTED,Background Subtraction (MOG2),4
2026-07-08 17:43:16.167,175,MOTION DETECTED,Background Subtraction (MOG2),4
2026-07-08 17:43:16.202,176,MOTION DETECTED,Background Subtraction (MOG2),4
2026-07-08 17:43:16.224,177,MOTION DETECTED,Background Subtraction (MOG2),4
2026-07-08 17:43:16.276,178,MOTION DETECTED,Background Subtraction (MOG2),4
2026-07-08 17:43:16.302,179,MOTION DETECTED,Background Subtraction (MOG2),3
2026-07-08 17:43:16.334,180,MOTION DETECTED,Background Subtraction (MOG2),4
2026-07-08 17:43:16.357,181,MOTION DETECTED,Background Subtraction (MOG2),4
2026-07-08 17:43:16.387,182,MOTION DETECTED,Background Subtraction (MOG2),4
2026-07-08 17:43:16.414,183,MOTION DETECTED,Background Subtraction (MOG2),4
2026-07-08 17:43:16.438,184,MOTION DETECTED,Background Subtraction (MOG2),4
2026-07-08 17:43:16.464,185,MOTION DETECTED,Background Subtraction (MOG2),5
2026-07-08 17:43:16.497,186,MOTION DETECTED,Background Subtraction (MOG2),5
2026-07-08 17:43:16.535,187,MOTION DETECTED,Background Subtraction (MOG2),5
2026-07-08 17:43:16.565,188,MOTION DETECTED,Background Subtraction (MOG2),5
2026-07-08 17:43:16.579,189,MOTION DETECTED,Background Subtraction (MOG2),6
2026-07-08 17:43:16.650,190,MOTION DETECTED,Background Subtraction (MOG2),6
2026-07-08 17:43:16.681,191,MOTION DETECTED,Background Subtraction (MOG2),6
2026-07-08 17:43:16.703,192,MOTION DETECTED,Background Subtraction (MOG2),6
2026-07-08 17:43:16.735,193,MOTION DETECTED,Background Subtraction (MOG2),6
2026-07-08 17:43:16.792,194,MOTION DETECTED,Background Subtraction (MOG2),6
2026-07-08 17:43:16.822,195,MOTION DETECTED,Background Subtraction (MOG2),6
2026-07-08 17:43:16.846,196,MOTION DETECTED,Background Subtraction (MOG2),5
2026-07-08 17:43:16.889,197,MOTION DETECTED,Background Subtraction (MOG2),6
2026-07-08 17:43:16.916,198,MOTION DETECTED,Background Subtraction (MOG2),6
2026-07-08 17:43:16.940,199,MOTION DETECTED,Background Subtraction (MOG2),8
2026-07-08 17:43:16.972,200,MOTION DETECTED,Background Subtraction (MOG2),9
2026-07-08 17:43:17.002,201,MOTION DETECTED,Background Subtraction (MOG2),8
2026-07-08 17:43:17.033,202,MOTION DETECTED,Background Subtraction (MOG2),7
2026-07-08 17:43:17.056,203,MOTION DETECTED,Background Subtraction (MOG2),6
2026-07-08 17:43:17.087,204,MOTION DETECTED,Background Subtraction (MOG2),6
2026-07-08 17:43:17.117,205,MOTION DETECTED,Background Subtraction (MOG2),6
2026-07-08 17:43:17.185,206,MOTION DETECTED,Background Subtraction (MOG2),6
2026-07-08 17:43:17.212,207,MOTION DETECTED,Background Subtraction (MOG2),6
2026-07-08 17:43:17.241,208,MOTION DETECTED,Background Subtraction (MOG2),7
2026-07-08 17:43:17.264,209,MOTION DETECTED,Background Subtraction (MOG2),7
2026-07-08 17:43:17.284,210,MOTION DETECTED,Background Subtraction (MOG2),7
2026-07-08 17:43:17.316,211,MOTION DETECTED,Background Subtraction (MOG2),7
2026-07-08 17:43:17.354,212,MOTION DETECTED,Background Subtraction (MOG2),7
2026-07-08 17:43:17.376,213,MOTION DETECTED,Background Subtraction (MOG2),7
2026-07-08 17:43:17.421,214,MOTION DETECTED,Background Subtraction (MOG2),7
2026-07-08 17:43:17.455,215,MOTION DETECTED,Background Subtraction (MOG2),7
2026-07-08 17:43:17.482,216,MOTION DETECTED,Background Subtraction (MOG2),7
2026-07-08 17:43:17.521,217,MOTION DETECTED,Background Subtraction (MOG2),6
2026-07-08 17:43:17.551,218,MOTION DETECTED,Background Subtraction (MOG2),6
2026-07-08 17:43:17.586,219,MOTION DETECTED,Background Subtraction (MOG2),6
2026-07-08 17:43:17.609,220,MOTION DETECTED,Background Subtraction (MOG2),6
2026-07-08 17:43:17.637,221,MOTION DETECTED,Background Subtraction (MOG2),5
2026-07-08 17:43:17.671,222,MOTION DETECTED,Background Subtraction (MOG2),5
2026-07-08 17:43:17.691,223,MOTION DETECTED,Background Subtraction (MOG2),5
2026-07-08 17:43:17.714,224,MOTION DETECTED,Background Subtraction (MOG2),5
2026-07-08 17:43:17.740,225,MOTION DETECTED,Background Subtraction (MOG2),5
2026-07-08 17:43:17.765,226,MOTION DETECTED,Background Subtraction (MOG2),4
2026-07-08 17:43:17.787,227,MOTION DETECTED,Background Subtraction (MOG2),4
2026-07-08 17:43:17.810,228,MOTION DETECTED,Background Subtraction (MOG2),4
2026-07-08 17:43:17.838,229,MOTION DETECTED,Background Subtraction (MOG2),4
2026-07-08 17:43:17.860,230,MOTION DETECTED,Background Subtraction (MOG2),4
2026-07-08 17:43:17.881,231,MOTION DETECTED,Background Subtraction (MOG2),4
2026-07-08 17:43:17.917,232,MOTION DETECTED,Background Subtraction (MOG2),4
2026-07-08 17:43:17.953,233,MOTION DETECTED,Background Subtraction (MOG2),5
2026-07-08 17:43:18.000,234,MOTION DETECTED,Background Subtraction (MOG2),4
2026-07-08 17:43:18.033,235,MOTION DETECTED,Background Subtraction (MOG2),3
2026-07-08 17:43:18.059,236,MOTION DETECTED,Background Subtraction (MOG2),2
2026-07-08 17:43:18.118,237,MOTION DETECTED,Background Subtraction (MOG2),1
2026-07-08 17:43:18.142,238,MOTION DETECTED,Background Subtraction (MOG2),1
2026-07-08 17:43:18.160,239,MOTION DETECTED,Background Subtraction (MOG2),1
2026-07-08 17:43:18.190,240,MOTION DETECTED,Background Subtraction (MOG2),1
2026-07-08 17:43:18.261,241,MOTION DETECTED,Background Subtraction (MOG2),1
2026-07-08 17:43:18.282,242,MOTION DETECTED,Background Subtraction (MOG2),1
2026-07-08 17:43:18.306,243,MOTION DETECTED,Background Subtraction (MOG2),1
2026-07-08 17:43:18.333,244,MOTION DETECTED,Background Subtraction (MOG2),1
2026-07-08 17:43:18.357,245,MOTION DETECTED,Background Subtraction (MOG2),2
2026-07-08 17:43:18.379,246,MOTION DETECTED,Background Subtraction (MOG2),2
2026-07-08 17:43:18.420,247,MOTION DETECTED,Background Subtraction (MOG2),2
2026-07-08 17:43:18.450,248,MOTION DETECTED,Background Subtraction (MOG2),2
2026-07-08 17:43:18.471,249,MOTION DETECTED,Background Subtraction (MOG2),2
2026-07-08 17:43:18.501,250,MOTION DETECTED,Background Subtraction (MOG2),2
2026-07-08 17:43:18.523,251,MOTION DETECTED,Background Subtraction (MOG2),2
2026-07-08 17:43:18.579,252,MOTION DETECTED,Background Subtraction (MOG2),2
2026-07-08 17:43:18.620,253,MOTION DETECTED,Background Subtraction (MOG2),2
2026-07-08 17:43:18.653,254,MOTION DETECTED,Background Subtraction (MOG2),2
2026-07-08 17:43:18.679,255,MOTION DETECTED,Background Subtraction (MOG2),2
2026-07-08 17:43:18.706,256,MOTION DETECTED,Background Subtraction (MOG2),2
2026-07-08 17:43:18.729,257,MOTION DETECTED,Background Subtraction (MOG2),2
2026-07-08 17:43:18.756,258,MOTION DETECTED,Background Subtraction (MOG2),2
2026-07-08 17:43:18.779,259,MOTION DETECTED,Background Subtraction (MOG2),2
2026-07-08 17:43:18.804,260,MOTION DETECTED,Background Subtraction (MOG2),2
2026-07-08 17:43:18.836,261,MOTION DETECTED,Background Subtraction (MOG2),3
2026-07-08 17:43:18.857,262,MOTION DETECTED,Background Subtraction (MOG2),2
2026-07-08 17:43:18.880,263,MOTION DETECTED,Background Subtraction (MOG2),2
2026-07-08 17:43:18.944,264,MOTION DETECTED,Background Subtraction (MOG2),2
2026-07-08 17:43:18.966,265,MOTION DETECTED,Background Subtraction (MOG2),2
2026-07-08 17:43:19.000,266,MOTION DETECTED,Background Subtraction (MOG2),2
2026-07-08 17:43:19.021,267,MOTION DETECTED,Background Subtraction (MOG2),2
2026-07-08 17:43:19.052,268,MOTION DETECTED,Background Subtraction (MOG2),2
2026-07-08 17:43:19.086,269,MOTION DETECTED,Background Subtraction (MOG2),2
2026-07-08 17:43:19.108,270,MOTION DETECTED,Background Subtraction (MOG2),2
2026-07-08 17:43:19.131,271,MOTION DETECTED,Background Subtraction (MOG2),2
2026-07-08 17:43:19.154,272,MOTION DETECTED,Background Subtraction (MOG2),2
2026-07-08 17:43:19.217,273,MOTION DETECTED,Background Subtraction (MOG2),2
2026-07-08 17:43:19.239,274,MOTION DETECTED,Background Subtraction (MOG2),2
2026-07-08 17:43:19.264,275,MOTION DETECTED,Background Subtraction (MOG2),2
2026-07-08 17:43:19.298,276,MOTION DETECTED,Background Subtraction (MOG2),2
2026-07-08 17:43:19.319,277,MOTION DETECTED,Background Subtraction (MOG2),1
2026-07-08 17:43:19.355,278,MOTION DETECTED,Background Subtraction (MOG2),1
2026-07-08 17:43:19.387,279,MOTION DETECTED,Background Subtraction (MOG2),1
2026-07-08 17:43:19.406,280,MOTION DETECTED,Background Subtraction (MOG2),1
2026-07-08 17:43:19.465,281,MOTION DETECTED,Background Subtraction (MOG2),1
2026-07-08 17:43:19.496,282,MOTION DETECTED,Background Subtraction (MOG2),1
2026-07-08 17:43:19.528,283,MOTION DETECTED,Background Subtraction (MOG2),1
2026-07-08 17:43:19.565,284,MOTION DETECTED,Background Subtraction (MOG2),2
2026-07-08 17:43:19.596,285,MOTION DETECTED,Background Subtraction (MOG2),2
2026-07-08 17:43:19.622,286,MOTION DETECTED,Background Subtraction (MOG2),2
2026-07-08 17:43:19.651,287,MOTION DETECTED,Background Subtraction (MOG2),2
2026-07-08 17:43:19.676,288,MOTION DETECTED,Background Subtraction (MOG2),2
2026-07-08 17:43:19.696,289,MOTION DETECTED,Background Subtraction (MOG2),2
2026-07-08 17:43:19.715,290,MOTION DETECTED,Background Subtraction (MOG2),2
2026-07-08 17:43:19.750,291,MOTION DETECTED,Background Subtraction (MOG2),2
2026-07-08 17:43:19.782,292,MOTION DETECTED,Background Subtraction (MOG2),3
2026-07-08 17:43:19.810,293,MOTION DETECTED,Background Subtraction (MOG2),2
2026-07-08 17:43:19.860,294,MOTION DETECTED,Background Subtraction (MOG2),2
2026-07-08 17:43:19.889,295,MOTION DETECTED,Background Subtraction (MOG2),4
2026-07-08 17:43:19.919,296,MOTION DETECTED,Background Subtraction (MOG2),4
2026-07-08 17:43:19.950,297,MOTION DETECTED,Background Subtraction (MOG2),4
2026-07-08 17:43:19.983,298,MOTION DETECTED,Background Subtraction (MOG2),4
2026-07-08 17:43:20.050,299,MOTION DETECTED,Background Subtraction (MOG2),4
2026-07-08 17:43:20.072,300,MOTION DETECTED,Background Subtraction (MOG2),4
2026-07-08 17:43:20.103,301,MOTION DETECTED,Background Subtraction (MOG2),4
2026-07-08 17:43:20.137,302,MOTION DETECTED,Background Subtraction (MOG2),4
2026-07-08 17:43:20.190,303,MOTION DETECTED,Background Subtraction (MOG2),4
2026-07-08 17:43:20.212,304,MOTION DETECTED,Background Subtraction (MOG2),4
2026-07-08 17:43:20.238,305,MOTION DETECTED,Background Subtraction (MOG2),3
2026-07-08 17:43:20.261,306,MOTION DETECTED,Background Subtraction (MOG2),3
2026-07-08 17:43:20.295,307,MOTION DETECTED,Background Subtraction (MOG2),3
2026-07-08 17:43:20.323,308,MOTION DETECTED,Background Subtraction (MOG2),3
2026-07-08 17:43:20.355,309,MOTION DETECTED,Background Subtraction (MOG2),3
2026-07-08 17:43:20.379,310,MOTION DETECTED,Background Subtraction (MOG2),3
2026-07-08 17:43:20.417,311,MOTION DETECTED,Background Subtraction (MOG2),3
2026-07-08 17:43:20.438,312,MOTION DETECTED,Background Subtraction (MOG2),3
2026-07-08 17:43:20.465,313,MOTION DETECTED,Background Subtraction (MOG2),3
2026-07-08 17:43:20.495,314,MOTION DETECTED,Background Subtraction (MOG2),3
2026-07-08 17:43:20.519,315,MOTION DETECTED,Background Subtraction (MOG2),3
2026-07-08 17:43:20.551,316,MOTION DETECTED,Background Subtraction (MOG2),4
2026-07-08 17:43:20.618,317,MOTION DETECTED,Background Subtraction (MOG2),4
2026-07-08 17:43:20.640,318,MOTION DETECTED,Background Subtraction (MOG2),4
2026-07-08 17:43:20.671,319,MOTION DETECTED,Background Subtraction (MOG2),4
2026-07-08 17:43:20.705,320,MOTION DETECTED,Background Subtraction (MOG2),3
2026-07-08 17:43:20.730,321,MOTION DETECTED,Background Subtraction (MOG2),3
2026-07-08 17:43:20.751,322,MOTION DETECTED,Background Subtraction (MOG2),3
2026-07-08 17:43:20.774,323,MOTION DETECTED,Background Subtraction (MOG2),3
2026-07-08 17:43:20.801,324,MOTION DETECTED,Background Subtraction (MOG2),3
2026-07-08 17:43:20.836,325,MOTION DETECTED,Background Subtraction (MOG2),3
2026-07-08 17:43:20.868,326,MOTION DETECTED,Background Subtraction (MOG2),2
2026-07-08 17:43:20.888,327,MOTION DETECTED,Background Subtraction (MOG2),2
2026-07-08 17:43:20.914,328,MOTION DETECTED,Background Subtraction (MOG2),2
2026-07-08 17:43:20.938,329,MOTION DETECTED,Background Subtraction (MOG2),2
2026-07-08 17:43:20.972,330,MOTION DETECTED,Background Subtraction (MOG2),3
2026-07-08 17:43:20.995,331,MOTION DETECTED,Background Subtraction (MOG2),2
2026-07-08 17:43:21.020,332,MOTION DETECTED,Background Subtraction (MOG2),4
2026-07-08 17:43:21.054,333,MOTION DETECTED,Background Subtraction (MOG2),3
2026-07-08 17:43:21.073,334,MOTION DETECTED,Background Subtraction (MOG2),3
2026-07-08 17:43:21.113,335,MOTION DETECTED,Background Subtraction (MOG2),5
2026-07-08 17:43:21.129,336,MOTION DETECTED,Background Subtraction (MOG2),5
2026-07-08 17:43:21.200,337,MOTION DETECTED,Background Subtraction (MOG2),6
2026-07-08 17:43:21.227,338,MOTION DETECTED,Background Subtraction (MOG2),5
2026-07-08 17:43:21.255,339,MOTION DETECTED,Background Subtraction (MOG2),5
2026-07-08 17:43:21.288,340,MOTION DETECTED,Background Subtraction (MOG2),5
2026-07-08 17:43:21.317,341,MOTION DETECTED,Background Subtraction (MOG2),6
2026-07-08 17:43:21.339,342,MOTION DETECTED,Background Subtraction (MOG2),6
2026-07-08 17:43:21.364,343,MOTION DETECTED,Background Subtraction (MOG2),4
2026-07-08 17:43:21.397,344,MOTION DETECTED,Background Subtraction (MOG2),4
2026-07-08 17:43:21.426,345,MOTION DETECTED,Background Subtraction (MOG2),5
2026-07-08 17:43:21.460,346,MOTION DETECTED,Background Subtraction (MOG2),5
2026-07-08 17:43:21.492,347,MOTION DETECTED,Background Subtraction (MOG2),5
2026-07-08 17:43:21.514,348,MOTION DETECTED,Background Subtraction (MOG2),4
2026-07-08 17:43:21.537,349,MOTION DETECTED,Background Subtraction (MOG2),5
2026-07-08 17:43:21.568,350,MOTION DETECTED,Background Subtraction (MOG2),5
2026-07-08 17:43:21.600,351,MOTION DETECTED,Background Subtraction (MOG2),5
2026-07-08 17:43:21.631,352,MOTION DETECTED,Background Subtraction (MOG2),5
2026-07-08 17:43:21.671,353,MOTION DETECTED,Background Subtraction (MOG2),5
2026-07-08 17:43:21.700,354,MOTION DETECTED,Background Subtraction (MOG2),5
2026-07-08 17:43:21.718,355,MOTION DETECTED,Background Subtraction (MOG2),6
2026-07-08 17:43:21.748,356,MOTION DETECTED,Background Subtraction (MOG2),5
2026-07-08 17:43:21.772,357,MOTION DETECTED,Background Subtraction (MOG2),5
2026-07-08 17:43:21.803,358,MOTION DETECTED,Background Subtraction (MOG2),6
2026-07-08 17:43:21.836,359,MOTION DETECTED,Background Subtraction (MOG2),6
2026-07-08 17:43:21.871,360,MOTION DETECTED,Background Subtraction (MOG2),6
2026-07-08 17:43:21.904,361,MOTION DETECTED,Background Subtraction (MOG2),6
2026-07-08 17:43:21.928,362,MOTION DETECTED,Background Subtraction (MOG2),7
2026-07-08 17:43:21.971,363,MOTION DETECTED,Background Subtraction (MOG2),6
2026-07-08 17:43:22.033,364,MOTION DETECTED,Background Subtraction (MOG2),5
2026-07-08 17:43:22.061,365,MOTION DETECTED,Background Subtraction (MOG2),6
2026-07-08 17:43:22.091,366,MOTION DETECTED,Background Subtraction (MOG2),6
2026-07-08 17:43:22.119,367,MOTION DETECTED,Background Subtraction (MOG2),6
2026-07-08 17:43:22.147,368,MOTION DETECTED,Background Subtraction (MOG2),5
2026-07-08 17:43:22.168,369,MOTION DETECTED,Background Subtraction (MOG2),5
2026-07-08 17:43:22.192,370,MOTION DETECTED,Background Subtraction (MOG2),4
2026-07-08 17:43:22.222,371,MOTION DETECTED,Background Subtraction (MOG2),3
2026-07-08 17:43:22.254,372,MOTION DETECTED,Background Subtraction (MOG2),2
2026-07-08 17:43:22.274,373,MOTION DETECTED,Background Subtraction (MOG2),2
2026-07-08 17:43:22.300,374,MOTION DETECTED,Background Subtraction (MOG2),2
2026-07-08 17:43:22.325,375,MOTION DETECTED,Background Subtraction (MOG2),2
2026-07-08 17:43:22.358,376,MOTION DETECTED,Background Subtraction (MOG2),2
2026-07-08 17:43:22.386,377,MOTION DETECTED,Background Subtraction (MOG2),3
2026-07-08 17:43:22.407,378,MOTION DETECTED,Background Subtraction (MOG2),3
2026-07-08 17:43:22.433,379,MOTION DETECTED,Background Subtraction (MOG2),4
2026-07-08 17:43:22.455,380,MOTION DETECTED,Background Subtraction (MOG2),5
2026-07-08 17:43:22.484,381,MOTION DETECTED,Background Subtraction (MOG2),4
2026-07-08 17:43:22.508,382,MOTION DETECTED,Background Subtraction (MOG2),4
2026-07-08 17:43:22.534,383,MOTION DETECTED,Background Subtraction (MOG2),5
2026-07-08 17:43:22.597,384,MOTION DETECTED,Background Subtraction (MOG2),5
2026-07-08 17:43:22.625,385,MOTION DETECTED,Background Subtraction (MOG2),4
2026-07-08 17:43:22.655,386,MOTION DETECTED,Background Subtraction (MOG2),4
2026-07-08 17:43:22.682,387,MOTION DETECTED,Background Subtraction (MOG2),4
2026-07-08 17:43:22.744,388,MOTION DETECTED,Background Subtraction (MOG2),4
2026-07-08 17:43:22.768,389,MOTION DETECTED,Background Subtraction (MOG2),4
2026-07-08 17:43:22.792,390,MOTION DETECTED,Background Subtraction (MOG2),4
2026-07-08 17:43:22.835,391,MOTION DETECTED,Background Subtraction (MOG2),4
2026-07-08 17:43:22.863,392,MOTION DETECTED,Background Subtraction (MOG2),4
2026-07-08 17:43:22.900,393,MOTION DETECTED,Background Subtraction (MOG2),4
2026-07-08 17:43:22.934,394,MOTION DETECTED,Background Subtraction (MOG2),4
2026-07-08 17:43:22.955,395,MOTION DETECTED,Background Subtraction (MOG2),4
2026-07-08 17:43:23.013,396,MOTION DETECTED,Background Subtraction (MOG2),4
2026-07-08 17:43:23.047,397,MOTION DETECTED,Background Subtraction (MOG2),4
2026-07-08 17:43:23.071,398,MOTION DETECTED,Background Subtraction (MOG2),4
2026-07-08 17:43:23.100,399,MOTION DETECTED,Background Subtraction (MOG2),4
2026-07-08 17:43:23.123,400,MOTION DETECTED,Background Subtraction (MOG2),4
2026-07-08 17:43:23.145,401,MOTION DETECTED,Background Subtraction (MOG2),4
2026-07-08 17:43:23.171,402,MOTION DETECTED,Background Subtraction (MOG2),4
2026-07-08 17:43:23.194,403,MOTION DETECTED,Background Subtraction (MOG2),4
2026-07-08 17:43:23.235,404,MOTION DETECTED,Background Subtraction (MOG2),5
2026-07-08 17:43:23.257,405,MOTION DETECTED,Background Subtraction (MOG2),4
2026-07-08 17:43:23.280,406,MOTION DETECTED,Background Subtraction (MOG2),4
2026-07-08 17:43:23.307,407,MOTION DETECTED,Background Subtraction (MOG2),3
2026-07-08 17:43:23.336,408,MOTION DETECTED,Background Subtraction (MOG2),3
2026-07-08 17:43:23.357,409,MOTION DETECTED,Background Subtraction (MOG2),3
2026-07-08 17:43:23.384,410,MOTION DETECTED,Background Subtraction (MOG2),3
2026-07-08 17:43:23.414,411,MOTION DETECTED,Background Subtraction (MOG2),3
2026-07-08 17:43:23.433,412,MOTION DETECTED,Background Subtraction (MOG2),3
2026-07-08 17:43:23.456,413,MOTION DETECTED,Background Subtraction (MOG2),3
2026-07-08 17:43:23.487,414,MOTION DETECTED,Background Subtraction (MOG2),3
2026-07-08 17:43:23.507,415,MOTION DETECTED,Background Subtraction (MOG2),2
2026-07-08 17:43:23.533,416,MOTION DETECTED,Background Subtraction (MOG2),3
2026-07-08 17:43:23.597,417,MOTION DETECTED,Background Subtraction (MOG2),3
2026-07-08 17:43:23.626,418,MOTION DETECTED,Background Subtraction (MOG2),3
2026-07-08 17:43:23.647,419,NO MOTION,Background Subtraction (MOG2),0
2026-07-08 17:43:23.681,420,NO MOTION,Background Subtraction (MOG2),0
2026-07-08 17:43:23.698,421,NO MOTION,Background Subtraction (MOG2),0
2026-07-08 17:43:23.724,422,MOTION DETECTED,Background Subtraction (MOG2),1
2026-07-08 17:43:23.750,423,MOTION DETECTED,Background Subtraction (MOG2),1
2026-07-08 17:43:23.772,424,MOTION DETECTED,Background Subtraction (MOG2),1
2026-07-08 17:43:23.796,425,MOTION DETECTED,Background Subtraction (MOG2),1
2026-07-08 17:43:23.821,426,MOTION DETECTED,Background Subtraction (MOG2),1
2026-07-08 17:43:23.850,427,MOTION DETECTED,Background Subtraction (MOG2),1
2026-07-08 17:43:23.871,428,MOTION DETECTED,Background Subtraction (MOG2),1
2026-07-08 17:43:23.897,429,MOTION DETECTED,Background Subtraction (MOG2),1
2026-07-08 17:43:23.928,430,MOTION DETECTED,Background Subtraction (MOG2),1
2026-07-08 17:43:23.952,431,MOTION DETECTED,Background Subtraction (MOG2),1
2026-07-08 17:43:24.016,432,MOTION DETECTED,Background Subtraction (MOG2),1
2026-07-08 17:43:24.032,433,NO MOTION,Background Subtraction (MOG2),0
2026-07-08 17:43:24.050,434,NO MOTION,Background Subtraction (MOG2),0
2026-07-08 17:43:24.068,435,NO MOTION,Background Subtraction (MOG2),0
2026-07-08 17:43:24.090,436,NO MOTION,Background Subtraction (MOG2),0
2026-07-08 17:43:24.116,437,NO MOTION,Background Subtraction (MOG2),0
2026-07-08 17:43:24.132,438,NO MOTION,Background Subtraction (MOG2),0
2026-07-08 17:43:24.150,439,NO MOTION,Background Subtraction (MOG2),0
2026-07-08 17:43:24.169,440,MOTION DETECTED,Background Subtraction (MOG2),1
2026-07-08 17:43:24.200,441,MOTION DETECTED,Background Subtraction (MOG2),1
2026-07-08 17:43:24.263,442,MOTION DETECTED,Background Subtraction (MOG2),1
2026-07-08 17:43:24.286,443,MOTION DETECTED,Background Subtraction (MOG2),1
2026-07-08 17:43:24.317,444,MOTION DETECTED,Background Subtraction (MOG2),1
2026-07-08 17:43:24.340,445,MOTION DETECTED,Background Subtraction (MOG2),2
2026-07-08 17:43:24.366,446,MOTION DETECTED,Background Subtraction (MOG2),2
2026-07-08 17:43:24.395,447,MOTION DETECTED,Background Subtraction (MOG2),2
2026-07-08 17:43:24.437,448,MOTION DETECTED,Background Subtraction (MOG2),2
2026-07-08 17:43:24.468,449,MOTION DETECTED,Background Subtraction (MOG2),3
2026-07-08 17:43:24.489,450,MOTION DETECTED,Background Subtraction (MOG2),2
2026-07-08 17:43:24.510,451,MOTION DETECTED,Background Subtraction (MOG2),2
2026-07-08 17:43:24.549,452,MOTION DETECTED,Background Subtraction (MOG2),3
2026-07-08 17:43:24.578,453,MOTION DETECTED,Background Subtraction (MOG2),3
2026-07-08 17:43:24.604,454,MOTION DETECTED,Background Subtraction (MOG2),4
2026-07-08 17:43:24.630,455,MOTION DETECTED,Background Subtraction (MOG2),4
2026-07-08 17:43:24.668,456,MOTION DETECTED,Background Subtraction (MOG2),4
2026-07-08 17:43:24.689,457,MOTION DETECTED,Background Subtraction (MOG2),4
2026-07-08 17:43:24.714,458,MOTION DETECTED,Background Subtraction (MOG2),5
2026-07-08 17:43:24.740,459,MOTION DETECTED,Background Subtraction (MOG2),5
2026-07-08 17:43:24.762,460,MOTION DETECTED,Background Subtraction (MOG2),5
2026-07-08 17:43:24.785,461,MOTION DETECTED,Background Subtraction (MOG2),6
2026-07-08 17:43:24.816,462,MOTION DETECTED,Background Subtraction (MOG2),6
2026-07-08 17:43:24.841,463,MOTION DETECTED,Background Subtraction (MOG2),6
2026-07-08 17:43:24.900,464,MOTION DETECTED,Background Subtraction (MOG2),6
2026-07-08 17:43:24.930,465,MOTION DETECTED,Background Subtraction (MOG2),6
2026-07-08 17:43:24.952,466,MOTION DETECTED,Background Subtraction (MOG2),7
2026-07-08 17:43:24.984,467,MOTION DETECTED,Background Subtraction (MOG2),7
2026-07-08 17:43:25.008,468,MOTION DETECTED,Background Subtraction (MOG2),7
2026-07-08 17:43:25.042,469,MOTION DETECTED,Background Subtraction (MOG2),7
2026-07-08 17:43:25.073,470,MOTION DETECTED,Background Subtraction (MOG2),7
2026-07-08 17:43:25.096,471,MOTION DETECTED,Background Subtraction (MOG2),7
2026-07-08 17:43:25.121,472,MOTION DETECTED,Background Subtraction (MOG2),8
2026-07-08 17:43:25.145,473,MOTION DETECTED,Background Subtraction (MOG2),8
2026-07-08 17:43:25.165,474,MOTION DETECTED,Background Subtraction (MOG2),8
2026-07-08 17:43:25.190,475,MOTION DETECTED,Background Subtraction (MOG2),8
2026-07-08 17:43:25.217,476,MOTION DETECTED,Background Subtraction (MOG2),8
2026-07-08 17:43:25.240,477,MOTION DETECTED,Background Subtraction (MOG2),8
2026-07-08 17:43:25.271,478,MOTION DETECTED,Background Subtraction (MOG2),8
2026-07-08 17:43:25.301,479,MOTION DETECTED,Background Subtraction (MOG2),7
2026-07-08 17:43:25.324,480,MOTION DETECTED,Background Subtraction (MOG2),7
2026-07-08 17:43:25.352,481,MOTION DETECTED,Background Subtraction (MOG2),7
2026-07-08 17:43:25.375,482,MOTION DETECTED,Background Subtraction (MOG2),7
2026-07-08 17:43:25.402,483,MOTION DETECTED,Background Subtraction (MOG2),6
2026-07-08 17:43:25.434,484,MOTION DETECTED,Background Subtraction (MOG2),5
2026-07-08 17:43:25.467,485,MOTION DETECTED,Background Subtraction (MOG2),7
2026-07-08 17:43:25.518,486,MOTION DETECTED,Background Subtraction (MOG2),6
2026-07-08 17:43:25.539,487,MOTION DETECTED,Background Subtraction (MOG2),6
2026-07-08 17:43:25.559,488,MOTION DETECTED,Background Subtraction (MOG2),5
2026-07-08 17:43:25.583,489,MOTION DETECTED,Background Subtraction (MOG2),5
2026-07-08 17:43:25.600,490,MOTION DETECTED,Background Subtraction (MOG2),4
2026-07-08 17:43:25.631,491,MOTION DETECTED,Background Subtraction (MOG2),4
2026-07-08 17:43:25.654,492,MOTION DETECTED,Background Subtraction (MOG2),4
2026-07-08 17:43:25.676,493,MOTION DETECTED,Background Subtraction (MOG2),4
2026-07-08 17:43:25.694,494,MOTION DETECTED,Background Subtraction (MOG2),3
2026-07-08 17:43:25.722,495,MOTION DETECTED,Background Subtraction (MOG2),3
2026-07-08 17:43:25.740,496,MOTION DETECTED,Background Subtraction (MOG2),2
2026-07-08 17:43:25.765,497,MOTION DETECTED,Background Subtraction (MOG2),2
2026-07-08 17:43:25.785,498,MOTION DETECTED,Background Subtraction (MOG2),2
2026-07-08 17:43:25.806,499,MOTION DETECTED,Background Subtraction (MOG2),2
2026-07-08 17:43:25.830,500,MOTION DETECTED,Background Subtraction (MOG2),2
2026-07-08 17:43:25.851,501,MOTION DETECTED,Background Subtraction (MOG2),2
2026-07-08 17:43:25.875,502,MOTION DETECTED,Background Subtraction (MOG2),2
2026-07-08 17:43:25.897,503,MOTION DETECTED,Background Subtraction (MOG2),2
2026-07-08 17:43:25.919,504,MOTION DETECTED,Background Subtraction (MOG2),2
2026-07-08 17:43:25.953,505,MOTION DETECTED,Background Subtraction (MOG2),2
2026-07-08 17:43:25.981,506,MOTION DETECTED,Background Subtraction (MOG2),3
2026-07-08 17:43:26.006,507,MOTION DETECTED,Background Subtraction (MOG2),3
2026-07-08 17:43:26.034,508,MOTION DETECTED,Background Subtraction (MOG2),5
2026-07-08 17:43:26.064,509,MOTION DETECTED,Background Subtraction (MOG2),4
2026-07-08 17:43:26.100,510,MOTION DETECTED,Background Subtraction (MOG2),4
2026-07-08 17:43:26.159,511,MOTION DETECTED,Background Subtraction (MOG2),4
2026-07-08 17:43:26.205,512,MOTION DETECTED,Background Subtraction (MOG2),2
2026-07-08 17:43:26.229,513,MOTION DETECTED,Background Subtraction (MOG2),2
2026-07-08 17:43:26.257,514,MOTION DETECTED,Background Subtraction (MOG2),1
2026-07-08 17:43:26.311,515,MOTION DETECTED,Background Subtraction (MOG2),1
2026-07-08 17:43:26.332,516,MOTION DETECTED,Background Subtraction (MOG2),1
2026-07-08 17:43:26.351,517,MOTION DETECTED,Background Subtraction (MOG2),1
2026-07-08 17:43:26.381,518,MOTION DETECTED,Background Subtraction (MOG2),1
2026-07-08 17:43:26.401,519,MOTION DETECTED,Background Subtraction (MOG2),1
2026-07-08 17:43:26.431,520,MOTION DETECTED,Background Subtraction (MOG2),2
2026-07-08 17:43:26.456,521,MOTION DETECTED,Background Subtraction (MOG2),2
2026-07-08 17:43:26.483,522,MOTION DETECTED,Background Subtraction (MOG2),2
2026-07-08 17:43:26.506,523,MOTION DETECTED,Background Subtraction (MOG2),2
2026-07-08 17:43:26.533,524,MOTION DETECTED,Background Subtraction (MOG2),2
2026-07-08 17:43:26.556,525,MOTION DETECTED,Background Subtraction (MOG2),2
2026-07-08 17:43:26.578,526,MOTION DETECTED,Background Subtraction (MOG2),2
2026-07-08 17:43:26.604,527,MOTION DETECTED,Background Subtraction (MOG2),1
2026-07-08 17:43:26.624,528,MOTION DETECTED,Background Subtraction (MOG2),2
2026-07-08 17:43:26.657,529,MOTION DETECTED,Background Subtraction (MOG2),1
2026-07-08 17:43:26.686,530,MOTION DETECTED,Background Subtraction (MOG2),2
2026-07-08 17:43:26.720,531,MOTION DETECTED,Background Subtraction (MOG2),2
2026-07-08 17:43:26.751,532,MOTION DETECTED,Background Subtraction (MOG2),2
2026-07-08 17:43:26.774,533,MOTION DETECTED,Background Subtraction (MOG2),2
2026-07-08 17:43:26.798,534,MOTION DETECTED,Background Subtraction (MOG2),2
2026-07-08 17:43:26.818,535,MOTION DETECTED,Background Subtraction (MOG2),2
2026-07-08 17:43:26.842,536,MOTION DETECTED,Background Subtraction (MOG2),2
2026-07-08 17:43:26.861,537,MOTION DETECTED,Background Subtraction (MOG2),2
2026-07-08 17:43:26.885,538,MOTION DETECTED,Background Subtraction (MOG2),1
2026-07-08 17:43:26.902,539,NO MOTION,Background Subtraction (MOG2),0
2026-07-08 17:43:26.917,540,NO MOTION,Background Subtraction (MOG2),0
2026-07-08 17:43:26.937,541,NO MOTION,Background Subtraction (MOG2),0
2026-07-08 17:43:26.956,542,NO MOTION,Background Subtraction (MOG2),0
2026-07-08 17:43:27.006,543,MOTION DETECTED,Background Subtraction (MOG2),1
2026-07-08 17:43:27.054,544,MOTION DETECTED,Background Subtraction (MOG2),1
2026-07-08 17:43:27.078,545,MOTION DETECTED,Background Subtraction (MOG2),1
2026-07-08 17:43:27.100,546,MOTION DETECTED,Background Subtraction (MOG2),2
2026-07-08 17:43:27.123,547,MOTION DETECTED,Background Subtraction (MOG2),2
2026-07-08 17:43:27.147,548,MOTION DETECTED,Background Subtraction (MOG2),3
2026-07-08 17:43:27.172,549,MOTION DETECTED,Background Subtraction (MOG2),3
2026-07-08 17:43:27.196,550,MOTION DETECTED,Background Subtraction (MOG2),5
2026-07-08 17:43:27.215,551,MOTION DETECTED,Background Subtraction (MOG2),5
2026-07-08 17:43:27.238,552,MOTION DETECTED,Background Subtraction (MOG2),5
2026-07-08 17:43:27.260,553,MOTION DETECTED,Background Subtraction (MOG2),4
2026-07-08 17:43:27.283,554,MOTION DETECTED,Background Subtraction (MOG2),5
2026-07-08 17:43:27.335,555,MOTION DETECTED,Background Subtraction (MOG2),6
2026-07-08 17:43:27.359,556,MOTION DETECTED,Background Subtraction (MOG2),5
2026-07-08 17:43:27.380,557,MOTION DETECTED,Background Subtraction (MOG2),5
2026-07-08 17:43:27.401,558,MOTION DETECTED,Background Subtraction (MOG2),4
2026-07-08 17:43:27.423,559,MOTION DETECTED,Background Subtraction (MOG2),6
2026-07-08 17:43:27.445,560,MOTION DETECTED,Background Subtraction (MOG2),6
2026-07-08 17:43:27.468,561,MOTION DETECTED,Background Subtraction (MOG2),6
2026-07-08 17:43:27.490,562,MOTION DETECTED,Background Subtraction (MOG2),6
2026-07-08 17:43:27.514,563,MOTION DETECTED,Background Subtraction (MOG2),5
2026-07-08 17:43:27.531,564,MOTION DETECTED,Background Subtraction (MOG2),6
2026-07-08 17:43:27.588,565,MOTION DETECTED,Background Subtraction (MOG2),6
2026-07-08 17:43:27.612,566,MOTION DETECTED,Background Subtraction (MOG2),5
2026-07-08 17:43:27.629,567,MOTION DETECTED,Background Subtraction (MOG2),5
2026-07-08 17:43:27.656,568,MOTION DETECTED,Background Subtraction (MOG2),5
2026-07-08 17:43:27.679,569,MOTION DETECTED,Background Subtraction (MOG2),3
2026-07-08 17:43:27.702,570,MOTION DETECTED,Background Subtraction (MOG2),3
2026-07-08 17:43:27.723,571,MOTION DETECTED,Background Subtraction (MOG2),3
2026-07-08 17:43:27.743,572,MOTION DETECTED,Background Subtraction (MOG2),3
2026-07-08 17:43:27.765,573,MOTION DETECTED,Background Subtraction (MOG2),3
2026-07-08 17:43:27.805,574,MOTION DETECTED,Background Subtraction (MOG2),3
2026-07-08 17:43:27.833,575,MOTION DETECTED,Background Subtraction (MOG2),3
2026-07-08 17:43:27.866,576,MOTION DETECTED,Background Subtraction (MOG2),3
2026-07-08 17:43:27.904,577,MOTION DETECTED,Background Subtraction (MOG2),3
2026-07-08 17:43:27.932,578,MOTION DETECTED,Background Subtraction (MOG2),4
2026-07-08 17:43:27.968,579,MOTION DETECTED,Background Subtraction (MOG2),3
2026-07-08 17:43:28.004,580,MOTION DETECTED,Background Subtraction (MOG2),3
2026-07-08 17:43:28.052,581,MOTION DETECTED,Background Subtraction (MOG2),3
2026-07-08 17:43:28.108,582,MOTION DETECTED,Background Subtraction (MOG2),3
2026-07-08 17:43:28.134,583,MOTION DETECTED,Background Subtraction (MOG2),4
2026-07-08 17:43:28.162,584,MOTION DETECTED,Background Subtraction (MOG2),4
2026-07-08 17:43:28.186,585,MOTION DETECTED,Background Subtraction (MOG2),3
2026-07-08 17:43:28.210,586,MOTION DETECTED,Background Subtraction (MOG2),4
2026-07-08 17:43:28.231,587,MOTION DETECTED,Background Subtraction (MOG2),4
2026-07-08 17:43:28.254,588,MOTION DETECTED,Background Subtraction (MOG2),5
2026-07-08 17:43:28.278,589,MOTION DETECTED,Background Subtraction (MOG2),4
2026-07-08 17:43:28.300,590,MOTION DETECTED,Background Subtraction (MOG2),4
2026-07-08 17:43:28.322,591,MOTION DETECTED,Background Subtraction (MOG2),4
2026-07-08 17:43:28.346,592,MOTION DETECTED,Background Subtraction (MOG2),4
2026-07-08 17:43:28.366,593,MOTION DETECTED,Background Subtraction (MOG2),4
2026-07-08 17:43:28.390,594,MOTION DETECTED,Background Subtraction (MOG2),4
2026-07-08 17:43:28.413,595,MOTION DETECTED,Background Subtraction (MOG2),4
2026-07-08 17:43:28.437,596,MOTION DETECTED,Background Subtraction (MOG2),4
2026-07-08 17:43:28.458,597,MOTION DETECTED,Background Subtraction (MOG2),3
2026-07-08 17:43:28.477,598,MOTION DETECTED,Background Subtraction (MOG2),4
2026-07-08 17:43:28.500,599,MOTION DETECTED,Background Subtraction (MOG2),4
2026-07-08 17:43:28.523,600,MOTION DETECTED,Background Subtraction (MOG2),4
2026-07-08 17:43:28.544,601,MOTION DETECTED,Background Subtraction (MOG2),5
2026-07-08 17:43:28.572,602,MOTION DETECTED,Background Subtraction (MOG2),4
2026-07-08 17:43:28.602,603,MOTION DETECTED,Background Subtraction (MOG2),4
2026-07-08 17:43:28.626,604,MOTION DETECTED,Background Subtraction (MOG2),4
2026-07-08 17:43:28.654,605,MOTION DETECTED,Background Subtraction (MOG2),4
2026-07-08 17:43:28.673,606,MOTION DETECTED,Background Subtraction (MOG2),4
2026-07-08 17:43:28.706,607,MOTION DETECTED,Background Subtraction (MOG2),4
2026-07-08 17:43:28.731,608,MOTION DETECTED,Background Subtraction (MOG2),4
2026-07-08 17:43:28.771,609,MOTION DETECTED,Background Subtraction (MOG2),5
2026-07-08 17:43:28.805,610,MOTION DETECTED,Background Subtraction (MOG2),5
2026-07-08 17:43:28.836,611,MOTION DETECTED,Background Subtraction (MOG2),6
2026-07-08 17:43:28.892,612,MOTION DETECTED,Background Subtraction (MOG2),6
2026-07-08 17:43:28.923,613,MOTION DETECTED,Background Subtraction (MOG2),6
2026-07-08 17:43:28.951,614,MOTION DETECTED,Background Subtraction (MOG2),5
2026-07-08 17:43:28.980,615,MOTION DETECTED,Background Subtraction (MOG2),5
2026-07-08 17:43:29.035,616,MOTION DETECTED,Background Subtraction (MOG2),5
2026-07-08 17:43:29.069,617,MOTION DETECTED,Background Subtraction (MOG2),6
2026-07-08 17:43:29.109,618,MOTION DETECTED,Background Subtraction (MOG2),5
2026-07-08 17:43:29.137,619,MOTION DETECTED,Background Subtraction (MOG2),4
2026-07-08 17:43:29.190,620,MOTION DETECTED,Background Subtraction (MOG2),4
2026-07-08 17:43:29.221,621,MOTION DETECTED,Background Subtraction (MOG2),3
2026-07-08 17:43:29.251,622,MOTION DETECTED,Background Subtraction (MOG2),3
2026-07-08 17:43:29.286,623,MOTION DETECTED,Background Subtraction (MOG2),3
2026-07-08 17:43:29.315,624,MOTION DETECTED,Background Subtraction (MOG2),4
2026-07-08 17:43:29.339,625,MOTION DETECTED,Background Subtraction (MOG2),7
2026-07-08 17:43:29.374,626,MOTION DETECTED,Background Subtraction (MOG2),7
2026-07-08 17:43:29.401,627,MOTION DETECTED,Background Subtraction (MOG2),8
2026-07-08 17:43:29.442,628,MOTION DETECTED,Background Subtraction (MOG2),9
2026-07-08 17:43:29.472,629,MOTION DETECTED,Background Subtraction (MOG2),7
2026-07-08 17:43:29.506,630,MOTION DETECTED,Background Subtraction (MOG2),6
2026-07-08 17:43:29.539,631,MOTION DETECTED,Background Subtraction (MOG2),6
2026-07-08 17:43:29.572,632,MOTION DETECTED,Background Subtraction (MOG2),6
2026-07-08 17:43:29.636,633,MOTION DETECTED,Background Subtraction (MOG2),7
2026-07-08 17:43:29.671,634,MOTION DETECTED,Background Subtraction (MOG2),8
2026-07-08 17:43:29.710,635,MOTION DETECTED,Background Subtraction (MOG2),5
2026-07-08 17:43:29.742,636,MOTION DETECTED,Background Subtraction (MOG2),6
2026-07-08 17:43:29.771,637,MOTION DETECTED,Background Subtraction (MOG2),4
2026-07-08 17:43:29.800,638,MOTION DETECTED,Background Subtraction (MOG2),5
2026-07-08 17:43:29.827,639,MOTION DETECTED,Background Subtraction (MOG2),5
2026-07-08 17:43:29.865,640,MOTION DETECTED,Background Subtraction (MOG2),4
2026-07-08 17:43:29.884,641,MOTION DETECTED,Background Subtraction (MOG2),4
2026-07-08 17:43:30.044,642,MOTION DETECTED,Background Subtraction (MOG2),4
2026-07-08 17:43:30.073,643,MOTION DETECTED,Background Subtraction (MOG2),4
2026-07-08 17:43:30.137,644,MOTION DETECTED,Background Subtraction (MOG2),4
2026-07-08 17:43:30.169,645,MOTION DETECTED,Background Subtraction (MOG2),4
2026-07-08 17:43:30.205,646,MOTION DETECTED,Background Subtraction (MOG2),3
2026-07-08 17:43:30.235,647,MOTION DETECTED,Background Subtraction (MOG2),3
2026-07-08 17:43:30.277,648,MOTION DETECTED,Background Subtraction (MOG2),3
2026-07-08 17:43:30.306,649,MOTION DETECTED,Background Subtraction (MOG2),3
2026-07-08 17:43:30.341,650,MOTION DETECTED,Background Subtraction (MOG2),3
2026-07-08 17:43:30.371,651,MOTION DETECTED,Background Subtraction (MOG2),2
2026-07-08 17:43:30.404,652,MOTION DETECTED,Background Subtraction (MOG2),2
2026-07-08 17:43:30.432,653,MOTION DETECTED,Background Subtraction (MOG2),2
2026-07-08 17:43:30.461,654,MOTION DETECTED,Background Subtraction (MOG2),2
2026-07-08 17:43:30.495,655,MOTION DETECTED,Background Subtraction (MOG2),3
2026-07-08 17:43:30.530,656,MOTION DETECTED,Background Subtraction (MOG2),2
2026-07-08 17:43:30.561,657,MOTION DETECTED,Background Subtraction (MOG2),2
2026-07-08 17:43:30.582,658,MOTION DETECTED,Background Subtraction (MOG2),2
2026-07-08 17:43:30.607,659,MOTION DETECTED,Background Subtraction (MOG2),2
2026-07-08 17:43:30.637,660,MOTION DETECTED,Background Subtraction (MOG2),2
2026-07-08 17:43:30.658,661,MOTION DETECTED,Background Subtraction (MOG2),3
2026-07-08 17:43:30.682,662,MOTION DETECTED,Background Subtraction (MOG2),3
2026-07-08 17:43:30.707,663,MOTION DETECTED,Background Subtraction (MOG2),4
2026-07-08 17:43:30.729,664,MOTION DETECTED,Background Subtraction (MOG2),4
2026-07-08 17:43:30.766,665,MOTION DETECTED,Background Subtraction (MOG2),4
2026-07-08 17:43:30.789,666,MOTION DETECTED,Background Subtraction (MOG2),3
2026-07-08 17:43:30.816,667,MOTION DETECTED,Background Subtraction (MOG2),3
2026-07-08 17:43:30.881,668,MOTION DETECTED,Background Subtraction (MOG2),3
2026-07-08 17:43:30.915,669,MOTION DETECTED,Background Subtraction (MOG2),3
2026-07-08 17:43:30.942,670,MOTION DETECTED,Background Subtraction (MOG2),3
2026-07-08 17:43:30.976,671,MOTION DETECTED,Background Subtraction (MOG2),4
2026-07-08 17:43:31.011,672,MOTION DETECTED,Background Subtraction (MOG2),3
2026-07-08 17:43:31.037,673,MOTION DETECTED,Background Subtraction (MOG2),3
2026-07-08 17:43:31.075,674,MOTION DETECTED,Background Subtraction (MOG2),4
2026-07-08 17:43:31.109,675,MOTION DETECTED,Background Subtraction (MOG2),4
2026-07-08 17:43:31.141,676,MOTION DETECTED,Background Subtraction (MOG2),4
2026-07-08 17:43:31.176,677,MOTION DETECTED,Background Subtraction (MOG2),4
2026-07-08 17:43:31.209,678,MOTION DETECTED,Background Subtraction (MOG2),3
2026-07-08 17:43:31.239,679,MOTION DETECTED,Background Subtraction (MOG2),4
2026-07-08 17:43:31.273,680,MOTION DETECTED,Background Subtraction (MOG2),4
2026-07-08 17:43:31.304,681,MOTION DETECTED,Background Subtraction (MOG2),4
2026-07-08 17:43:31.373,682,MOTION DETECTED,Background Subtraction (MOG2),4
2026-07-08 17:43:31.406,683,MOTION DETECTED,Background Subtraction (MOG2),3
2026-07-08 17:43:31.439,684,MOTION DETECTED,Background Subtraction (MOG2),3
2026-07-08 17:43:31.475,685,MOTION DETECTED,Background Subtraction (MOG2),3
2026-07-08 17:43:31.538,686,MOTION DETECTED,Background Subtraction (MOG2),4
2026-07-08 17:43:31.571,687,MOTION DETECTED,Background Subtraction (MOG2),2
2026-07-08 17:43:31.605,688,MOTION DETECTED,Background Subtraction (MOG2),3
2026-07-08 17:43:31.642,689,MOTION DETECTED,Background Subtraction (MOG2),2
2026-07-08 17:43:31.705,690,MOTION DETECTED,Background Subtraction (MOG2),2
2026-07-08 17:43:31.741,691,MOTION DETECTED,Background Subtraction (MOG2),2
2026-07-08 17:43:31.773,692,MOTION DETECTED,Background Subtraction (MOG2),3
2026-07-08 17:43:31.806,693,MOTION DETECTED,Background Subtraction (MOG2),2
2026-07-08 17:43:31.839,694,MOTION DETECTED,Background Subtraction (MOG2),2
2026-07-08 17:43:31.872,695,MOTION DETECTED,Background Subtraction (MOG2),4
2026-07-08 17:43:31.924,696,MOTION DETECTED,Background Subtraction (MOG2),4
2026-07-08 17:43:31.955,697,MOTION DETECTED,Background Subtraction (MOG2),4
2026-07-08 17:43:31.988,698,MOTION DETECTED,Background Subtraction (MOG2),4
2026-07-08 17:43:32.022,699,MOTION DETECTED,Background Subtraction (MOG2),4
2026-07-08 17:43:32.055,700,MOTION DETECTED,Background Subtraction (MOG2),4
2026-07-08 17:43:32.093,701,MOTION DETECTED,Background Subtraction (MOG2),4
2026-07-08 17:43:32.122,702,MOTION DETECTED,Background Subtraction (MOG2),3
2026-07-08 17:43:32.152,703,MOTION DETECTED,Background Subtraction (MOG2),3
2026-07-08 17:43:32.212,704,MOTION DETECTED,Background Subtraction (MOG2),3
2026-07-08 17:43:32.242,705,MOTION DETECTED,Background Subtraction (MOG2),3
2026-07-08 17:43:32.274,706,MOTION DETECTED,Background Subtraction (MOG2),3
2026-07-08 17:43:32.305,707,MOTION DETECTED,Background Subtraction (MOG2),3
2026-07-08 17:43:32.366,708,MOTION DETECTED,Background Subtraction (MOG2),3
2026-07-08 17:43:32.398,709,MOTION DETECTED,Background Subtraction (MOG2),3
2026-07-08 17:43:32.427,710,MOTION DETECTED,Background Subtraction (MOG2),3
2026-07-08 17:43:32.450,711,MOTION DETECTED,Background Subtraction (MOG2),3
2026-07-08 17:43:32.473,712,MOTION DETECTED,Background Subtraction (MOG2),3
2026-07-08 17:43:32.498,713,MOTION DETECTED,Background Subtraction (MOG2),3
2026-07-08 17:43:32.523,714,MOTION DETECTED,Background Subtraction (MOG2),3
2026-07-08 17:43:32.546,715,MOTION DETECTED,Background Subtraction (MOG2),2
2026-07-08 17:43:32.571,716,MOTION DETECTED,Background Subtraction (MOG2),3
2026-07-08 17:43:32.594,717,MOTION DETECTED,Background Subtraction (MOG2),3
2026-07-08 17:43:32.650,718,MOTION DETECTED,Background Subtraction (MOG2),3
2026-07-08 17:43:32.673,719,MOTION DETECTED,Background Subtraction (MOG2),3
2026-07-08 17:43:32.695,720,MOTION DETECTED,Background Subtraction (MOG2),2
2026-07-08 17:43:32.718,721,MOTION DETECTED,Background Subtraction (MOG2),2
2026-07-08 17:43:32.744,722,MOTION DETECTED,Background Subtraction (MOG2),1
2026-07-08 17:43:32.768,723,MOTION DETECTED,Background Subtraction (MOG2),1
2026-07-08 17:43:32.792,724,MOTION DETECTED,Background Subtraction (MOG2),1
2026-07-08 17:43:32.817,725,MOTION DETECTED,Background Subtraction (MOG2),2
2026-07-08 17:43:32.842,726,MOTION DETECTED,Background Subtraction (MOG2),2
2026-07-08 17:43:32.866,727,MOTION DETECTED,Background Subtraction (MOG2),2
2026-07-08 17:43:32.891,728,MOTION DETECTED,Background Subtraction (MOG2),2
2026-07-08 17:43:32.916,729,MOTION DETECTED,Background Subtraction (MOG2),2
2026-07-08 17:43:32.941,730,MOTION DETECTED,Background Subtraction (MOG2),2
2026-07-08 17:43:32.964,731,MOTION DETECTED,Background Subtraction (MOG2),1
2026-07-08 17:43:32.989,732,MOTION DETECTED,Background Subtraction (MOG2),2
2026-07-08 17:43:33.013,733,MOTION DETECTED,Background Subtraction (MOG2),2
2026-07-08 17:43:33.040,734,MOTION DETECTED,Background Subtraction (MOG2),4
2026-07-08 17:43:33.066,735,MOTION DETECTED,Background Subtraction (MOG2),4
2026-07-08 17:43:33.091,736,MOTION DETECTED,Background Subtraction (MOG2),5
2026-07-08 17:43:33.115,737,MOTION DETECTED,Background Subtraction (MOG2),6
2026-07-08 17:43:33.167,738,MOTION DETECTED,Background Subtraction (MOG2),6
2026-07-08 17:43:33.190,739,MOTION DETECTED,Background Subtraction (MOG2),7
2026-07-08 17:43:33.220,740,MOTION DETECTED,Background Subtraction (MOG2),8
2026-07-08 17:43:33.246,741,MOTION DETECTED,Background Subtraction (MOG2),7
2026-07-08 17:43:33.273,742,MOTION DETECTED,Background Subtraction (MOG2),6
2026-07-08 17:43:33.304,743,MOTION DETECTED,Background Subtraction (MOG2),6
2026-07-08 17:43:33.328,744,MOTION DETECTED,Background Subtraction (MOG2),6
2026-07-08 17:43:33.350,745,MOTION DETECTED,Background Subtraction (MOG2),7
2026-07-08 17:43:33.381,746,MOTION DETECTED,Background Subtraction (MOG2),6
2026-07-08 17:43:33.441,747,MOTION DETECTED,Background Subtraction (MOG2),5
2026-07-08 17:43:33.471,748,MOTION DETECTED,Background Subtraction (MOG2),5
2026-07-08 17:43:33.498,749,MOTION DETECTED,Background Subtraction (MOG2),5
2026-07-08 17:43:33.527,750,MOTION DETECTED,Background Subtraction (MOG2),5
2026-07-08 17:43:33.552,751,MOTION DETECTED,Background Subtraction (MOG2),5
2026-07-08 17:43:33.582,752,MOTION DETECTED,Background Subtraction (MOG2),5
2026-07-08 17:43:33.606,753,MOTION DETECTED,Background Subtraction (MOG2),4
2026-07-08 17:43:33.631,754,MOTION DETECTED,Background Subtraction (MOG2),4
2026-07-08 17:43:33.683,755,MOTION DETECTED,Background Subtraction (MOG2),6
2026-07-08 17:43:33.707,756,MOTION DETECTED,Background Subtraction (MOG2),6
2026-07-08 17:43:33.731,757,MOTION DETECTED,Background Subtraction (MOG2),6
2026-07-08 17:43:33.755,758,MOTION DETECTED,Background Subtraction (MOG2),6
2026-07-08 17:43:33.779,759,MOTION DETECTED,Background Subtraction (MOG2),6
2026-07-08 17:43:33.814,760,MOTION DETECTED,Background Subtraction (MOG2),8
2026-07-08 17:43:33.838,761,MOTION DETECTED,Background Subtraction (MOG2),6
2026-07-08 17:43:33.865,762,MOTION DETECTED,Background Subtraction (MOG2),7
2026-07-08 17:43:33.887,763,MOTION DETECTED,Background Subtraction (MOG2),6
2026-07-08 17:43:33.913,764,MOTION DETECTED,Background Subtraction (MOG2),6
2026-07-08 17:43:33.938,765,MOTION DETECTED,Background Subtraction (MOG2),6
2026-07-08 17:43:33.992,766,MOTION DETECTED,Background Subtraction (MOG2),7
2026-07-08 17:43:34.016,767,MOTION DETECTED,Background Subtraction (MOG2),6
2026-07-08 17:43:34.040,768,MOTION DETECTED,Background Subtraction (MOG2),5
2026-07-08 17:43:34.061,769,MOTION DETECTED,Background Subtraction (MOG2),5
2026-07-08 17:43:34.092,770,MOTION DETECTED,Background Subtraction (MOG2),4
2026-07-08 17:43:34.113,771,MOTION DETECTED,Background Subtraction (MOG2),3
2026-07-08 17:43:34.134,772,MOTION DETECTED,Background Subtraction (MOG2),2
2026-07-08 17:43:34.161,773,MOTION DETECTED,Background Subtraction (MOG2),2
2026-07-08 17:43:34.196,774,MOTION DETECTED,Background Subtraction (MOG2),2
2026-07-08 17:43:34.219,775,MOTION DETECTED,Background Subtraction (MOG2),2
2026-07-08 17:43:34.241,776,MOTION DETECTED,Background Subtraction (MOG2),2
2026-07-08 17:43:34.270,777,MOTION DETECTED,Background Subtraction (MOG2),2
2026-07-08 17:43:34.290,778,MOTION DETECTED,Background Subtraction (MOG2),2
2026-07-08 17:43:34.318,779,MOTION DETECTED,Background Subtraction (MOG2),2
2026-07-08 17:43:34.354,780,MOTION DETECTED,Background Subtraction (MOG2),3
2026-07-08 17:43:34.383,781,MOTION DETECTED,Background Subtraction (MOG2),3
2026-07-08 17:43:34.449,782,MOTION DETECTED,Background Subtraction (MOG2),3
2026-07-08 17:43:34.470,783,MOTION DETECTED,Background Subtraction (MOG2),3
2026-07-08 17:43:34.493,784,MOTION DETECTED,Background Subtraction (MOG2),3
2026-07-08 17:43:34.522,785,MOTION DETECTED,Background Subtraction (MOG2),4
2026-07-08 17:43:34.549,786,MOTION DETECTED,Background Subtraction (MOG2),5
2026-07-08 17:43:34.578,787,MOTION DETECTED,Background Subtraction (MOG2),5
2026-07-08 17:43:34.606,788,MOTION DETECTED,Background Subtraction (MOG2),5
2026-07-08 17:43:34.631,789,MOTION DETECTED,Background Subtraction (MOG2),5
2026-07-08 17:43:34.666,790,MOTION DETECTED,Background Subtraction (MOG2),3
2026-07-08 17:43:34.703,791,MOTION DETECTED,Background Subtraction (MOG2),3
2026-07-08 17:43:34.733,792,MOTION DETECTED,Background Subtraction (MOG2),3
2026-07-08 17:43:34.755,793,MOTION DETECTED,Background Subtraction (MOG2),4
2026-07-08 17:43:34.789,794,MOTION DETECTED,Background Subtraction (MOG2),5
2026-07-08 17:43:34.821,795,MOTION DETECTED,Background Subtraction (MOG2),5
2026-07-08 17:43:34.847,796,MOTION DETECTED,Background Subtraction (MOG2),5
2026-07-08 17:43:34.875,797,MOTION DETECTED,Background Subtraction (MOG2),5
2026-07-08 17:43:34.900,798,MOTION DETECTED,Background Subtraction (MOG2),4
2026-07-08 17:43:34.923,799,MOTION DETECTED,Background Subtraction (MOG2),4
2026-07-08 17:43:34.947,800,MOTION DETECTED,Background Subtraction (MOG2),5
2026-07-08 17:43:34.975,801,MOTION DETECTED,Background Subtraction (MOG2),5
2026-07-08 17:43:35.000,802,MOTION DETECTED,Background Subtraction (MOG2),5
2026-07-08 17:43:35.024,803,MOTION DETECTED,Background Subtraction (MOG2),5
2026-07-08 17:43:35.052,804,MOTION DETECTED,Background Subtraction (MOG2),5
2026-07-08 17:43:35.081,805,MOTION DETECTED,Background Subtraction (MOG2),5
2026-07-08 17:43:35.108,806,MOTION DETECTED,Background Subtraction (MOG2),5
2026-07-08 17:43:35.132,807,MOTION DETECTED,Background Subtraction (MOG2),5
2026-07-08 17:43:35.156,808,MOTION DETECTED,Background Subtraction (MOG2),3
2026-07-08 17:43:35.177,809,MOTION DETECTED,Background Subtraction (MOG2),5
2026-07-08 17:43:35.200,810,MOTION DETECTED,Background Subtraction (MOG2),4
2026-07-08 17:43:35.224,811,MOTION DETECTED,Background Subtraction (MOG2),4
2026-07-08 17:43:35.252,812,MOTION DETECTED,Background Subtraction (MOG2),4
2026-07-08 17:43:35.276,813,MOTION DETECTED,Background Subtraction (MOG2),4
2026-07-08 17:43:35.301,814,MOTION DETECTED,Background Subtraction (MOG2),4
2026-07-08 17:43:35.322,815,MOTION DETECTED,Background Subtraction (MOG2),4
2026-07-08 17:43:35.344,816,MOTION DETECTED,Background Subtraction (MOG2),4
2026-07-08 17:43:35.366,817,MOTION DETECTED,Background Subtraction (MOG2),4
2026-07-08 17:43:35.393,818,MOTION DETECTED,Background Subtraction (MOG2),4
2026-07-08 17:43:35.422,819,MOTION DETECTED,Background Subtraction (MOG2),5
2026-07-08 17:43:35.453,820,MOTION DETECTED,Background Subtraction (MOG2),4
2026-07-08 17:43:35.470,821,MOTION DETECTED,Background Subtraction (MOG2),4
2026-07-08 17:43:35.491,822,MOTION DETECTED,Background Subtraction (MOG2),4
2026-07-08 17:43:35.522,823,MOTION DETECTED,Background Subtraction (MOG2),3
2026-07-08 17:43:35.551,824,MOTION DETECTED,Background Subtraction (MOG2),2
2026-07-08 17:43:35.583,825,MOTION DETECTED,Background Subtraction (MOG2),2
2026-07-08 17:43:35.604,826,MOTION DETECTED,Background Subtraction (MOG2),2
2026-07-08 17:43:35.659,827,MOTION DETECTED,Background Subtraction (MOG2),2
2026-07-08 17:43:35.703,828,MOTION DETECTED,Background Subtraction (MOG2),2
2026-07-08 17:43:35.723,829,MOTION DETECTED,Background Subtraction (MOG2),3
2026-07-08 17:43:35.750,830,MOTION DETECTED,Background Subtraction (MOG2),4
2026-07-08 17:43:35.770,831,MOTION DETECTED,Background Subtraction (MOG2),4
2026-07-08 17:43:35.794,832,MOTION DETECTED,Background Subtraction (MOG2),3
2026-07-08 17:43:35.833,833,MOTION DETECTED,Background Subtraction (MOG2),3
2026-07-08 17:43:35.858,834,MOTION DETECTED,Background Subtraction (MOG2),2
2026-07-08 17:43:35.879,835,MOTION DETECTED,Background Subtraction (MOG2),2
2026-07-08 17:43:35.903,836,MOTION DETECTED,Background Subtraction (MOG2),1
2026-07-08 17:43:35.934,837,MOTION DETECTED,Background Subtraction (MOG2),1
2026-07-08 17:43:35.960,838,MOTION DETECTED,Background Subtraction (MOG2),1
2026-07-08 17:43:35.983,839,NO MOTION,Background Subtraction (MOG2),0
2026-07-08 17:43:36.000,840,NO MOTION,Background Subtraction (MOG2),0
2026-07-08 17:43:36.016,841,NO MOTION,Background Subtraction (MOG2),0
2026-07-08 17:43:36.034,842,NO MOTION,Background Subtraction (MOG2),0
2026-07-08 17:43:36.050,843,NO MOTION,Background Subtraction (MOG2),0
2026-07-08 17:43:36.067,844,NO MOTION,Background Subtraction (MOG2),0
2026-07-08 17:43:36.087,845,NO MOTION,Background Subtraction (MOG2),0
2026-07-08 17:43:36.118,846,NO MOTION,Background Subtraction (MOG2),0
2026-07-08 17:43:36.150,847,NO MOTION,Background Subtraction (MOG2),0
2026-07-08 17:43:36.178,848,NO MOTION,Background Subtraction (MOG2),0
2026-07-08 17:43:36.213,849,NO MOTION,Background Subtraction (MOG2),0
2026-07-08 17:43:36.250,850,NO MOTION,Background Subtraction (MOG2),0
2026-07-08 17:43:36.269,851,NO MOTION,Background Subtraction (MOG2),0
2026-07-08 17:43:36.299,852,NO MOTION,Background Subtraction (MOG2),0
2026-07-08 17:43:36.328,853,NO MOTION,Background Subtraction (MOG2),0
2026-07-08 17:43:36.364,854,NO MOTION,Background Subtraction (MOG2),0
2026-07-08 17:43:36.387,855,NO MOTION,Background Subtraction (MOG2),0
2026-07-08 17:43:36.415,856,MOTION DETECTED,Background Subtraction (MOG2),1
2026-07-08 17:43:36.443,857,MOTION DETECTED,Background Subtraction (MOG2),1
2026-07-08 17:43:36.492,858,MOTION DETECTED,Background Subtraction (MOG2),1
2026-07-08 17:43:36.523,859,MOTION DETECTED,Background Subtraction (MOG2),1
2026-07-08 17:43:36.554,860,MOTION DETECTED,Background Subtraction (MOG2),1
2026-07-08 17:43:36.589,861,MOTION DETECTED,Background Subtraction (MOG2),1
2026-07-08 17:43:36.607,862,MOTION DETECTED,Background Subtraction (MOG2),1
2026-07-08 17:43:36.630,863,MOTION DETECTED,Background Subtraction (MOG2),1
2026-07-08 17:43:36.652,864,MOTION DETECTED,Background Subtraction (MOG2),1
2026-07-08 17:43:36.680,865,MOTION DETECTED,Background Subtraction (MOG2),1
2026-07-08 17:43:36.700,866,MOTION DETECTED,Background Subtraction (MOG2),1
2026-07-08 17:43:36.736,867,MOTION DETECTED,Background Subtraction (MOG2),1
2026-07-08 17:43:36.757,868,MOTION DETECTED,Background Subtraction (MOG2),1
2026-07-08 17:43:36.775,869,NO MOTION,Background Subtraction (MOG2),0
2026-07-08 17:43:36.792,870,NO MOTION,Background Subtraction (MOG2),0
2026-07-08 17:43:36.815,871,NO MOTION,Background Subtraction (MOG2),0
2026-07-08 17:43:36.850,872,MOTION DETECTED,Background Subtraction (MOG2),1
2026-07-08 17:43:36.872,873,MOTION DETECTED,Background Subtraction (MOG2),1
2026-07-08 17:43:36.901,874,MOTION DETECTED,Background Subtraction (MOG2),1
2026-07-08 17:43:36.954,875,MOTION DETECTED,Background Subtraction (MOG2),1
2026-07-08 17:43:36.983,876,NO MOTION,Background Subtraction (MOG2),0
2026-07-08 17:43:37.000,877,NO MOTION,Background Subtraction (MOG2),0
2026-07-08 17:43:37.024,878,NO MOTION,Background Subtraction (MOG2),0
2026-07-08 17:43:37.050,879,MOTION DETECTED,Background Subtraction (MOG2),1
2026-07-08 17:43:37.075,880,MOTION DETECTED,Background Subtraction (MOG2),1
2026-07-08 17:43:37.095,881,NO MOTION,Background Subtraction (MOG2),0
2026-07-08 17:43:37.114,882,NO MOTION,Background Subtraction (MOG2),0
2026-07-08 17:43:37.145,883,NO MOTION,Background Subtraction (MOG2),0
2026-07-08 17:43:37.177,884,NO MOTION,Background Subtraction (MOG2),0
2026-07-08 17:43:37.202,885,NO MOTION,Background Subtraction (MOG2),0
2026-07-08 17:43:37.220,886,NO MOTION,Background Subtraction (MOG2),0
2026-07-08 17:43:37.252,887,NO MOTION,Background Subtraction (MOG2),0
2026-07-08 17:43:37.269,888,NO MOTION,Background Subtraction (MOG2),0
2026-07-08 17:43:37.281,889,NO MOTION,Background Subtraction (MOG2),0
2026-07-08 17:43:37.312,890,NO MOTION,Background Subtraction (MOG2),0
2026-07-08 17:43:37.346,891,NO MOTION,Background Subtraction (MOG2),0
2026-07-08 17:43:37.390,892,NO MOTION,Background Subtraction (MOG2),0
2026-07-08 17:43:37.407,893,NO MOTION,Background Subtraction (MOG2),0
2026-07-08 17:43:37.439,894,NO MOTION,Background Subtraction (MOG2),0
2026-07-08 17:43:37.459,895,NO MOTION,Background Subtraction (MOG2),0
2026-07-08 17:43:37.487,896,NO MOTION,Background Subtraction (MOG2),0
2026-07-08 17:43:37.516,897,NO MOTION,Background Subtraction (MOG2),0
2026-07-08 17:43:46.320,1,MOTION DETECTED,Background Subtraction (KNN),1
2026-07-08 17:43:46.451,2,MOTION DETECTED,Background Subtraction (KNN),1
2026-07-08 17:43:46.528,3,MOTION DETECTED,Background Subtraction (KNN),1
2026-07-08 17:43:46.576,4,MOTION DETECTED,Background Subtraction (KNN),1
2026-07-08 17:43:46.615,5,MOTION DETECTED,Background Subtraction (KNN),2
2026-07-08 17:43:46.654,6,MOTION DETECTED,Background Subtraction (KNN),2
2026-07-08 17:43:46.690,7,MOTION DETECTED,Background Subtraction (KNN),2
2026-07-08 17:43:46.730,8,MOTION DETECTED,Background Subtraction (KNN),1
2026-07-08 17:43:46.757,9,NO MOTION,Background Subtraction (KNN),0
2026-07-08 17:43:46.796,10,MOTION DETECTED,Background Subtraction (KNN),1
2026-07-08 17:43:46.826,11,MOTION DETECTED,Background Subtraction (KNN),2
2026-07-08 17:43:46.863,12,MOTION DETECTED,Background Subtraction (KNN),1
2026-07-08 17:43:46.901,13,MOTION DETECTED,Background Subtraction (KNN),1
2026-07-08 17:43:46.933,14,MOTION DETECTED,Background Subtraction (KNN),2
2026-07-08 17:43:46.961,15,MOTION DETECTED,Background Subtraction (KNN),2
2026-07-08 17:43:46.993,16,MOTION DETECTED,Background Subtraction (KNN),2
2026-07-08 17:43:47.023,17,MOTION DETECTED,Background Subtraction (KNN),2
2026-07-08 17:43:47.064,18,MOTION DETECTED,Background Subtraction (KNN),1
2026-07-08 17:43:47.091,19,MOTION DETECTED,Background Subtraction (KNN),1
2026-07-08 17:43:47.128,20,MOTION DETECTED,Background Subtraction (KNN),1
2026-07-08 17:43:47.161,21,MOTION DETECTED,Background Subtraction (KNN),1
2026-07-08 17:43:47.190,22,MOTION DETECTED,Background Subtraction (KNN),1
2026-07-08 17:43:47.226,23,MOTION DETECTED,Background Subtraction (KNN),1
2026-07-08 17:43:47.267,24,MOTION DETECTED,Background Subtraction (KNN),1
2026-07-08 17:43:47.304,25,MOTION DETECTED,Background Subtraction (KNN),1
2026-07-08 17:43:47.336,26,MOTION DETECTED,Background Subtraction (KNN),2
2026-07-08 17:43:47.367,27,MOTION DETECTED,Background Subtraction (KNN),2
2026-07-08 17:43:47.397,28,MOTION DETECTED,Background Subtraction (KNN),2
2026-07-08 17:43:47.424,29,MOTION DETECTED,Background Subtraction (KNN),3
2026-07-08 17:43:47.458,30,MOTION DETECTED,Background Subtraction (KNN),3
2026-07-08 17:43:47.490,31,MOTION DETECTED,Background Subtraction (KNN),3
2026-07-08 17:43:47.513,32,MOTION DETECTED,Background Subtraction (KNN),4
2026-07-08 17:43:47.542,33,MOTION DETECTED,Background Subtraction (KNN),2
2026-07-08 17:43:47.576,34,MOTION DETECTED,Background Subtraction (KNN),2
2026-07-08 17:43:47.607,35,MOTION DETECTED,Background Subtraction (KNN),2
2026-07-08 17:43:47.637,36,MOTION DETECTED,Background Subtraction (KNN),2
2026-07-08 17:43:47.676,37,MOTION DETECTED,Background Subtraction (KNN),3
2026-07-08 17:43:47.707,38,MOTION DETECTED,Background Subtraction (KNN),3
2026-07-08 17:43:47.742,39,MOTION DETECTED,Background Subtraction (KNN),3
2026-07-08 17:43:47.775,40,MOTION DETECTED,Background Subtraction (KNN),3
2026-07-08 17:43:47.804,41,MOTION DETECTED,Background Subtraction (KNN),3
2026-07-08 17:43:47.832,42,MOTION DETECTED,Background Subtraction (KNN),3
2026-07-08 17:43:47.863,43,MOTION DETECTED,Background Subtraction (KNN),4
2026-07-08 17:43:47.895,44,MOTION DETECTED,Background Subtraction (KNN),6
2026-07-08 17:43:47.927,45,MOTION DETECTED,Background Subtraction (KNN),4
2026-07-08 17:43:47.955,46,MOTION DETECTED,Background Subtraction (KNN),4
2026-07-08 17:43:47.990,47,MOTION DETECTED,Background Subtraction (KNN),4
2026-07-08 17:43:48.016,48,MOTION DETECTED,Background Subtraction (KNN),4
2026-07-08 17:43:48.079,49,MOTION DETECTED,Background Subtraction (KNN),3
2026-07-08 17:43:48.119,50,MOTION DETECTED,Background Subtraction (KNN),2
2026-07-08 17:43:48.158,51,MOTION DETECTED,Background Subtraction (KNN),2
2026-07-08 17:43:48.192,52,MOTION DETECTED,Background Subtraction (KNN),2
2026-07-08 17:43:48.225,53,MOTION DETECTED,Background Subtraction (KNN),2
2026-07-08 17:43:48.281,54,MOTION DETECTED,Background Subtraction (KNN),2
2026-07-08 17:43:48.313,55,MOTION DETECTED,Background Subtraction (KNN),3
2026-07-08 17:43:48.350,56,MOTION DETECTED,Background Subtraction (KNN),3
2026-07-08 17:43:48.383,57,MOTION DETECTED,Background Subtraction (KNN),3
2026-07-08 17:43:48.414,58,MOTION DETECTED,Background Subtraction (KNN),3
2026-07-08 17:43:48.448,59,MOTION DETECTED,Background Subtraction (KNN),4
2026-07-08 17:43:48.481,60,MOTION DETECTED,Background Subtraction (KNN),4
2026-07-08 17:43:48.515,61,MOTION DETECTED,Background Subtraction (KNN),4
2026-07-08 17:43:48.559,62,MOTION DETECTED,Background Subtraction (KNN),4
2026-07-08 17:43:48.595,63,MOTION DETECTED,Background Subtraction (KNN),3
2026-07-08 17:43:48.626,64,MOTION DETECTED,Background Subtraction (KNN),3
2026-07-08 17:43:48.672,65,MOTION DETECTED,Background Subtraction (KNN),4
2026-07-08 17:43:48.709,66,MOTION DETECTED,Background Subtraction (KNN),3
2026-07-08 17:43:48.739,67,MOTION DETECTED,Background Subtraction (KNN),3
2026-07-08 17:43:48.769,68,MOTION DETECTED,Background Subtraction (KNN),3
2026-07-08 17:43:48.795,69,MOTION DETECTED,Background Subtraction (KNN),3
2026-07-08 17:43:48.825,70,MOTION DETECTED,Background Subtraction (KNN),4
2026-07-08 17:43:48.853,71,MOTION DETECTED,Background Subtraction (KNN),5
2026-07-08 17:43:48.878,72,MOTION DETECTED,Background Subtraction (KNN),5
2026-07-08 17:43:48.921,73,MOTION DETECTED,Background Subtraction (KNN),4
2026-07-08 17:43:48.947,74,MOTION DETECTED,Background Subtraction (KNN),5
2026-07-08 17:43:48.966,75,MOTION DETECTED,Background Subtraction (KNN),4
2026-07-08 17:43:49.009,76,MOTION DETECTED,Background Subtraction (KNN),3
2026-07-08 17:43:49.035,77,MOTION DETECTED,Background Subtraction (KNN),4
2026-07-08 17:43:49.059,78,MOTION DETECTED,Background Subtraction (KNN),3
2026-07-08 17:43:49.081,79,MOTION DETECTED,Background Subtraction (KNN),3
2026-07-08 17:43:49.109,80,MOTION DETECTED,Background Subtraction (KNN),4
2026-07-08 17:43:49.138,81,MOTION DETECTED,Background Subtraction (KNN),4
2026-07-08 17:43:49.163,82,MOTION DETECTED,Background Subtraction (KNN),3
2026-07-08 17:43:49.208,83,MOTION DETECTED,Background Subtraction (KNN),3
2026-07-08 17:43:49.235,84,MOTION DETECTED,Background Subtraction (KNN),3
2026-07-08 17:43:49.256,85,MOTION DETECTED,Background Subtraction (KNN),3
2026-07-08 17:43:49.293,86,MOTION DETECTED,Background Subtraction (KNN),4
2026-07-08 17:43:49.314,87,MOTION DETECTED,Background Subtraction (KNN),5
2026-07-08 17:43:49.342,88,MOTION DETECTED,Background Subtraction (KNN),5
2026-07-08 17:43:49.371,89,MOTION DETECTED,Background Subtraction (KNN),4
2026-07-08 17:43:49.391,90,MOTION DETECTED,Background Subtraction (KNN),3
2026-07-08 17:43:49.415,91,MOTION DETECTED,Background Subtraction (KNN),4
2026-07-08 17:43:49.440,92,MOTION DETECTED,Background Subtraction (KNN),4
2026-07-08 17:43:49.471,93,MOTION DETECTED,Background Subtraction (KNN),4
2026-07-08 17:43:49.494,94,MOTION DETECTED,Background Subtraction (KNN),4
2026-07-08 17:43:49.520,95,MOTION DETECTED,Background Subtraction (KNN),4
2026-07-08 17:43:49.550,96,MOTION DETECTED,Background Subtraction (KNN),5
2026-07-08 17:43:49.586,97,MOTION DETECTED,Background Subtraction (KNN),7
2026-07-08 17:43:49.620,98,MOTION DETECTED,Background Subtraction (KNN),5
2026-07-08 17:43:49.657,99,MOTION DETECTED,Background Subtraction (KNN),6
2026-07-08 17:43:49.690,100,MOTION DETECTED,Background Subtraction (KNN),5
2026-07-08 17:43:49.721,101,MOTION DETECTED,Background Subtraction (KNN),8
2026-07-08 17:43:49.760,102,MOTION DETECTED,Background Subtraction (KNN),8
2026-07-08 17:43:49.791,103,MOTION DETECTED,Background Subtraction (KNN),7
2026-07-08 17:43:49.827,104,MOTION DETECTED,Background Subtraction (KNN),7
2026-07-08 17:43:49.858,105,MOTION DETECTED,Background Subtraction (KNN),6
2026-07-08 17:43:49.888,106,MOTION DETECTED,Background Subtraction (KNN),5
2026-07-08 17:43:49.915,107,MOTION DETECTED,Background Subtraction (KNN),5
2026-07-08 17:43:49.954,108,MOTION DETECTED,Background Subtraction (KNN),5
2026-07-08 17:43:49.976,109,MOTION DETECTED,Background Subtraction (KNN),5
2026-07-08 17:43:50.006,110,MOTION DETECTED,Background Subtraction (KNN),6
2026-07-08 17:43:50.036,111,MOTION DETECTED,Background Subtraction (KNN),6
2026-07-08 17:43:50.062,112,MOTION DETECTED,Background Subtraction (KNN),6
2026-07-08 17:43:50.107,113,MOTION DETECTED,Background Subtraction (KNN),6
2026-07-08 17:43:50.143,114,MOTION DETECTED,Background Subtraction (KNN),6
2026-07-08 17:43:50.174,115,MOTION DETECTED,Background Subtraction (KNN),6
2026-07-08 17:43:50.207,116,MOTION DETECTED,Background Subtraction (KNN),5
2026-07-08 17:43:50.242,117,MOTION DETECTED,Background Subtraction (KNN),5
2026-07-08 17:43:50.275,118,MOTION DETECTED,Background Subtraction (KNN),4
2026-07-08 17:43:50.301,119,MOTION DETECTED,Background Subtraction (KNN),4
2026-07-08 17:43:50.340,120,MOTION DETECTED,Background Subtraction (KNN),4
2026-07-08 17:43:50.373,121,MOTION DETECTED,Background Subtraction (KNN),4
2026-07-08 17:43:50.409,122,MOTION DETECTED,Background Subtraction (KNN),4
2026-07-08 17:43:50.440,123,MOTION DETECTED,Background Subtraction (KNN),4
2026-07-08 17:43:50.474,124,MOTION DETECTED,Background Subtraction (KNN),4
2026-07-08 17:43:50.507,125,MOTION DETECTED,Background Subtraction (KNN),4
2026-07-08 17:43:50.543,126,MOTION DETECTED,Background Subtraction (KNN),4
2026-07-08 17:43:50.569,127,MOTION DETECTED,Background Subtraction (KNN),5
2026-07-08 17:43:50.591,128,MOTION DETECTED,Background Subtraction (KNN),5
2026-07-08 17:43:50.624,129,MOTION DETECTED,Background Subtraction (KNN),5
2026-07-08 17:43:50.658,130,MOTION DETECTED,Background Subtraction (KNN),5
2026-07-08 17:43:50.691,131,MOTION DETECTED,Background Subtraction (KNN),5
2026-07-08 17:43:50.722,132,MOTION DETECTED,Background Subtraction (KNN),6
2026-07-08 17:43:50.755,133,MOTION DETECTED,Background Subtraction (KNN),5
2026-07-08 17:43:50.792,134,MOTION DETECTED,Background Subtraction (KNN),5
2026-07-08 17:43:50.823,135,MOTION DETECTED,Background Subtraction (KNN),4
2026-07-08 17:43:50.855,136,MOTION DETECTED,Background Subtraction (KNN),4
2026-07-08 17:43:50.885,137,MOTION DETECTED,Background Subtraction (KNN),5
2026-07-08 17:43:50.911,138,MOTION DETECTED,Background Subtraction (KNN),5
2026-07-08 17:43:50.942,139,MOTION DETECTED,Background Subtraction (KNN),5
2026-07-08 17:43:50.991,140,MOTION DETECTED,Background Subtraction (KNN),5
2026-07-08 17:43:51.023,141,MOTION DETECTED,Background Subtraction (KNN),5
2026-07-08 17:43:51.057,142,MOTION DETECTED,Background Subtraction (KNN),5
2026-07-08 17:43:51.091,143,MOTION DETECTED,Background Subtraction (KNN),6
2026-07-08 17:43:51.123,144,MOTION DETECTED,Background Subtraction (KNN),6
2026-07-08 17:43:51.157,145,MOTION DETECTED,Background Subtraction (KNN),6
2026-07-08 17:43:51.192,146,MOTION DETECTED,Background Subtraction (KNN),5
2026-07-08 17:43:51.223,147,MOTION DETECTED,Background Subtraction (KNN),5
2026-07-08 17:43:51.255,148,MOTION DETECTED,Background Subtraction (KNN),6
2026-07-08 17:43:51.292,149,MOTION DETECTED,Background Subtraction (KNN),6
2026-07-08 17:43:51.325,150,MOTION DETECTED,Background Subtraction (KNN),6
2026-07-08 17:43:51.360,151,MOTION DETECTED,Background Subtraction (KNN),5
2026-07-08 17:43:51.392,152,MOTION DETECTED,Background Subtraction (KNN),4
2026-07-08 17:43:51.411,153,MOTION DETECTED,Background Subtraction (KNN),4
2026-07-08 17:43:51.445,154,MOTION DETECTED,Background Subtraction (KNN),4
2026-07-08 17:43:51.474,155,MOTION DETECTED,Background Subtraction (KNN),5
2026-07-08 17:43:51.508,156,MOTION DETECTED,Background Subtraction (KNN),5
2026-07-08 17:43:51.540,157,MOTION DETECTED,Background Subtraction (KNN),4
2026-07-08 17:43:51.565,158,MOTION DETECTED,Background Subtraction (KNN),4
2026-07-08 17:43:51.608,159,MOTION DETECTED,Background Subtraction (KNN),3
2026-07-08 17:43:51.640,160,MOTION DETECTED,Background Subtraction (KNN),3
2026-07-08 17:43:51.675,161,MOTION DETECTED,Background Subtraction (KNN),4
2026-07-08 17:43:51.707,162,MOTION DETECTED,Background Subtraction (KNN),4
2026-07-08 17:43:51.740,163,MOTION DETECTED,Background Subtraction (KNN),5
2026-07-08 17:43:51.772,164,MOTION DETECTED,Background Subtraction (KNN),4
2026-07-08 17:43:51.809,165,MOTION DETECTED,Background Subtraction (KNN),4
2026-07-08 17:43:51.840,166,MOTION DETECTED,Background Subtraction (KNN),4
2026-07-08 17:43:51.865,167,MOTION DETECTED,Background Subtraction (KNN),4
2026-07-08 17:43:51.898,168,MOTION DETECTED,Background Subtraction (KNN),4
2026-07-08 17:43:51.924,169,MOTION DETECTED,Background Subtraction (KNN),4
2026-07-08 17:43:51.957,170,MOTION DETECTED,Background Subtraction (KNN),5
2026-07-08 17:43:51.991,171,MOTION DETECTED,Background Subtraction (KNN),5
2026-07-08 17:43:52.024,172,MOTION DETECTED,Background Subtraction (KNN),5
2026-07-08 17:43:52.059,173,MOTION DETECTED,Background Subtraction (KNN),5
2026-07-08 17:43:52.085,174,MOTION DETECTED,Background Subtraction (KNN),5
2026-07-08 17:43:52.109,175,MOTION DETECTED,Background Subtraction (KNN),5
2026-07-08 17:43:52.141,176,MOTION DETECTED,Background Subtraction (KNN),6
2026-07-08 17:43:52.166,177,MOTION DETECTED,Background Subtraction (KNN),6
2026-07-08 17:43:52.195,178,MOTION DETECTED,Background Subtraction (KNN),6
2026-07-08 17:43:52.224,179,MOTION DETECTED,Background Subtraction (KNN),6
2026-07-08 17:43:52.253,180,MOTION DETECTED,Background Subtraction (KNN),6
2026-07-08 17:43:52.281,181,MOTION DETECTED,Background Subtraction (KNN),6
2026-07-08 17:43:52.314,182,MOTION DETECTED,Background Subtraction (KNN),5
2026-07-08 17:43:52.350,183,MOTION DETECTED,Background Subtraction (KNN),5
2026-07-08 17:43:52.378,184,MOTION DETECTED,Background Subtraction (KNN),5
2026-07-08 17:43:52.412,185,MOTION DETECTED,Background Subtraction (KNN),6
2026-07-08 17:43:52.439,186,MOTION DETECTED,Background Subtraction (KNN),5
2026-07-08 17:43:52.471,187,MOTION DETECTED,Background Subtraction (KNN),6
2026-07-08 17:43:52.508,188,MOTION DETECTED,Background Subtraction (KNN),6
2026-07-08 17:43:52.541,189,MOTION DETECTED,Background Subtraction (KNN),6
2026-07-08 17:43:52.573,190,MOTION DETECTED,Background Subtraction (KNN),6
2026-07-08 17:43:52.596,191,MOTION DETECTED,Background Subtraction (KNN),6
2026-07-08 17:43:52.623,192,MOTION DETECTED,Background Subtraction (KNN),5
2026-07-08 17:43:52.655,193,MOTION DETECTED,Background Subtraction (KNN),7
2026-07-08 17:43:52.693,194,MOTION DETECTED,Background Subtraction (KNN),7
2026-07-08 17:43:52.718,195,MOTION DETECTED,Background Subtraction (KNN),5
2026-07-08 17:43:52.755,196,MOTION DETECTED,Background Subtraction (KNN),5
2026-07-08 17:43:52.791,197,MOTION DETECTED,Background Subtraction (KNN),5
2026-07-08 17:43:52.828,198,MOTION DETECTED,Background Subtraction (KNN),5
2026-07-08 17:43:52.859,199,MOTION DETECTED,Background Subtraction (KNN),7
2026-07-08 17:43:52.888,200,MOTION DETECTED,Background Subtraction (KNN),7
2026-07-08 17:43:52.918,201,MOTION DETECTED,Background Subtraction (KNN),8
2026-07-08 17:43:52.941,202,MOTION DETECTED,Background Subtraction (KNN),9
2026-07-08 17:43:52.964,203,MOTION DETECTED,Background Subtraction (KNN),9
2026-07-08 17:43:53.005,204,MOTION DETECTED,Background Subtraction (KNN),9
2026-07-08 17:43:53.036,205,MOTION DETECTED,Background Subtraction (KNN),8
2026-07-08 17:43:53.067,206,MOTION DETECTED,Background Subtraction (KNN),8
2026-07-08 17:43:53.090,207,MOTION DETECTED,Background Subtraction (KNN),8
2026-07-08 17:43:53.115,208,MOTION DETECTED,Background Subtraction (KNN),7
2026-07-08 17:43:53.143,209,MOTION DETECTED,Background Subtraction (KNN),7
2026-07-08 17:43:53.171,210,MOTION DETECTED,Background Subtraction (KNN),7
2026-07-08 17:43:53.207,211,MOTION DETECTED,Background Subtraction (KNN),8
2026-07-08 17:43:53.241,212,MOTION DETECTED,Background Subtraction (KNN),6
2026-07-08 17:43:53.274,213,MOTION DETECTED,Background Subtraction (KNN),6
2026-07-08 17:43:53.307,214,MOTION DETECTED,Background Subtraction (KNN),6
2026-07-08 17:43:53.339,215,MOTION DETECTED,Background Subtraction (KNN),6
2026-07-08 17:43:53.371,216,MOTION DETECTED,Background Subtraction (KNN),6
2026-07-08 17:43:53.397,217,MOTION DETECTED,Background Subtraction (KNN),6
2026-07-08 17:43:53.424,218,MOTION DETECTED,Background Subtraction (KNN),6
2026-07-08 17:43:53.457,219,MOTION DETECTED,Background Subtraction (KNN),6
2026-07-08 17:43:53.491,220,MOTION DETECTED,Background Subtraction (KNN),6
2026-07-08 17:43:53.524,221,MOTION DETECTED,Background Subtraction (KNN),5
2026-07-08 17:43:53.557,222,MOTION DETECTED,Background Subtraction (KNN),5
2026-07-08 17:43:53.591,223,MOTION DETECTED,Background Subtraction (KNN),5
2026-07-08 17:43:53.618,224,MOTION DETECTED,Background Subtraction (KNN),5
2026-07-08 17:43:53.652,225,MOTION DETECTED,Background Subtraction (KNN),5
2026-07-08 17:43:53.679,226,MOTION DETECTED,Background Subtraction (KNN),5
2026-07-08 17:43:53.724,227,MOTION DETECTED,Background Subtraction (KNN),4
2026-07-08 17:43:53.754,228,MOTION DETECTED,Background Subtraction (KNN),4
2026-07-08 17:43:53.788,229,MOTION DETECTED,Background Subtraction (KNN),4
2026-07-08 17:43:53.823,230,MOTION DETECTED,Background Subtraction (KNN),4
2026-07-08 17:43:53.853,231,MOTION DETECTED,Background Subtraction (KNN),4
2026-07-08 17:43:53.883,232,MOTION DETECTED,Background Subtraction (KNN),3
2026-07-08 17:43:53.913,233,MOTION DETECTED,Background Subtraction (KNN),4
2026-07-08 17:43:53.941,234,MOTION DETECTED,Background Subtraction (KNN),4
2026-07-08 17:43:53.976,235,MOTION DETECTED,Background Subtraction (KNN),4
2026-07-08 17:43:54.009,236,MOTION DETECTED,Background Subtraction (KNN),3
2026-07-08 17:43:54.040,237,MOTION DETECTED,Background Subtraction (KNN),3
2026-07-08 17:43:54.073,238,MOTION DETECTED,Background Subtraction (KNN),3
2026-07-08 17:43:54.099,239,MOTION DETECTED,Background Subtraction (KNN),3
2026-07-08 17:43:54.124,240,MOTION DETECTED,Background Subtraction (KNN),3
2026-07-08 17:43:54.157,241,MOTION DETECTED,Background Subtraction (KNN),3
2026-07-08 17:43:54.190,242,MOTION DETECTED,Background Subtraction (KNN),3
2026-07-08 17:43:54.218,243,MOTION DETECTED,Background Subtraction (KNN),3
2026-07-08 17:43:54.242,244,MOTION DETECTED,Background Subtraction (KNN),3
2026-07-08 17:43:54.265,245,MOTION DETECTED,Background Subtraction (KNN),4
2026-07-08 17:43:54.288,246,MOTION DETECTED,Background Subtraction (KNN),4
2026-07-08 17:43:54.325,247,MOTION DETECTED,Background Subtraction (KNN),4
2026-07-08 17:43:54.359,248,MOTION DETECTED,Background Subtraction (KNN),4
2026-07-08 17:43:54.391,249,MOTION DETECTED,Background Subtraction (KNN),4
2026-07-08 17:43:54.417,250,MOTION DETECTED,Background Subtraction (KNN),4
2026-07-08 17:43:54.445,251,MOTION DETECTED,Background Subtraction (KNN),4
2026-07-08 17:43:54.473,252,MOTION DETECTED,Background Subtraction (KNN),4
2026-07-08 17:43:54.508,253,MOTION DETECTED,Background Subtraction (KNN),4
2026-07-08 17:43:54.541,254,MOTION DETECTED,Background Subtraction (KNN),4
2026-07-08 17:43:54.571,255,MOTION DETECTED,Background Subtraction (KNN),4
2026-07-08 17:43:54.605,256,MOTION DETECTED,Background Subtraction (KNN),3
2026-07-08 17:43:54.643,257,MOTION DETECTED,Background Subtraction (KNN),3
2026-07-08 17:43:54.672,258,MOTION DETECTED,Background Subtraction (KNN),3
2026-07-08 17:43:54.694,259,MOTION DETECTED,Background Subtraction (KNN),3
2026-07-08 17:43:54.724,260,MOTION DETECTED,Background Subtraction (KNN),3
2026-07-08 17:43:54.756,261,MOTION DETECTED,Background Subtraction (KNN),3
2026-07-08 17:43:54.791,262,MOTION DETECTED,Background Subtraction (KNN),3
2026-07-08 17:43:54.824,263,MOTION DETECTED,Background Subtraction (KNN),4
2026-07-08 17:43:54.850,264,MOTION DETECTED,Background Subtraction (KNN),4
2026-07-08 17:43:54.878,265,MOTION DETECTED,Background Subtraction (KNN),4
2026-07-08 17:43:54.909,266,MOTION DETECTED,Background Subtraction (KNN),3
2026-07-08 17:43:54.940,267,MOTION DETECTED,Background Subtraction (KNN),3
2026-07-08 17:43:54.961,268,MOTION DETECTED,Background Subtraction (KNN),3
2026-07-08 17:43:54.991,269,MOTION DETECTED,Background Subtraction (KNN),3
2026-07-08 17:43:55.024,270,MOTION DETECTED,Background Subtraction (KNN),3
2026-07-08 17:43:55.084,271,MOTION DETECTED,Background Subtraction (KNN),3
2026-07-08 17:43:55.112,272,MOTION DETECTED,Background Subtraction (KNN),3
2026-07-08 17:43:55.141,273,MOTION DETECTED,Background Subtraction (KNN),3
2026-07-08 17:43:55.189,274,MOTION DETECTED,Background Subtraction (KNN),3
2026-07-08 17:43:55.217,275,MOTION DETECTED,Background Subtraction (KNN),3
2026-07-08 17:43:55.253,276,MOTION DETECTED,Background Subtraction (KNN),3
2026-07-08 17:43:55.285,277,MOTION DETECTED,Background Subtraction (KNN),2
2026-07-08 17:43:55.325,278,MOTION DETECTED,Background Subtraction (KNN),1
2026-07-08 17:43:55.357,279,MOTION DETECTED,Background Subtraction (KNN),1
2026-07-08 17:43:55.385,280,MOTION DETECTED,Background Subtraction (KNN),1
2026-07-08 17:43:55.412,281,MOTION DETECTED,Background Subtraction (KNN),1
2026-07-08 17:43:55.448,282,MOTION DETECTED,Background Subtraction (KNN),1
2026-07-08 17:43:55.480,283,MOTION DETECTED,Background Subtraction (KNN),1
2026-07-08 17:43:55.506,284,MOTION DETECTED,Background Subtraction (KNN),2
2026-07-08 17:43:55.530,285,MOTION DETECTED,Background Subtraction (KNN),2
2026-07-08 17:43:55.556,286,MOTION DETECTED,Background Subtraction (KNN),2
2026-07-08 17:43:55.580,287,MOTION DETECTED,Background Subtraction (KNN),2
2026-07-08 17:43:55.605,288,MOTION DETECTED,Background Subtraction (KNN),2
2026-07-08 17:43:55.629,289,MOTION DETECTED,Background Subtraction (KNN),2
2026-07-08 17:43:55.654,290,MOTION DETECTED,Background Subtraction (KNN),2
2026-07-08 17:43:55.678,291,MOTION DETECTED,Background Subtraction (KNN),2
2026-07-08 17:43:55.705,292,MOTION DETECTED,Background Subtraction (KNN),2
2026-07-08 17:43:55.737,293,MOTION DETECTED,Background Subtraction (KNN),1
2026-07-08 17:43:55.759,294,MOTION DETECTED,Background Subtraction (KNN),1
2026-07-08 17:43:55.780,295,MOTION DETECTED,Background Subtraction (KNN),2
2026-07-08 17:43:55.808,296,MOTION DETECTED,Background Subtraction (KNN),4
2026-07-08 17:43:55.838,297,MOTION DETECTED,Background Subtraction (KNN),4
2026-07-08 17:43:55.862,298,MOTION DETECTED,Background Subtraction (KNN),4
2026-07-08 17:43:55.883,299,MOTION DETECTED,Background Subtraction (KNN),4
2026-07-08 17:43:55.907,300,MOTION DETECTED,Background Subtraction (KNN),3
2026-07-08 17:43:55.932,301,MOTION DETECTED,Background Subtraction (KNN),3
2026-07-08 17:43:55.958,302,MOTION DETECTED,Background Subtraction (KNN),3
2026-07-08 17:43:55.980,303,MOTION DETECTED,Background Subtraction (KNN),4
2026-07-08 17:43:56.015,304,MOTION DETECTED,Background Subtraction (KNN),4
2026-07-08 17:43:56.045,305,MOTION DETECTED,Background Subtraction (KNN),2
2026-07-08 17:43:56.070,306,MOTION DETECTED,Background Subtraction (KNN),2
2026-07-08 17:43:56.090,307,MOTION DETECTED,Background Subtraction (KNN),2
2026-07-08 17:43:56.108,308,MOTION DETECTED,Background Subtraction (KNN),2
2026-07-08 17:43:56.138,309,MOTION DETECTED,Background Subtraction (KNN),2
2026-07-08 17:43:56.161,310,MOTION DETECTED,Background Subtraction (KNN),2
2026-07-08 17:43:56.187,311,MOTION DETECTED,Background Subtraction (KNN),2
2026-07-08 17:43:56.207,312,MOTION DETECTED,Background Subtraction (KNN),2
2026-07-08 17:43:56.238,313,MOTION DETECTED,Background Subtraction (KNN),2
2026-07-08 17:43:56.267,314,MOTION DETECTED,Background Subtraction (KNN),2
2026-07-08 17:43:56.290,315,MOTION DETECTED,Background Subtraction (KNN),2
2026-07-08 17:43:56.310,316,MOTION DETECTED,Background Subtraction (KNN),2
2026-07-08 17:43:56.334,317,MOTION DETECTED,Background Subtraction (KNN),3
2026-07-08 17:43:56.371,318,MOTION DETECTED,Background Subtraction (KNN),3
2026-07-08 17:43:56.401,319,MOTION DETECTED,Background Subtraction (KNN),3
2026-07-08 17:43:56.441,320,MOTION DETECTED,Background Subtraction (KNN),3
2026-07-08 17:43:56.465,321,MOTION DETECTED,Background Subtraction (KNN),3
2026-07-08 17:43:56.500,322,MOTION DETECTED,Background Subtraction (KNN),2
2026-07-08 17:43:56.523,323,MOTION DETECTED,Background Subtraction (KNN),2
2026-07-08 17:43:56.557,324,MOTION DETECTED,Background Subtraction (KNN),3
2026-07-08 17:43:56.579,325,MOTION DETECTED,Background Subtraction (KNN),3
2026-07-08 17:43:56.624,326,MOTION DETECTED,Background Subtraction (KNN),3
2026-07-08 17:43:56.657,327,MOTION DETECTED,Background Subtraction (KNN),3
2026-07-08 17:43:56.689,328,MOTION DETECTED,Background Subtraction (KNN),3
2026-07-08 17:43:56.723,329,MOTION DETECTED,Background Subtraction (KNN),4
2026-07-08 17:43:56.755,330,MOTION DETECTED,Background Subtraction (KNN),3
2026-07-08 17:43:56.790,331,MOTION DETECTED,Background Subtraction (KNN),4
2026-07-08 17:43:56.823,332,MOTION DETECTED,Background Subtraction (KNN),5
2026-07-08 17:43:56.855,333,MOTION DETECTED,Background Subtraction (KNN),5
2026-07-08 17:43:56.883,334,MOTION DETECTED,Background Subtraction (KNN),5
2026-07-08 17:43:56.919,335,MOTION DETECTED,Background Subtraction (KNN),4
2026-07-08 17:43:56.945,336,MOTION DETECTED,Background Subtraction (KNN),4
2026-07-08 17:43:56.975,337,MOTION DETECTED,Background Subtraction (KNN),4
2026-07-08 17:43:57.007,338,MOTION DETECTED,Background Subtraction (KNN),5
2026-07-08 17:43:57.035,339,MOTION DETECTED,Background Subtraction (KNN),5
2026-07-08 17:43:57.058,340,MOTION DETECTED,Background Subtraction (KNN),3
2026-07-08 17:43:57.091,341,MOTION DETECTED,Background Subtraction (KNN),3
2026-07-08 17:43:57.126,342,MOTION DETECTED,Background Subtraction (KNN),3
2026-07-08 17:43:57.157,343,MOTION DETECTED,Background Subtraction (KNN),2
2026-07-08 17:43:57.190,344,MOTION DETECTED,Background Subtraction (KNN),3
2026-07-08 17:43:57.223,345,MOTION DETECTED,Background Subtraction (KNN),3
2026-07-08 17:43:57.257,346,MOTION DETECTED,Background Subtraction (KNN),3
2026-07-08 17:43:57.285,347,MOTION DETECTED,Background Subtraction (KNN),3
2026-07-08 17:43:57.318,348,MOTION DETECTED,Background Subtraction (KNN),3
2026-07-08 17:43:57.350,349,MOTION DETECTED,Background Subtraction (KNN),3
2026-07-08 17:43:57.377,350,MOTION DETECTED,Background Subtraction (KNN),3
2026-07-08 17:43:57.406,351,MOTION DETECTED,Background Subtraction (KNN),4
2026-07-08 17:43:57.443,352,MOTION DETECTED,Background Subtraction (KNN),4
2026-07-08 17:43:57.475,353,MOTION DETECTED,Background Subtraction (KNN),4
2026-07-08 17:43:57.506,354,MOTION DETECTED,Background Subtraction (KNN),4
2026-07-08 17:43:57.542,355,MOTION DETECTED,Background Subtraction (KNN),4
2026-07-08 17:43:57.572,356,MOTION DETECTED,Background Subtraction (KNN),5
2026-07-08 17:43:57.604,357,MOTION DETECTED,Background Subtraction (KNN),5
2026-07-08 17:43:57.630,358,MOTION DETECTED,Background Subtraction (KNN),4
2026-07-08 17:43:57.657,359,MOTION DETECTED,Background Subtraction (KNN),4
2026-07-08 17:43:57.680,360,MOTION DETECTED,Background Subtraction (KNN),4
2026-07-08 17:43:57.709,361,MOTION DETECTED,Background Subtraction (KNN),4
2026-07-08 17:43:57.739,362,MOTION DETECTED,Background Subtraction (KNN),4
2026-07-08 17:43:57.768,363,MOTION DETECTED,Background Subtraction (KNN),4
2026-07-08 17:43:57.793,364,MOTION DETECTED,Background Subtraction (KNN),4
2026-07-08 17:43:57.821,365,MOTION DETECTED,Background Subtraction (KNN),5
2026-07-08 17:43:57.851,366,MOTION DETECTED,Background Subtraction (KNN),5
2026-07-08 17:43:57.875,367,MOTION DETECTED,Background Subtraction (KNN),5
2026-07-08 17:43:57.906,368,MOTION DETECTED,Background Subtraction (KNN),3
2026-07-08 17:43:57.940,369,MOTION DETECTED,Background Subtraction (KNN),3
2026-07-08 17:43:57.974,370,MOTION DETECTED,Background Subtraction (KNN),3
2026-07-08 17:43:58.005,371,MOTION DETECTED,Background Subtraction (KNN),4
2026-07-08 17:43:58.033,372,MOTION DETECTED,Background Subtraction (KNN),3
2026-07-08 17:43:58.059,373,MOTION DETECTED,Background Subtraction (KNN),3
2026-07-08 17:43:58.089,374,MOTION DETECTED,Background Subtraction (KNN),3
2026-07-08 17:43:58.123,375,MOTION DETECTED,Background Subtraction (KNN),4
2026-07-08 17:43:58.156,376,MOTION DETECTED,Background Subtraction (KNN),4
2026-07-08 17:43:58.189,377,MOTION DETECTED,Background Subtraction (KNN),3
2026-07-08 17:43:58.222,378,MOTION DETECTED,Background Subtraction (KNN),3
2026-07-08 17:43:58.255,379,MOTION DETECTED,Background Subtraction (KNN),3
2026-07-08 17:43:58.281,380,MOTION DETECTED,Background Subtraction (KNN),3
2026-07-08 17:43:58.310,381,MOTION DETECTED,Background Subtraction (KNN),4
2026-07-08 17:43:58.341,382,MOTION DETECTED,Background Subtraction (KNN),4
2026-07-08 17:43:58.371,383,MOTION DETECTED,Background Subtraction (KNN),3
2026-07-08 17:43:58.400,384,MOTION DETECTED,Background Subtraction (KNN),4
2026-07-08 17:43:58.429,385,MOTION DETECTED,Background Subtraction (KNN),4
2026-07-08 17:43:58.460,386,MOTION DETECTED,Background Subtraction (KNN),2
2026-07-08 17:43:58.491,387,MOTION DETECTED,Background Subtraction (KNN),2
2026-07-08 17:43:58.520,388,MOTION DETECTED,Background Subtraction (KNN),2
2026-07-08 17:43:58.542,389,MOTION DETECTED,Background Subtraction (KNN),2
2026-07-08 17:43:58.565,390,MOTION DETECTED,Background Subtraction (KNN),3
2026-07-08 17:43:58.595,391,MOTION DETECTED,Background Subtraction (KNN),3
2026-07-08 17:43:58.615,392,MOTION DETECTED,Background Subtraction (KNN),3
2026-07-08 17:43:58.657,393,MOTION DETECTED,Background Subtraction (KNN),3
2026-07-08 17:43:58.685,394,MOTION DETECTED,Background Subtraction (KNN),3
2026-07-08 17:43:58.706,395,MOTION DETECTED,Background Subtraction (KNN),3
2026-07-08 17:43:58.733,396,MOTION DETECTED,Background Subtraction (KNN),2
2026-07-08 17:43:58.753,397,MOTION DETECTED,Background Subtraction (KNN),2
2026-07-08 17:43:58.782,398,MOTION DETECTED,Background Subtraction (KNN),2
2026-07-08 17:43:58.807,399,MOTION DETECTED,Background Subtraction (KNN),2
2026-07-08 17:43:58.840,400,MOTION DETECTED,Background Subtraction (KNN),3
2026-07-08 17:43:58.872,401,MOTION DETECTED,Background Subtraction (KNN),3
2026-07-08 17:43:58.895,402,MOTION DETECTED,Background Subtraction (KNN),3
2026-07-08 17:43:58.915,403,MOTION DETECTED,Background Subtraction (KNN),3
2026-07-08 17:43:58.940,404,MOTION DETECTED,Background Subtraction (KNN),4
2026-07-08 17:43:58.962,405,MOTION DETECTED,Background Subtraction (KNN),4
2026-07-08 17:43:58.986,406,MOTION DETECTED,Background Subtraction (KNN),4
2026-07-08 17:43:59.007,407,MOTION DETECTED,Background Subtraction (KNN),2
2026-07-08 17:43:59.038,408,MOTION DETECTED,Background Subtraction (KNN),2
2026-07-08 17:43:59.069,409,MOTION DETECTED,Background Subtraction (KNN),1
2026-07-08 17:43:59.106,410,MOTION DETECTED,Background Subtraction (KNN),1
2026-07-08 17:43:59.173,411,MOTION DETECTED,Background Subtraction (KNN),1
2026-07-08 17:43:59.211,412,MOTION DETECTED,Background Subtraction (KNN),1
2026-07-08 17:43:59.242,413,MOTION DETECTED,Background Subtraction (KNN),1
2026-07-08 17:43:59.271,414,MOTION DETECTED,Background Subtraction (KNN),1
2026-07-08 17:43:59.300,415,MOTION DETECTED,Background Subtraction (KNN),1
2026-07-08 17:43:59.324,416,MOTION DETECTED,Background Subtraction (KNN),1
2026-07-08 17:43:59.351,417,MOTION DETECTED,Background Subtraction (KNN),1
2026-07-08 17:43:59.383,418,MOTION DETECTED,Background Subtraction (KNN),1
2026-07-08 17:43:59.407,419,MOTION DETECTED,Background Subtraction (KNN),1
2026-07-08 17:43:59.438,420,MOTION DETECTED,Background Subtraction (KNN),1
2026-07-08 17:43:59.458,421,MOTION DETECTED,Background Subtraction (KNN),1
2026-07-08 17:43:59.482,422,MOTION DETECTED,Background Subtraction (KNN),1
2026-07-08 17:43:59.506,423,MOTION DETECTED,Background Subtraction (KNN),1
2026-07-08 17:43:59.528,424,MOTION DETECTED,Background Subtraction (KNN),1
2026-07-08 17:43:59.545,425,MOTION DETECTED,Background Subtraction (KNN),1
2026-07-08 17:43:59.571,426,MOTION DETECTED,Background Subtraction (KNN),1
2026-07-08 17:43:59.600,427,MOTION DETECTED,Background Subtraction (KNN),1
2026-07-08 17:43:59.621,428,MOTION DETECTED,Background Subtraction (KNN),1
2026-07-08 17:43:59.651,429,MOTION DETECTED,Background Subtraction (KNN),1
2026-07-08 17:43:59.673,430,MOTION DETECTED,Background Subtraction (KNN),1
2026-07-08 17:43:59.700,431,MOTION DETECTED,Background Subtraction (KNN),1
2026-07-08 17:43:59.722,432,MOTION DETECTED,Background Subtraction (KNN),1
2026-07-08 17:43:59.750,433,MOTION DETECTED,Background Subtraction (KNN),1
2026-07-08 17:43:59.781,434,MOTION DETECTED,Background Subtraction (KNN),1
2026-07-08 17:43:59.807,435,MOTION DETECTED,Background Subtraction (KNN),1
2026-07-08 17:43:59.825,436,MOTION DETECTED,Background Subtraction (KNN),1
2026-07-08 17:43:59.850,437,MOTION DETECTED,Background Subtraction (KNN),1
2026-07-08 17:43:59.888,438,MOTION DETECTED,Background Subtraction (KNN),1
2026-07-08 17:43:59.918,439,MOTION DETECTED,Background Subtraction (KNN),1
2026-07-08 17:43:59.954,440,MOTION DETECTED,Background Subtraction (KNN),1
2026-07-08 17:43:59.988,441,MOTION DETECTED,Background Subtraction (KNN),1
2026-07-08 17:44:00.028,442,MOTION DETECTED,Background Subtraction (KNN),2
2026-07-08 17:44:00.056,443,MOTION DETECTED,Background Subtraction (KNN),2
2026-07-08 17:44:00.089,444,MOTION DETECTED,Background Subtraction (KNN),2
2026-07-08 17:44:00.122,445,MOTION DETECTED,Background Subtraction (KNN),2
2026-07-08 17:44:00.150,446,MOTION DETECTED,Background Subtraction (KNN),2
2026-07-08 17:44:00.190,447,MOTION DETECTED,Background Subtraction (KNN),2
2026-07-08 17:44:00.219,448,MOTION DETECTED,Background Subtraction (KNN),2
2026-07-08 17:44:00.250,449,MOTION DETECTED,Background Subtraction (KNN),2
2026-07-08 17:44:00.278,450,MOTION DETECTED,Background Subtraction (KNN),2
2026-07-08 17:44:00.307,451,MOTION DETECTED,Background Subtraction (KNN),2
2026-07-08 17:44:00.342,452,MOTION DETECTED,Background Subtraction (KNN),2
2026-07-08 17:44:00.376,453,MOTION DETECTED,Background Subtraction (KNN),2
2026-07-08 17:44:00.407,454,MOTION DETECTED,Background Subtraction (KNN),2
2026-07-08 17:44:00.435,455,MOTION DETECTED,Background Subtraction (KNN),2
2026-07-08 17:44:00.469,456,MOTION DETECTED,Background Subtraction (KNN),2
2026-07-08 17:44:00.502,457,MOTION DETECTED,Background Subtraction (KNN),2
2026-07-08 17:44:00.547,458,MOTION DETECTED,Background Subtraction (KNN),2
2026-07-08 17:44:00.582,459,MOTION DETECTED,Background Subtraction (KNN),2
2026-07-08 17:44:00.609,460,MOTION DETECTED,Background Subtraction (KNN),2
2026-07-08 17:44:00.638,461,MOTION DETECTED,Background Subtraction (KNN),3
2026-07-08 17:44:00.659,462,MOTION DETECTED,Background Subtraction (KNN),3
2026-07-08 17:44:00.682,463,MOTION DETECTED,Background Subtraction (KNN),3
2026-07-08 17:44:00.705,464,MOTION DETECTED,Background Subtraction (KNN),3
2026-07-08 17:44:00.727,465,MOTION DETECTED,Background Subtraction (KNN),3
2026-07-08 17:44:00.749,466,MOTION DETECTED,Background Subtraction (KNN),3
2026-07-08 17:44:00.767,467,MOTION DETECTED,Background Subtraction (KNN),3
2026-07-08 17:44:00.794,468,MOTION DETECTED,Background Subtraction (KNN),4
2026-07-08 17:44:00.813,469,MOTION DETECTED,Background Subtraction (KNN),4
2026-07-08 17:44:00.838,470,MOTION DETECTED,Background Subtraction (KNN),4
2026-07-08 17:44:00.858,471,MOTION DETECTED,Background Subtraction (KNN),5
2026-07-08 17:44:00.882,472,MOTION DETECTED,Background Subtraction (KNN),5
2026-07-08 17:44:00.900,473,MOTION DETECTED,Background Subtraction (KNN),5
2026-07-08 17:44:00.928,474,MOTION DETECTED,Background Subtraction (KNN),5
2026-07-08 17:44:00.955,475,MOTION DETECTED,Background Subtraction (KNN),4
2026-07-08 17:44:00.978,476,MOTION DETECTED,Background Subtraction (KNN),4
2026-07-08 17:44:01.009,477,MOTION DETECTED,Background Subtraction (KNN),4
2026-07-08 17:44:01.046,478,MOTION DETECTED,Background Subtraction (KNN),3
2026-07-08 17:44:01.080,479,MOTION DETECTED,Background Subtraction (KNN),3
2026-07-08 17:44:01.108,480,MOTION DETECTED,Background Subtraction (KNN),3
2026-07-08 17:44:01.132,481,MOTION DETECTED,Background Subtraction (KNN),3
2026-07-08 17:44:01.161,482,MOTION DETECTED,Background Subtraction (KNN),4
2026-07-08 17:44:01.182,483,MOTION DETECTED,Background Subtraction (KNN),5
2026-07-08 17:44:01.202,484,MOTION DETECTED,Background Subtraction (KNN),4
2026-07-08 17:44:01.225,485,MOTION DETECTED,Background Subtraction (KNN),5
2026-07-08 17:44:01.254,486,MOTION DETECTED,Background Subtraction (KNN),5
2026-07-08 17:44:01.275,487,MOTION DETECTED,Background Subtraction (KNN),4
2026-07-08 17:44:01.301,488,MOTION DETECTED,Background Subtraction (KNN),3
2026-07-08 17:44:01.324,489,MOTION DETECTED,Background Subtraction (KNN),3
2026-07-08 17:44:01.346,490,MOTION DETECTED,Background Subtraction (KNN),3
2026-07-08 17:44:01.369,491,MOTION DETECTED,Background Subtraction (KNN),3
2026-07-08 17:44:01.393,492,MOTION DETECTED,Background Subtraction (KNN),3
2026-07-08 17:44:01.417,493,MOTION DETECTED,Background Subtraction (KNN),3
2026-07-08 17:44:01.443,494,MOTION DETECTED,Background Subtraction (KNN),3
2026-07-08 17:44:01.466,495,MOTION DETECTED,Background Subtraction (KNN),3
2026-07-08 17:44:01.487,496,MOTION DETECTED,Background Subtraction (KNN),3
2026-07-08 17:44:01.521,497,MOTION DETECTED,Background Subtraction (KNN),3
2026-07-08 17:44:01.554,498,MOTION DETECTED,Background Subtraction (KNN),3
2026-07-08 17:44:01.574,499,MOTION DETECTED,Background Subtraction (KNN),3
2026-07-08 17:44:01.600,500,MOTION DETECTED,Background Subtraction (KNN),3
2026-07-08 17:44:01.624,501,MOTION DETECTED,Background Subtraction (KNN),3
2026-07-08 17:44:01.650,502,MOTION DETECTED,Background Subtraction (KNN),3
2026-07-08 17:44:01.675,503,MOTION DETECTED,Background Subtraction (KNN),3
2026-07-08 17:44:01.700,504,MOTION DETECTED,Background Subtraction (KNN),3
2026-07-08 17:44:01.724,505,MOTION DETECTED,Background Subtraction (KNN),3
2026-07-08 17:44:01.750,506,MOTION DETECTED,Background Subtraction (KNN),4
2026-07-08 17:44:01.774,507,MOTION DETECTED,Background Subtraction (KNN),4
2026-07-08 17:44:01.795,508,MOTION DETECTED,Background Subtraction (KNN),4
2026-07-08 17:44:01.819,509,MOTION DETECTED,Background Subtraction (KNN),3
2026-07-08 17:44:01.840,510,MOTION DETECTED,Background Subtraction (KNN),4
2026-07-08 17:44:01.871,511,MOTION DETECTED,Background Subtraction (KNN),2
2026-07-08 17:44:01.897,512,MOTION DETECTED,Background Subtraction (KNN),1
2026-07-08 17:44:01.925,513,MOTION DETECTED,Background Subtraction (KNN),2
2026-07-08 17:44:01.950,514,MOTION DETECTED,Background Subtraction (KNN),2
2026-07-08 17:44:01.972,515,MOTION DETECTED,Background Subtraction (KNN),1
2026-07-08 17:44:02.000,516,MOTION DETECTED,Background Subtraction (KNN),2
2026-07-08 17:44:02.036,517,MOTION DETECTED,Background Subtraction (KNN),2
2026-07-08 17:44:02.060,518,MOTION DETECTED,Background Subtraction (KNN),2
2026-07-08 17:44:02.087,519,MOTION DETECTED,Background Subtraction (KNN),2
2026-07-08 17:44:02.121,520,MOTION DETECTED,Background Subtraction (KNN),2
2026-07-08 17:44:02.154,521,MOTION DETECTED,Background Subtraction (KNN),2
2026-07-08 17:44:02.189,522,MOTION DETECTED,Background Subtraction (KNN),2
2026-07-08 17:44:02.223,523,MOTION DETECTED,Background Subtraction (KNN),2
2026-07-08 17:44:02.257,524,MOTION DETECTED,Background Subtraction (KNN),2
2026-07-08 17:44:02.290,525,MOTION DETECTED,Background Subtraction (KNN),2
2026-07-08 17:44:02.323,526,MOTION DETECTED,Background Subtraction (KNN),2
2026-07-08 17:44:02.351,527,MOTION DETECTED,Background Subtraction (KNN),2
2026-07-08 17:44:02.378,528,MOTION DETECTED,Background Subtraction (KNN),2
2026-07-08 17:44:02.409,529,MOTION DETECTED,Background Subtraction (KNN),2
2026-07-08 17:44:02.436,530,MOTION DETECTED,Background Subtraction (KNN),2
2026-07-08 17:44:02.476,531,MOTION DETECTED,Background Subtraction (KNN),2
2026-07-08 17:44:02.507,532,MOTION DETECTED,Background Subtraction (KNN),2
2026-07-08 17:44:02.540,533,MOTION DETECTED,Background Subtraction (KNN),2
2026-07-08 17:44:02.574,534,MOTION DETECTED,Background Subtraction (KNN),2
2026-07-08 17:44:02.600,535,MOTION DETECTED,Background Subtraction (KNN),2
2026-07-08 17:44:02.625,536,MOTION DETECTED,Background Subtraction (KNN),2
2026-07-08 17:44:02.657,537,MOTION DETECTED,Background Subtraction (KNN),2
2026-07-08 17:44:02.682,538,MOTION DETECTED,Background Subtraction (KNN),2
2026-07-08 17:44:02.707,539,MOTION DETECTED,Background Subtraction (KNN),2
2026-07-08 17:44:02.740,540,MOTION DETECTED,Background Subtraction (KNN),2
2026-07-08 17:44:02.805,541,MOTION DETECTED,Background Subtraction (KNN),2
2026-07-08 17:44:02.843,542,MOTION DETECTED,Background Subtraction (KNN),1
2026-07-08 17:44:02.876,543,MOTION DETECTED,Background Subtraction (KNN),1
2026-07-08 17:44:02.908,544,MOTION DETECTED,Background Subtraction (KNN),2
2026-07-08 17:44:02.940,545,MOTION DETECTED,Background Subtraction (KNN),2
2026-07-08 17:44:02.973,546,MOTION DETECTED,Background Subtraction (KNN),2
2026-07-08 17:44:03.007,547,MOTION DETECTED,Background Subtraction (KNN),4
2026-07-08 17:44:03.038,548,MOTION DETECTED,Background Subtraction (KNN),3
2026-07-08 17:44:03.068,549,MOTION DETECTED,Background Subtraction (KNN),3
2026-07-08 17:44:03.094,550,MOTION DETECTED,Background Subtraction (KNN),4
2026-07-08 17:44:03.126,551,MOTION DETECTED,Background Subtraction (KNN),5
2026-07-08 17:44:03.157,552,MOTION DETECTED,Background Subtraction (KNN),5
2026-07-08 17:44:03.190,553,MOTION DETECTED,Background Subtraction (KNN),5
2026-07-08 17:44:03.256,554,MOTION DETECTED,Background Subtraction (KNN),5
2026-07-08 17:44:03.286,555,MOTION DETECTED,Background Subtraction (KNN),6
2026-07-08 17:44:03.313,556,MOTION DETECTED,Background Subtraction (KNN),6
2026-07-08 17:44:03.350,557,MOTION DETECTED,Background Subtraction (KNN),6
2026-07-08 17:44:03.376,558,MOTION DETECTED,Background Subtraction (KNN),6
2026-07-08 17:44:03.409,559,MOTION DETECTED,Background Subtraction (KNN),6
2026-07-08 17:44:03.441,560,MOTION DETECTED,Background Subtraction (KNN),4
2026-07-08 17:44:03.477,561,MOTION DETECTED,Background Subtraction (KNN),4
2026-07-08 17:44:03.507,562,MOTION DETECTED,Background Subtraction (KNN),6
2026-07-08 17:44:03.540,563,MOTION DETECTED,Background Subtraction (KNN),5
2026-07-08 17:44:03.574,564,MOTION DETECTED,Background Subtraction (KNN),4
2026-07-08 17:44:03.607,565,MOTION DETECTED,Background Subtraction (KNN),4
2026-07-08 17:44:03.638,566,MOTION DETECTED,Background Subtraction (KNN),4
2026-07-08 17:44:03.665,567,MOTION DETECTED,Background Subtraction (KNN),4
2026-07-08 17:44:03.688,568,MOTION DETECTED,Background Subtraction (KNN),3
2026-07-08 17:44:03.723,569,MOTION DETECTED,Background Subtraction (KNN),2
2026-07-08 17:44:03.750,570,MOTION DETECTED,Background Subtraction (KNN),2
2026-07-08 17:44:03.792,571,MOTION DETECTED,Background Subtraction (KNN),3
2026-07-08 17:44:03.828,572,MOTION DETECTED,Background Subtraction (KNN),3
2026-07-08 17:44:03.856,573,MOTION DETECTED,Background Subtraction (KNN),4
2026-07-08 17:44:03.890,574,MOTION DETECTED,Background Subtraction (KNN),4
2026-07-08 17:44:03.924,575,MOTION DETECTED,Background Subtraction (KNN),2
2026-07-08 17:44:03.957,576,MOTION DETECTED,Background Subtraction (KNN),4
2026-07-08 17:44:03.982,577,MOTION DETECTED,Background Subtraction (KNN),4
2026-07-08 17:44:04.023,578,MOTION DETECTED,Background Subtraction (KNN),4
2026-07-08 17:44:04.058,579,MOTION DETECTED,Background Subtraction (KNN),4
2026-07-08 17:44:04.076,580,MOTION DETECTED,Background Subtraction (KNN),3
2026-07-08 17:44:04.109,581,MOTION DETECTED,Background Subtraction (KNN),3
2026-07-08 17:44:04.142,582,MOTION DETECTED,Background Subtraction (KNN),3
2026-07-08 17:44:04.177,583,MOTION DETECTED,Background Subtraction (KNN),4
2026-07-08 17:44:04.209,584,MOTION DETECTED,Background Subtraction (KNN),3
2026-07-08 17:44:04.244,585,MOTION DETECTED,Background Subtraction (KNN),3
2026-07-08 17:44:04.277,586,MOTION DETECTED,Background Subtraction (KNN),3
2026-07-08 17:44:04.307,587,MOTION DETECTED,Background Subtraction (KNN),3
2026-07-08 17:44:04.340,588,MOTION DETECTED,Background Subtraction (KNN),2
2026-07-08 17:44:04.374,589,MOTION DETECTED,Background Subtraction (KNN),4
2026-07-08 17:44:04.406,590,MOTION DETECTED,Background Subtraction (KNN),4
2026-07-08 17:44:04.430,591,MOTION DETECTED,Background Subtraction (KNN),4
2026-07-08 17:44:04.465,592,MOTION DETECTED,Background Subtraction (KNN),4
2026-07-08 17:44:04.495,593,MOTION DETECTED,Background Subtraction (KNN),4
2026-07-08 17:44:04.527,594,MOTION DETECTED,Background Subtraction (KNN),4
2026-07-08 17:44:04.559,595,MOTION DETECTED,Background Subtraction (KNN),4
2026-07-08 17:44:04.594,596,MOTION DETECTED,Background Subtraction (KNN),4
2026-07-08 17:44:04.627,597,MOTION DETECTED,Background Subtraction (KNN),4
2026-07-08 17:44:04.652,598,MOTION DETECTED,Background Subtraction (KNN),5
2026-07-08 17:44:04.686,599,MOTION DETECTED,Background Subtraction (KNN),5
2026-07-08 17:44:04.722,600,MOTION DETECTED,Background Subtraction (KNN),5
2026-07-08 17:44:04.757,601,MOTION DETECTED,Background Subtraction (KNN),5
2026-07-08 17:44:04.790,602,MOTION DETECTED,Background Subtraction (KNN),4
2026-07-08 17:44:04.823,603,MOTION DETECTED,Background Subtraction (KNN),5
2026-07-08 17:44:04.847,604,MOTION DETECTED,Background Subtraction (KNN),4
2026-07-08 17:44:04.869,605,MOTION DETECTED,Background Subtraction (KNN),4
2026-07-08 17:44:04.896,606,MOTION DETECTED,Background Subtraction (KNN),4
2026-07-08 17:44:04.923,607,MOTION DETECTED,Background Subtraction (KNN),4
2026-07-08 17:44:04.956,608,MOTION DETECTED,Background Subtraction (KNN),4
2026-07-08 17:44:04.981,609,MOTION DETECTED,Background Subtraction (KNN),4
2026-07-08 17:44:05.007,610,MOTION DETECTED,Background Subtraction (KNN),5
2026-07-08 17:44:05.038,611,MOTION DETECTED,Background Subtraction (KNN),5
2026-07-08 17:44:05.068,612,MOTION DETECTED,Background Subtraction (KNN),6
2026-07-08 17:44:05.110,613,MOTION DETECTED,Background Subtraction (KNN),6
2026-07-08 17:44:05.140,614,MOTION DETECTED,Background Subtraction (KNN),6
2026-07-08 17:44:05.176,615,MOTION DETECTED,Background Subtraction (KNN),6
2026-07-08 17:44:05.200,616,MOTION DETECTED,Background Subtraction (KNN),7
2026-07-08 17:44:05.255,617,MOTION DETECTED,Background Subtraction (KNN),7
2026-07-08 17:44:05.291,618,MOTION DETECTED,Background Subtraction (KNN),7
2026-07-08 17:44:05.324,619,MOTION DETECTED,Background Subtraction (KNN),6
2026-07-08 17:44:05.359,620,MOTION DETECTED,Background Subtraction (KNN),6
2026-07-08 17:44:05.394,621,MOTION DETECTED,Background Subtraction (KNN),5
2026-07-08 17:44:05.424,622,MOTION DETECTED,Background Subtraction (KNN),5
2026-07-08 17:44:05.458,623,MOTION DETECTED,Background Subtraction (KNN),6
2026-07-08 17:44:05.494,624,MOTION DETECTED,Background Subtraction (KNN),6
2026-07-08 17:44:05.523,625,MOTION DETECTED,Background Subtraction (KNN),6
2026-07-08 17:44:05.555,626,MOTION DETECTED,Background Subtraction (KNN),6
2026-07-08 17:44:05.584,627,MOTION DETECTED,Background Subtraction (KNN),6
2026-07-08 17:44:05.610,628,MOTION DETECTED,Background Subtraction (KNN),5
2026-07-08 17:44:05.651,629,MOTION DETECTED,Background Subtraction (KNN),5
2026-07-08 17:44:05.680,630,MOTION DETECTED,Background Subtraction (KNN),5
2026-07-08 17:44:05.714,631,MOTION DETECTED,Background Subtraction (KNN),5
2026-07-08 17:44:05.744,632,MOTION DETECTED,Background Subtraction (KNN),4
2026-07-08 17:44:05.775,633,MOTION DETECTED,Background Subtraction (KNN),5
2026-07-08 17:44:05.807,634,MOTION DETECTED,Background Subtraction (KNN),6
2026-07-08 17:44:05.843,635,MOTION DETECTED,Background Subtraction (KNN),6
2026-07-08 17:44:05.876,636,MOTION DETECTED,Background Subtraction (KNN),6
2026-07-08 17:44:05.907,637,MOTION DETECTED,Background Subtraction (KNN),3
2026-07-08 17:44:05.938,638,MOTION DETECTED,Background Subtraction (KNN),3
2026-07-08 17:44:05.992,639,MOTION DETECTED,Background Subtraction (KNN),3
2026-07-08 17:44:06.024,640,MOTION DETECTED,Background Subtraction (KNN),3
2026-07-08 17:44:06.054,641,MOTION DETECTED,Background Subtraction (KNN),3
2026-07-08 17:44:06.090,642,MOTION DETECTED,Background Subtraction (KNN),3
2026-07-08 17:44:06.123,643,MOTION DETECTED,Background Subtraction (KNN),3
2026-07-08 17:44:06.157,644,MOTION DETECTED,Background Subtraction (KNN),3
2026-07-08 17:44:06.193,645,MOTION DETECTED,Background Subtraction (KNN),3
2026-07-08 17:44:06.238,646,MOTION DETECTED,Background Subtraction (KNN),4
2026-07-08 17:44:06.273,647,MOTION DETECTED,Background Subtraction (KNN),4
2026-07-08 17:44:06.306,648,MOTION DETECTED,Background Subtraction (KNN),4
2026-07-08 17:44:06.340,649,MOTION DETECTED,Background Subtraction (KNN),5
2026-07-08 17:44:06.374,650,MOTION DETECTED,Background Subtraction (KNN),4
2026-07-08 17:44:06.408,651,MOTION DETECTED,Background Subtraction (KNN),5
2026-07-08 17:44:06.441,652,MOTION DETECTED,Background Subtraction (KNN),5
2026-07-08 17:44:06.475,653,MOTION DETECTED,Background Subtraction (KNN),5
2026-07-08 17:44:06.500,654,MOTION DETECTED,Background Subtraction (KNN),5
2026-07-08 17:44:06.527,655,MOTION DETECTED,Background Subtraction (KNN),5
2026-07-08 17:44:06.560,656,MOTION DETECTED,Background Subtraction (KNN),5
2026-07-08 17:44:06.590,657,MOTION DETECTED,Background Subtraction (KNN),5
2026-07-08 17:44:06.624,658,MOTION DETECTED,Background Subtraction (KNN),5
2026-07-08 17:44:06.658,659,MOTION DETECTED,Background Subtraction (KNN),5
2026-07-08 17:44:06.692,660,MOTION DETECTED,Background Subtraction (KNN),5
2026-07-08 17:44:06.738,661,MOTION DETECTED,Background Subtraction (KNN),5
2026-07-08 17:44:06.784,662,MOTION DETECTED,Background Subtraction (KNN),5
2026-07-08 17:44:06.824,663,MOTION DETECTED,Background Subtraction (KNN),5
2026-07-08 17:44:06.851,664,MOTION DETECTED,Background Subtraction (KNN),6
2026-07-08 17:44:06.895,665,MOTION DETECTED,Background Subtraction (KNN),6
2026-07-08 17:44:06.924,666,MOTION DETECTED,Background Subtraction (KNN),6
2026-07-08 17:44:06.952,667,MOTION DETECTED,Background Subtraction (KNN),6
2026-07-08 17:44:06.991,668,MOTION DETECTED,Background Subtraction (KNN),6
2026-07-08 17:44:07.024,669,MOTION DETECTED,Background Subtraction (KNN),6
2026-07-08 17:44:07.057,670,MOTION DETECTED,Background Subtraction (KNN),6
2026-07-08 17:44:07.091,671,MOTION DETECTED,Background Subtraction (KNN),6
2026-07-08 17:44:07.124,672,MOTION DETECTED,Background Subtraction (KNN),5
2026-07-08 17:44:07.157,673,MOTION DETECTED,Background Subtraction (KNN),6
2026-07-08 17:44:07.188,674,MOTION DETECTED,Background Subtraction (KNN),6
2026-07-08 17:44:07.222,675,MOTION DETECTED,Background Subtraction (KNN),6
2026-07-08 17:44:07.257,676,MOTION DETECTED,Background Subtraction (KNN),6
2026-07-08 17:44:07.290,677,MOTION DETECTED,Background Subtraction (KNN),7
2026-07-08 17:44:07.359,678,MOTION DETECTED,Background Subtraction (KNN),6
2026-07-08 17:44:07.394,679,MOTION DETECTED,Background Subtraction (KNN),6
2026-07-08 17:44:07.435,680,MOTION DETECTED,Background Subtraction (KNN),6
2026-07-08 17:44:07.468,681,MOTION DETECTED,Background Subtraction (KNN),6
2026-07-08 17:44:07.502,682,MOTION DETECTED,Background Subtraction (KNN),6
2026-07-08 17:44:07.534,683,MOTION DETECTED,Background Subtraction (KNN),6
2026-07-08 17:44:07.564,684,MOTION DETECTED,Background Subtraction (KNN),6
2026-07-08 17:44:07.610,685,MOTION DETECTED,Background Subtraction (KNN),6
2026-07-08 17:44:07.640,686,MOTION DETECTED,Background Subtraction (KNN),6
2026-07-08 17:44:07.673,687,MOTION DETECTED,Background Subtraction (KNN),6
2026-07-08 17:44:07.699,688,MOTION DETECTED,Background Subtraction (KNN),6
2026-07-08 17:44:07.728,689,MOTION DETECTED,Background Subtraction (KNN),7
2026-07-08 17:44:07.758,690,MOTION DETECTED,Background Subtraction (KNN),7
2026-07-08 17:44:07.791,691,MOTION DETECTED,Background Subtraction (KNN),6
2026-07-08 17:44:07.821,692,MOTION DETECTED,Background Subtraction (KNN),6
2026-07-08 17:44:07.856,693,MOTION DETECTED,Background Subtraction (KNN),6
2026-07-08 17:44:07.896,694,MOTION DETECTED,Background Subtraction (KNN),6
2026-07-08 17:44:07.926,695,MOTION DETECTED,Background Subtraction (KNN),5
2026-07-08 17:44:07.955,696,MOTION DETECTED,Background Subtraction (KNN),5
2026-07-08 17:44:07.982,697,MOTION DETECTED,Background Subtraction (KNN),6
2026-07-08 17:44:08.014,698,MOTION DETECTED,Background Subtraction (KNN),5
2026-07-08 17:44:08.041,699,MOTION DETECTED,Background Subtraction (KNN),6
2026-07-08 17:44:08.059,700,MOTION DETECTED,Background Subtraction (KNN),5
2026-07-08 17:44:08.085,701,MOTION DETECTED,Background Subtraction (KNN),5
2026-07-08 17:44:08.107,702,MOTION DETECTED,Background Subtraction (KNN),5
2026-07-08 17:44:08.138,703,MOTION DETECTED,Background Subtraction (KNN),5
2026-07-08 17:44:08.168,704,MOTION DETECTED,Background Subtraction (KNN),5
2026-07-08 17:44:08.194,705,MOTION DETECTED,Background Subtraction (KNN),5
2026-07-08 17:44:08.216,706,MOTION DETECTED,Background Subtraction (KNN),5
2026-07-08 17:44:08.248,707,MOTION DETECTED,Background Subtraction (KNN),5
2026-07-08 17:44:08.278,708,MOTION DETECTED,Background Subtraction (KNN),5
2026-07-08 17:44:08.301,709,MOTION DETECTED,Background Subtraction (KNN),6
2026-07-08 17:44:08.340,710,MOTION DETECTED,Background Subtraction (KNN),6
2026-07-08 17:44:08.373,711,MOTION DETECTED,Background Subtraction (KNN),5
2026-07-08 17:44:08.407,712,MOTION DETECTED,Background Subtraction (KNN),4
2026-07-08 17:44:08.440,713,MOTION DETECTED,Background Subtraction (KNN),4
2026-07-08 17:44:08.474,714,MOTION DETECTED,Background Subtraction (KNN),4
2026-07-08 17:44:08.505,715,MOTION DETECTED,Background Subtraction (KNN),3
2026-07-08 17:44:08.540,716,MOTION DETECTED,Background Subtraction (KNN),4
2026-07-08 17:44:08.574,717,MOTION DETECTED,Background Subtraction (KNN),4
2026-07-08 17:44:08.607,718,MOTION DETECTED,Background Subtraction (KNN),4
2026-07-08 17:44:08.638,719,MOTION DETECTED,Background Subtraction (KNN),4
2026-07-08 17:44:08.665,720,MOTION DETECTED,Background Subtraction (KNN),4
2026-07-08 17:44:08.725,721,MOTION DETECTED,Background Subtraction (KNN),4
2026-07-08 17:44:08.757,722,MOTION DETECTED,Background Subtraction (KNN),4
2026-07-08 17:44:08.786,723,MOTION DETECTED,Background Subtraction (KNN),4
2026-07-08 17:44:08.823,724,MOTION DETECTED,Background Subtraction (KNN),3
2026-07-08 17:44:08.857,725,MOTION DETECTED,Background Subtraction (KNN),2
2026-07-08 17:44:08.890,726,MOTION DETECTED,Background Subtraction (KNN),2
2026-07-08 17:44:08.924,727,MOTION DETECTED,Background Subtraction (KNN),2
2026-07-08 17:44:08.957,728,MOTION DETECTED,Background Subtraction (KNN),2
2026-07-08 17:44:08.988,729,MOTION DETECTED,Background Subtraction (KNN),2
2026-07-08 17:44:09.020,730,MOTION DETECTED,Background Subtraction (KNN),2
2026-07-08 17:44:09.050,731,MOTION DETECTED,Background Subtraction (KNN),2
2026-07-08 17:44:09.081,732,MOTION DETECTED,Background Subtraction (KNN),3
2026-07-08 17:44:09.107,733,MOTION DETECTED,Background Subtraction (KNN),4
2026-07-08 17:44:09.138,734,MOTION DETECTED,Background Subtraction (KNN),3
2026-07-08 17:44:09.162,735,MOTION DETECTED,Background Subtraction (KNN),3
2026-07-08 17:44:09.191,736,MOTION DETECTED,Background Subtraction (KNN),3
2026-07-08 17:44:09.224,737,MOTION DETECTED,Background Subtraction (KNN),3
2026-07-08 17:44:09.257,738,MOTION DETECTED,Background Subtraction (KNN),3
2026-07-08 17:44:09.290,739,MOTION DETECTED,Background Subtraction (KNN),4
2026-07-08 17:44:09.324,740,MOTION DETECTED,Background Subtraction (KNN),6
2026-07-08 17:44:09.355,741,MOTION DETECTED,Background Subtraction (KNN),6
2026-07-08 17:44:09.390,742,MOTION DETECTED,Background Subtraction (KNN),6
2026-07-08 17:44:09.424,743,MOTION DETECTED,Background Subtraction (KNN),6
2026-07-08 17:44:09.459,744,MOTION DETECTED,Background Subtraction (KNN),6
2026-07-08 17:44:09.490,745,MOTION DETECTED,Background Subtraction (KNN),6
2026-07-08 17:44:09.524,746,MOTION DETECTED,Background Subtraction (KNN),5
2026-07-08 17:44:09.555,747,MOTION DETECTED,Background Subtraction (KNN),4
2026-07-08 17:44:09.583,748,MOTION DETECTED,Background Subtraction (KNN),4
2026-07-08 17:44:09.610,749,MOTION DETECTED,Background Subtraction (KNN),4
2026-07-08 17:44:09.650,750,MOTION DETECTED,Background Subtraction (KNN),3
2026-07-08 17:44:09.685,751,MOTION DETECTED,Background Subtraction (KNN),4
2026-07-08 17:44:09.716,752,MOTION DETECTED,Background Subtraction (KNN),5
2026-07-08 17:44:09.745,753,MOTION DETECTED,Background Subtraction (KNN),5
2026-07-08 17:44:09.775,754,MOTION DETECTED,Background Subtraction (KNN),5
2026-07-08 17:44:09.807,755,MOTION DETECTED,Background Subtraction (KNN),5
2026-07-08 17:44:09.841,756,MOTION DETECTED,Background Subtraction (KNN),6
2026-07-08 17:44:09.871,757,MOTION DETECTED,Background Subtraction (KNN),6
2026-07-08 17:44:09.905,758,MOTION DETECTED,Background Subtraction (KNN),6
2026-07-08 17:44:09.936,759,MOTION DETECTED,Background Subtraction (KNN),5
2026-07-08 17:44:09.962,760,MOTION DETECTED,Background Subtraction (KNN),5
2026-07-08 17:44:09.991,761,MOTION DETECTED,Background Subtraction (KNN),4
2026-07-08 17:44:10.024,762,MOTION DETECTED,Background Subtraction (KNN),5
2026-07-08 17:44:10.074,763,MOTION DETECTED,Background Subtraction (KNN),5
2026-07-08 17:44:10.107,764,MOTION DETECTED,Background Subtraction (KNN),7
2026-07-08 17:44:10.140,765,MOTION DETECTED,Background Subtraction (KNN),6
2026-07-08 17:44:10.174,766,MOTION DETECTED,Background Subtraction (KNN),8
2026-07-08 17:44:10.207,767,MOTION DETECTED,Background Subtraction (KNN),4
2026-07-08 17:44:10.238,768,MOTION DETECTED,Background Subtraction (KNN),4
2026-07-08 17:44:10.269,769,MOTION DETECTED,Background Subtraction (KNN),4
2026-07-08 17:44:10.307,770,MOTION DETECTED,Background Subtraction (KNN),3
2026-07-08 17:44:10.340,771,MOTION DETECTED,Background Subtraction (KNN),3
2026-07-08 17:44:10.371,772,MOTION DETECTED,Background Subtraction (KNN),2
2026-07-08 17:44:10.407,773,MOTION DETECTED,Background Subtraction (KNN),2
2026-07-08 17:44:10.444,774,MOTION DETECTED,Background Subtraction (KNN),2
2026-07-08 17:44:10.475,775,MOTION DETECTED,Background Subtraction (KNN),2
2026-07-08 17:44:10.508,776,MOTION DETECTED,Background Subtraction (KNN),2
2026-07-08 17:44:10.538,777,MOTION DETECTED,Background Subtraction (KNN),2
2026-07-08 17:44:10.570,778,MOTION DETECTED,Background Subtraction (KNN),2
2026-07-08 17:44:10.601,779,MOTION DETECTED,Background Subtraction (KNN),3
2026-07-08 17:44:10.635,780,MOTION DETECTED,Background Subtraction (KNN),2
2026-07-08 17:44:10.662,781,MOTION DETECTED,Background Subtraction (KNN),3
2026-07-08 17:44:10.691,782,MOTION DETECTED,Background Subtraction (KNN),4
2026-07-08 17:44:10.719,783,MOTION DETECTED,Background Subtraction (KNN),3
2026-07-08 17:44:10.745,784,MOTION DETECTED,Background Subtraction (KNN),3
2026-07-08 17:44:10.776,785,MOTION DETECTED,Background Subtraction (KNN),3
2026-07-08 17:44:10.807,786,MOTION DETECTED,Background Subtraction (KNN),4
2026-07-08 17:44:10.840,787,MOTION DETECTED,Background Subtraction (KNN),2
2026-07-08 17:44:10.874,788,MOTION DETECTED,Background Subtraction (KNN),2
2026-07-08 17:44:10.907,789,MOTION DETECTED,Background Subtraction (KNN),2
2026-07-08 17:44:10.935,790,MOTION DETECTED,Background Subtraction (KNN),2
2026-07-08 17:44:10.963,791,MOTION DETECTED,Background Subtraction (KNN),2
2026-07-08 17:44:10.994,792,MOTION DETECTED,Background Subtraction (KNN),2
2026-07-08 17:44:11.025,793,MOTION DETECTED,Background Subtraction (KNN),2
2026-07-08 17:44:11.055,794,MOTION DETECTED,Background Subtraction (KNN),2
2026-07-08 17:44:11.089,795,MOTION DETECTED,Background Subtraction (KNN),3
2026-07-08 17:44:11.126,796,MOTION DETECTED,Background Subtraction (KNN),3
2026-07-08 17:44:11.156,797,MOTION DETECTED,Background Subtraction (KNN),3
2026-07-08 17:44:11.190,798,MOTION DETECTED,Background Subtraction (KNN),3
2026-07-08 17:44:11.218,799,MOTION DETECTED,Background Subtraction (KNN),3
2026-07-08 17:44:11.243,800,MOTION DETECTED,Background Subtraction (KNN),3
2026-07-08 17:44:11.267,801,MOTION DETECTED,Background Subtraction (KNN),3
2026-07-08 17:44:11.290,802,MOTION DETECTED,Background Subtraction (KNN),4
2026-07-08 17:44:11.315,803,MOTION DETECTED,Background Subtraction (KNN),4
2026-07-08 17:44:11.357,804,MOTION DETECTED,Background Subtraction (KNN),4
2026-07-08 17:44:11.392,805,MOTION DETECTED,Background Subtraction (KNN),6
2026-07-08 17:44:11.425,806,MOTION DETECTED,Background Subtraction (KNN),4
2026-07-08 17:44:11.457,807,MOTION DETECTED,Background Subtraction (KNN),3
2026-07-08 17:44:11.485,808,MOTION DETECTED,Background Subtraction (KNN),4
2026-07-08 17:44:11.513,809,MOTION DETECTED,Background Subtraction (KNN),4
2026-07-08 17:44:11.541,810,MOTION DETECTED,Background Subtraction (KNN),4
2026-07-08 17:44:11.577,811,MOTION DETECTED,Background Subtraction (KNN),4
2026-07-08 17:44:11.608,812,MOTION DETECTED,Background Subtraction (KNN),5
2026-07-08 17:44:11.642,813,MOTION DETECTED,Background Subtraction (KNN),5
2026-07-08 17:44:11.667,814,MOTION DETECTED,Background Subtraction (KNN),5
2026-07-08 17:44:11.691,815,MOTION DETECTED,Background Subtraction (KNN),4
2026-07-08 17:44:11.724,816,MOTION DETECTED,Background Subtraction (KNN),5
2026-07-08 17:44:11.757,817,MOTION DETECTED,Background Subtraction (KNN),5
2026-07-08 17:44:11.792,818,MOTION DETECTED,Background Subtraction (KNN),4
2026-07-08 17:44:11.824,819,MOTION DETECTED,Background Subtraction (KNN),4
2026-07-08 17:44:11.857,820,MOTION DETECTED,Background Subtraction (KNN),5
2026-07-08 17:44:11.894,821,MOTION DETECTED,Background Subtraction (KNN),4
2026-07-08 17:44:11.923,822,MOTION DETECTED,Background Subtraction (KNN),3
2026-07-08 17:44:11.950,823,MOTION DETECTED,Background Subtraction (KNN),3
2026-07-08 17:44:11.977,824,MOTION DETECTED,Background Subtraction (KNN),3
2026-07-08 17:44:12.007,825,MOTION DETECTED,Background Subtraction (KNN),3
2026-07-08 17:44:12.028,826,MOTION DETECTED,Background Subtraction (KNN),3
2026-07-08 17:44:12.062,827,MOTION DETECTED,Background Subtraction (KNN),3
2026-07-08 17:44:12.101,828,MOTION DETECTED,Background Subtraction (KNN),3
2026-07-08 17:44:12.136,829,MOTION DETECTED,Background Subtraction (KNN),3
2026-07-08 17:44:12.173,830,MOTION DETECTED,Background Subtraction (KNN),3
2026-07-08 17:44:12.206,831,MOTION DETECTED,Background Subtraction (KNN),3
2026-07-08 17:44:12.231,832,MOTION DETECTED,Background Subtraction (KNN),3
2026-07-08 17:44:12.260,833,MOTION DETECTED,Background Subtraction (KNN),3
2026-07-08 17:44:12.291,834,MOTION DETECTED,Background Subtraction (KNN),3
2026-07-08 17:44:12.324,835,MOTION DETECTED,Background Subtraction (KNN),3
2026-07-08 17:44:12.372,836,MOTION DETECTED,Background Subtraction (KNN),3
2026-07-08 17:44:12.416,837,MOTION DETECTED,Background Subtraction (KNN),3
2026-07-08 17:44:12.447,838,MOTION DETECTED,Background Subtraction (KNN),3
2026-07-08 17:44:12.477,839,MOTION DETECTED,Background Subtraction (KNN),3
2026-07-08 17:44:12.511,840,MOTION DETECTED,Background Subtraction (KNN),3
2026-07-08 17:44:12.534,841,MOTION DETECTED,Background Subtraction (KNN),3
2026-07-08 17:44:12.600,842,MOTION DETECTED,Background Subtraction (KNN),3
2026-07-08 17:44:12.624,843,MOTION DETECTED,Background Subtraction (KNN),3
2026-07-08 17:44:12.658,844,MOTION DETECTED,Background Subtraction (KNN),2
2026-07-08 17:44:12.684,845,MOTION DETECTED,Background Subtraction (KNN),3
2026-07-08 17:44:12.712,846,MOTION DETECTED,Background Subtraction (KNN),3
2026-07-08 17:44:12.734,847,MOTION DETECTED,Background Subtraction (KNN),2
2026-07-08 17:44:12.758,848,MOTION DETECTED,Background Subtraction (KNN),2
2026-07-08 17:44:12.790,849,MOTION DETECTED,Background Subtraction (KNN),1
2026-07-08 17:44:12.810,850,MOTION DETECTED,Background Subtraction (KNN),1
2026-07-08 17:44:12.838,851,MOTION DETECTED,Background Subtraction (KNN),1
2026-07-08 17:44:12.864,852,MOTION DETECTED,Background Subtraction (KNN),1
2026-07-08 17:44:12.884,853,MOTION DETECTED,Background Subtraction (KNN),1
2026-07-08 17:44:12.910,854,MOTION DETECTED,Background Subtraction (KNN),1
2026-07-08 17:44:12.934,855,MOTION DETECTED,Background Subtraction (KNN),1
2026-07-08 17:44:12.958,856,MOTION DETECTED,Background Subtraction (KNN),1
2026-07-08 17:44:12.983,857,MOTION DETECTED,Background Subtraction (KNN),1
2026-07-08 17:44:13.007,858,MOTION DETECTED,Background Subtraction (KNN),1
2026-07-08 17:44:13.035,859,MOTION DETECTED,Background Subtraction (KNN),1
2026-07-08 17:44:13.055,860,NO MOTION,Background Subtraction (KNN),0
2026-07-08 17:44:13.083,861,NO MOTION,Background Subtraction (KNN),0
2026-07-08 17:44:13.108,862,MOTION DETECTED,Background Subtraction (KNN),1
2026-07-08 17:44:13.142,863,MOTION DETECTED,Background Subtraction (KNN),1
2026-07-08 17:44:13.174,864,MOTION DETECTED,Background Subtraction (KNN),1
2026-07-08 17:44:13.208,865,MOTION DETECTED,Background Subtraction (KNN),1
2026-07-08 17:44:13.240,866,MOTION DETECTED,Background Subtraction (KNN),1
2026-07-08 17:44:13.274,867,MOTION DETECTED,Background Subtraction (KNN),1
2026-07-08 17:44:13.307,868,MOTION DETECTED,Background Subtraction (KNN),1
2026-07-08 17:44:13.331,869,NO MOTION,Background Subtraction (KNN),0
2026-07-08 17:44:13.350,870,NO MOTION,Background Subtraction (KNN),0
2026-07-08 17:44:13.372,871,NO MOTION,Background Subtraction (KNN),0
2026-07-08 17:44:13.400,872,NO MOTION,Background Subtraction (KNN),0
2026-07-08 17:44:13.440,873,MOTION DETECTED,Background Subtraction (KNN),1
2026-07-08 17:44:13.468,874,MOTION DETECTED,Background Subtraction (KNN),1
2026-07-08 17:44:13.494,875,NO MOTION,Background Subtraction (KNN),0
2026-07-08 17:44:13.514,876,NO MOTION,Background Subtraction (KNN),0
2026-07-08 17:44:13.537,877,NO MOTION,Background Subtraction (KNN),0
2026-07-08 17:44:13.565,878,NO MOTION,Background Subtraction (KNN),0
2026-07-08 17:44:13.590,879,NO MOTION,Background Subtraction (KNN),0
2026-07-08 17:44:13.619,880,NO MOTION,Background Subtraction (KNN),0
2026-07-08 17:44:13.650,881,NO MOTION,Background Subtraction (KNN),0
2026-07-08 17:44:13.687,882,NO MOTION,Background Subtraction (KNN),0
2026-07-08 17:44:13.705,883,NO MOTION,Background Subtraction (KNN),0
2026-07-08 17:44:13.730,884,NO MOTION,Background Subtraction (KNN),0
2026-07-08 17:44:13.764,885,NO MOTION,Background Subtraction (KNN),0
2026-07-08 17:44:13.784,886,NO MOTION,Background Subtraction (KNN),0
2026-07-08 17:44:13.808,887,NO MOTION,Background Subtraction (KNN),0
2026-07-08 17:44:13.829,888,NO MOTION,Background Subtraction (KNN),0
2026-07-08 17:44:13.856,889,NO MOTION,Background Subtraction (KNN),0
2026-07-08 17:44:13.887,890,NO MOTION,Background Subtraction (KNN),0
2026-07-08 17:44:13.908,891,NO MOTION,Background Subtraction (KNN),0
2026-07-08 17:44:13.929,892,NO MOTION,Background Subtraction (KNN),0
2026-07-08 17:44:13.968,893,NO MOTION,Background Subtraction (KNN),0
2026-07-08 17:44:13.987,894,NO MOTION,Background Subtraction (KNN),0
2026-07-08 17:44:14.015,895,NO MOTION,Background Subtraction (KNN),0
2026-07-08 17:44:14.037,896,NO MOTION,Background Subtraction (KNN),0
2026-07-08 17:44:14.059,897,NO MOTION,Background Subtraction (KNN),0
2026-07-08 17:45:04.751,1,NO MOTION,Frame Differencing,0
2026-07-08 17:45:04.818,2,NO MOTION,Frame Differencing,0
2026-07-08 17:45:04.846,3,NO MOTION,Frame Differencing,0
2026-07-08 17:45:04.879,4,NO MOTION,Frame Differencing,0
2026-07-08 17:45:04.920,5,MOTION DETECTED,Frame Differencing,1
2026-07-08 17:45:04.947,6,NO MOTION,Frame Differencing,0
2026-07-08 17:45:04.976,7,NO MOTION,Frame Differencing,0
2026-07-08 17:45:04.999,8,NO MOTION,Frame Differencing,0
2026-07-08 17:45:05.020,9,NO MOTION,Frame Differencing,0
2026-07-08 17:45:05.044,10,NO MOTION,Frame Differencing,0
2026-07-08 17:45:05.069,11,NO MOTION,Frame Differencing,0
2026-07-08 17:45:05.091,12,NO MOTION,Frame Differencing,0
2026-07-08 17:45:05.117,13,NO MOTION,Frame Differencing,0
2026-07-08 17:45:05.141,14,NO MOTION,Frame Differencing,0
2026-07-08 17:45:05.158,15,NO MOTION,Frame Differencing,0
2026-07-08 17:45:05.181,16,NO MOTION,Frame Differencing,0
2026-07-08 17:45:05.200,17,NO MOTION,Frame Differencing,0
2026-07-08 17:45:05.229,18,NO MOTION,Frame Differencing,0
2026-07-08 17:45:05.248,19,NO MOTION,Frame Differencing,0
2026-07-08 17:45:05.275,20,NO MOTION,Frame Differencing,0
2026-07-08 17:45:05.296,21,NO MOTION,Frame Differencing,0
2026-07-08 17:45:05.317,22,NO MOTION,Frame Differencing,0
2026-07-08 17:45:05.341,23,NO MOTION,Frame Differencing,0
2026-07-08 17:45:05.366,24,NO MOTION,Frame Differencing,0
2026-07-08 17:45:05.390,25,NO MOTION,Frame Differencing,0
2026-07-08 17:45:05.414,26,NO MOTION,Frame Differencing,0
2026-07-08 17:45:05.437,27,NO MOTION,Frame Differencing,0
2026-07-08 17:45:05.469,28,NO MOTION,Frame Differencing,0
2026-07-08 17:45:05.514,29,MOTION DETECTED,Frame Differencing,1
2026-07-08 17:45:05.546,30,MOTION DETECTED,Frame Differencing,1
2026-07-08 17:45:05.585,31,MOTION DETECTED,Frame Differencing,1
2026-07-08 17:45:05.618,32,MOTION DETECTED,Frame Differencing,1
2026-07-08 17:45:05.644,33,NO MOTION,Frame Differencing,0
2026-07-08 17:45:05.676,34,MOTION DETECTED,Frame Differencing,1
2026-07-08 17:45:05.697,35,NO MOTION,Frame Differencing,0
2026-07-08 17:45:05.717,36,NO MOTION,Frame Differencing,0
2026-07-08 17:45:05.745,37,NO MOTION,Frame Differencing,0
2026-07-08 17:45:05.784,38,NO MOTION,Frame Differencing,0
2026-07-08 17:45:05.826,39,NO MOTION,Frame Differencing,0
2026-07-08 17:45:05.848,40,NO MOTION,Frame Differencing,0
2026-07-08 17:45:05.874,41,MOTION DETECTED,Frame Differencing,1
2026-07-08 17:45:05.904,42,NO MOTION,Frame Differencing,0
2026-07-08 17:45:05.934,43,MOTION DETECTED,Frame Differencing,2
2026-07-08 17:45:05.968,44,MOTION DETECTED,Frame Differencing,2
2026-07-08 17:45:05.990,45,NO MOTION,Frame Differencing,0
2026-07-08 17:45:06.028,46,MOTION DETECTED,Frame Differencing,1
2026-07-08 17:45:06.056,47,MOTION DETECTED,Frame Differencing,1
2026-07-08 17:45:06.084,48,NO MOTION,Frame Differencing,0
2026-07-08 17:45:06.110,49,NO MOTION,Frame Differencing,0
2026-07-08 17:45:06.143,50,MOTION DETECTED,Frame Differencing,1
2026-07-08 17:45:06.164,51,NO MOTION,Frame Differencing,0
2026-07-08 17:45:06.190,52,MOTION DETECTED,Frame Differencing,1
2026-07-08 17:45:06.211,53,NO MOTION,Frame Differencing,0
2026-07-08 17:45:06.236,54,NO MOTION,Frame Differencing,0
2026-07-08 17:45:06.258,55,NO MOTION,Frame Differencing,0
2026-07-08 17:45:06.292,56,MOTION DETECTED,Frame Differencing,1
2026-07-08 17:45:06.316,57,NO MOTION,Frame Differencing,0
2026-07-08 17:45:06.341,58,MOTION DETECTED,Frame Differencing,2
2026-07-08 17:45:06.363,59,MOTION DETECTED,Frame Differencing,2
2026-07-08 17:45:06.395,60,MOTION DETECTED,Frame Differencing,1
2026-07-08 17:45:06.414,61,NO MOTION,Frame Differencing,0
2026-07-08 17:45:06.436,62,MOTION DETECTED,Frame Differencing,1
2026-07-08 17:45:06.456,63,NO MOTION,Frame Differencing,0
2026-07-08 17:45:06.478,64,MOTION DETECTED,Frame Differencing,1
2026-07-08 17:45:06.506,65,MOTION DETECTED,Frame Differencing,2
2026-07-08 17:45:06.524,66,NO MOTION,Frame Differencing,0
2026-07-08 17:45:06.541,67,NO MOTION,Frame Differencing,0
2026-07-08 17:45:06.560,68,NO MOTION,Frame Differencing,0
2026-07-08 17:45:06.574,69,NO MOTION,Frame Differencing,0
2026-07-08 17:45:06.601,70,MOTION DETECTED,Frame Differencing,1
2026-07-08 17:45:06.624,71,MOTION DETECTED,Frame Differencing,1
2026-07-08 17:45:06.643,72,NO MOTION,Frame Differencing,0
2026-07-08 17:45:06.670,73,MOTION DETECTED,Frame Differencing,1
2026-07-08 17:45:06.688,74,NO MOTION,Frame Differencing,0
2026-07-08 17:45:06.715,75,NO MOTION,Frame Differencing,0
2026-07-08 17:45:06.747,76,NO MOTION,Frame Differencing,0
2026-07-08 17:45:06.789,77,MOTION DETECTED,Frame Differencing,1
2026-07-08 17:45:06.819,78,MOTION DETECTED,Frame Differencing,1
2026-07-08 17:45:06.859,79,MOTION DETECTED,Frame Differencing,1
2026-07-08 17:45:06.900,80,NO MOTION,Frame Differencing,0
2026-07-08 17:45:06.916,81,NO MOTION,Frame Differencing,0
2026-07-08 17:45:06.934,82,NO MOTION,Frame Differencing,0
2026-07-08 17:45:06.945,83,NO MOTION,Frame Differencing,0
2026-07-08 17:45:06.972,84,NO MOTION,Frame Differencing,0
2026-07-08 17:45:06.994,85,NO MOTION,Frame Differencing,0
2026-07-08 17:45:07.014,86,NO MOTION,Frame Differencing,0
2026-07-08 17:45:07.048,87,NO MOTION,Frame Differencing,0
2026-07-08 17:45:07.067,88,NO MOTION,Frame Differencing,0
2026-07-08 17:45:07.086,89,NO MOTION,Frame Differencing,0
2026-07-08 17:45:07.116,90,NO MOTION,Frame Differencing,0
2026-07-08 17:45:07.137,91,NO MOTION,Frame Differencing,0
2026-07-08 17:45:07.154,92,NO MOTION,Frame Differencing,0
2026-07-08 17:45:07.174,93,NO MOTION,Frame Differencing,0
2026-07-08 17:45:07.198,94,MOTION DETECTED,Frame Differencing,1
2026-07-08 17:45:07.219,95,MOTION DETECTED,Frame Differencing,1
2026-07-08 17:45:07.241,96,MOTION DETECTED,Frame Differencing,1
2026-07-08 17:45:07.266,97,MOTION DETECTED,Frame Differencing,2
2026-07-08 17:45:07.290,98,MOTION DETECTED,Frame Differencing,2
2026-07-08 17:45:07.308,99,NO MOTION,Frame Differencing,0
2026-07-08 17:45:07.334,100,MOTION DETECTED,Frame Differencing,2
2026-07-08 17:45:07.361,101,MOTION DETECTED,Frame Differencing,3
2026-07-08 17:45:07.384,102,NO MOTION,Frame Differencing,0
2026-07-08 17:45:07.404,103,MOTION DETECTED,Frame Differencing,2
2026-07-08 17:45:07.438,104,MOTION DETECTED,Frame Differencing,1
2026-07-08 17:45:07.458,105,NO MOTION,Frame Differencing,0
2026-07-08 17:45:07.477,106,NO MOTION,Frame Differencing,0
2026-07-08 17:45:07.498,107,MOTION DETECTED,Frame Differencing,3
2026-07-08 17:45:07.518,108,NO MOTION,Frame Differencing,0
2026-07-08 17:45:07.539,109,MOTION DETECTED,Frame Differencing,2
2026-07-08 17:45:07.568,110,MOTION DETECTED,Frame Differencing,3
2026-07-08 17:45:07.586,111,NO MOTION,Frame Differencing,0
2026-07-08 17:45:07.608,112,MOTION DETECTED,Frame Differencing,2
2026-07-08 17:45:07.630,113,MOTION DETECTED,Frame Differencing,1
2026-07-08 17:45:07.646,114,NO MOTION,Frame Differencing,0
2026-07-08 17:45:07.668,115,MOTION DETECTED,Frame Differencing,1
2026-07-08 17:45:07.684,116,MOTION DETECTED,Frame Differencing,1
2026-07-08 17:45:07.707,117,NO MOTION,Frame Differencing,0
2026-07-08 17:45:07.718,118,NO MOTION,Frame Differencing,0
2026-07-08 17:45:07.744,119,MOTION DETECTED,Frame Differencing,1
2026-07-08 17:45:07.759,120,NO MOTION,Frame Differencing,0
2026-07-08 17:45:07.780,121,MOTION DETECTED,Frame Differencing,1
2026-07-08 17:45:07.814,122,NO MOTION,Frame Differencing,0
2026-07-08 17:45:07.824,123,NO MOTION,Frame Differencing,0
2026-07-08 17:45:07.864,124,NO MOTION,Frame Differencing,0
2026-07-08 17:45:07.880,125,NO MOTION,Frame Differencing,0
2026-07-08 17:45:07.894,126,NO MOTION,Frame Differencing,0
2026-07-08 17:45:07.927,127,NO MOTION,Frame Differencing,0
2026-07-08 17:45:07.959,128,NO MOTION,Frame Differencing,0
2026-07-08 17:45:07.994,129,NO MOTION,Frame Differencing,0
2026-07-08 17:45:08.016,130,NO MOTION,Frame Differencing,0
2026-07-08 17:45:08.048,131,NO MOTION,Frame Differencing,0
2026-07-08 17:45:08.078,132,NO MOTION,Frame Differencing,0
2026-07-08 17:45:08.094,133,NO MOTION,Frame Differencing,0
2026-07-08 17:45:08.116,134,NO MOTION,Frame Differencing,0
2026-07-08 17:45:08.133,135,NO MOTION,Frame Differencing,0
2026-07-08 17:45:08.150,136,NO MOTION,Frame Differencing,0
2026-07-08 17:45:08.163,137,NO MOTION,Frame Differencing,0
2026-07-08 17:45:08.190,138,NO MOTION,Frame Differencing,0
2026-07-08 17:45:08.223,139,NO MOTION,Frame Differencing,0
2026-07-08 17:45:08.258,140,NO MOTION,Frame Differencing,0
2026-07-08 17:45:08.280,141,NO MOTION,Frame Differencing,0
2026-07-08 17:45:08.315,142,NO MOTION,Frame Differencing,0
2026-07-08 17:45:08.328,143,NO MOTION,Frame Differencing,0
2026-07-08 17:45:08.350,144,NO MOTION,Frame Differencing,0
2026-07-08 17:45:08.370,145,MOTION DETECTED,Frame Differencing,1
2026-07-08 17:45:08.401,146,MOTION DETECTED,Frame Differencing,1
2026-07-08 17:45:08.417,147,NO MOTION,Frame Differencing,0
2026-07-08 17:45:08.435,148,NO MOTION,Frame Differencing,0
2026-07-08 17:45:08.455,149,MOTION DETECTED,Frame Differencing,1
2026-07-08 17:45:08.484,150,MOTION DETECTED,Frame Differencing,1
2026-07-08 17:45:08.509,151,MOTION DETECTED,Frame Differencing,1
2026-07-08 17:45:08.527,152,NO MOTION,Frame Differencing,0
2026-07-08 17:45:08.547,153,NO MOTION,Frame Differencing,0
2026-07-08 17:45:08.575,154,NO MOTION,Frame Differencing,0
2026-07-08 17:45:08.613,155,NO MOTION,Frame Differencing,0
2026-07-08 17:45:08.644,156,NO MOTION,Frame Differencing,0
2026-07-08 17:45:08.675,157,NO MOTION,Frame Differencing,0
2026-07-08 17:45:08.715,158,NO MOTION,Frame Differencing,0
2026-07-08 17:45:08.746,159,NO MOTION,Frame Differencing,0
2026-07-08 17:45:08.776,160,NO MOTION,Frame Differencing,0
2026-07-08 17:45:08.807,161,NO MOTION,Frame Differencing,0
2026-07-08 17:45:08.841,162,NO MOTION,Frame Differencing,0
2026-07-08 17:45:08.865,163,NO MOTION,Frame Differencing,0
2026-07-08 17:45:08.897,164,NO MOTION,Frame Differencing,0
2026-07-08 17:45:08.914,165,NO MOTION,Frame Differencing,0
2026-07-08 17:45:08.929,166,NO MOTION,Frame Differencing,0
2026-07-08 17:45:08.960,167,NO MOTION,Frame Differencing,0
2026-07-08 17:45:08.977,168,NO MOTION,Frame Differencing,0
2026-07-08 17:45:08.992,169,NO MOTION,Frame Differencing,0
2026-07-08 17:45:09.015,170,NO MOTION,Frame Differencing,0
2026-07-08 17:45:09.047,171,NO MOTION,Frame Differencing,0
2026-07-08 17:45:09.078,172,NO MOTION,Frame Differencing,0
2026-07-08 17:45:09.094,173,NO MOTION,Frame Differencing,0
2026-07-08 17:45:09.108,174,NO MOTION,Frame Differencing,0
2026-07-08 17:45:09.124,175,NO MOTION,Frame Differencing,0
2026-07-08 17:45:09.162,176,NO MOTION,Frame Differencing,0
2026-07-08 17:45:09.177,177,NO MOTION,Frame Differencing,0
2026-07-08 17:45:09.213,178,NO MOTION,Frame Differencing,0
2026-07-08 17:45:09.240,179,NO MOTION,Frame Differencing,0
2026-07-08 17:45:09.275,180,NO MOTION,Frame Differencing,0
2026-07-08 17:45:09.310,181,NO MOTION,Frame Differencing,0
2026-07-08 17:45:09.329,182,NO MOTION,Frame Differencing,0
2026-07-08 17:45:09.361,183,NO MOTION,Frame Differencing,0
2026-07-08 17:45:09.393,184,NO MOTION,Frame Differencing,0
2026-07-08 17:45:09.423,185,NO MOTION,Frame Differencing,0
2026-07-08 17:45:09.457,186,NO MOTION,Frame Differencing,0
2026-07-08 17:45:09.482,187,NO MOTION,Frame Differencing,0
2026-07-08 17:45:09.514,188,NO MOTION,Frame Differencing,0
2026-07-08 17:45:09.536,189,NO MOTION,Frame Differencing,0
2026-07-08 17:45:09.562,190,NO MOTION,Frame Differencing,0
2026-07-08 17:45:09.596,191,NO MOTION,Frame Differencing,0
2026-07-08 17:45:09.613,192,NO MOTION,Frame Differencing,0
2026-07-08 17:45:09.643,193,NO MOTION,Frame Differencing,0
2026-07-08 17:45:09.671,194,NO MOTION,Frame Differencing,0
2026-07-08 17:45:09.702,195,NO MOTION,Frame Differencing,0
2026-07-08 17:45:09.720,196,NO MOTION,Frame Differencing,0
2026-07-08 17:45:09.740,197,NO MOTION,Frame Differencing,0
2026-07-08 17:45:09.765,198,NO MOTION,Frame Differencing,0
2026-07-08 17:45:09.792,199,NO MOTION,Frame Differencing,0
2026-07-08 17:45:09.817,200,NO MOTION,Frame Differencing,0
2026-07-08 17:45:09.849,201,NO MOTION,Frame Differencing,0
2026-07-08 17:45:09.867,202,NO MOTION,Frame Differencing,0
2026-07-08 17:45:09.884,203,NO MOTION,Frame Differencing,0
2026-07-08 17:45:09.920,204,NO MOTION,Frame Differencing,0
2026-07-08 17:45:09.935,205,NO MOTION,Frame Differencing,0
2026-07-08 17:45:09.951,206,NO MOTION,Frame Differencing,0
2026-07-08 17:45:09.967,207,NO MOTION,Frame Differencing,0
2026-07-08 17:45:09.991,208,NO MOTION,Frame Differencing,0
2026-07-08 17:45:10.017,209,NO MOTION,Frame Differencing,0
2026-07-08 17:45:10.034,210,NO MOTION,Frame Differencing,0
2026-07-08 17:45:10.050,211,MOTION DETECTED,Frame Differencing,1
2026-07-08 17:45:10.071,212,MOTION DETECTED,Frame Differencing,1
2026-07-08 17:45:10.093,213,MOTION DETECTED,Frame Differencing,1
2026-07-08 17:45:10.115,214,MOTION DETECTED,Frame Differencing,1
2026-07-08 17:45:10.127,215,MOTION DETECTED,Frame Differencing,1
2026-07-08 17:45:10.153,216,MOTION DETECTED,Frame Differencing,1
2026-07-08 17:45:10.170,217,MOTION DETECTED,Frame Differencing,1
2026-07-08 17:45:10.190,218,NO MOTION,Frame Differencing,0
2026-07-08 17:45:10.206,219,NO MOTION,Frame Differencing,0
2026-07-08 17:45:10.219,220,NO MOTION,Frame Differencing,0
2026-07-08 17:45:10.235,221,NO MOTION,Frame Differencing,0
2026-07-08 17:45:10.247,222,NO MOTION,Frame Differencing,0
2026-07-08 17:45:10.264,223,NO MOTION,Frame Differencing,0
2026-07-08 17:45:10.279,224,NO MOTION,Frame Differencing,0
2026-07-08 17:45:10.295,225,NO MOTION,Frame Differencing,0
2026-07-08 17:45:10.309,226,NO MOTION,Frame Differencing,0
2026-07-08 17:45:10.327,227,NO MOTION,Frame Differencing,0
2026-07-08 17:45:10.341,228,NO MOTION,Frame Differencing,0
2026-07-08 17:45:10.357,229,NO MOTION,Frame Differencing,0
2026-07-08 17:45:10.377,230,NO MOTION,Frame Differencing,0
2026-07-08 17:45:10.391,231,NO MOTION,Frame Differencing,0
2026-07-08 17:45:10.407,232,NO MOTION,Frame Differencing,0
2026-07-08 17:45:10.423,233,MOTION DETECTED,Frame Differencing,1
2026-07-08 17:45:10.446,234,MOTION DETECTED,Frame Differencing,1
2026-07-08 17:45:10.464,235,MOTION DETECTED,Frame Differencing,1
2026-07-08 17:45:10.493,236,MOTION DETECTED,Frame Differencing,1
2026-07-08 17:45:10.514,237,NO MOTION,Frame Differencing,0
2026-07-08 17:45:10.528,238,NO MOTION,Frame Differencing,0
2026-07-08 17:45:10.551,239,NO MOTION,Frame Differencing,0
2026-07-08 17:45:10.566,240,NO MOTION,Frame Differencing,0
2026-07-08 17:45:10.593,241,NO MOTION,Frame Differencing,0
2026-07-08 17:45:10.624,242,NO MOTION,Frame Differencing,0
2026-07-08 17:45:10.660,243,NO MOTION,Frame Differencing,0
2026-07-08 17:45:10.675,244,NO MOTION,Frame Differencing,0
2026-07-08 17:45:10.696,245,MOTION DETECTED,Frame Differencing,1
2026-07-08 17:45:10.718,246,MOTION DETECTED,Frame Differencing,1
2026-07-08 17:45:10.734,247,NO MOTION,Frame Differencing,0
2026-07-08 17:45:10.749,248,MOTION DETECTED,Frame Differencing,1
2026-07-08 17:45:10.787,249,NO MOTION,Frame Differencing,0
2026-07-08 17:45:10.806,250,NO MOTION,Frame Differencing,0
2026-07-08 17:45:10.836,251,NO MOTION,Frame Differencing,0
2026-07-08 17:45:10.866,252,NO MOTION,Frame Differencing,0
2026-07-08 17:45:10.896,253,NO MOTION,Frame Differencing,0
2026-07-08 17:45:10.926,254,NO MOTION,Frame Differencing,0
2026-07-08 17:45:10.962,255,NO MOTION,Frame Differencing,0
2026-07-08 17:45:10.984,256,NO MOTION,Frame Differencing,0
2026-07-08 17:45:11.014,257,NO MOTION,Frame Differencing,0
2026-07-08 17:45:11.037,258,NO MOTION,Frame Differencing,0
2026-07-08 17:45:11.057,259,NO MOTION,Frame Differencing,0
2026-07-08 17:45:11.083,260,NO MOTION,Frame Differencing,0
2026-07-08 17:45:11.122,261,NO MOTION,Frame Differencing,0
2026-07-08 17:45:11.141,262,NO MOTION,Frame Differencing,0
2026-07-08 17:45:11.179,263,NO MOTION,Frame Differencing,0
2026-07-08 17:45:11.203,264,NO MOTION,Frame Differencing,0
2026-07-08 17:45:11.238,265,NO MOTION,Frame Differencing,0
2026-07-08 17:45:11.268,266,NO MOTION,Frame Differencing,0
2026-07-08 17:45:11.286,267,NO MOTION,Frame Differencing,0
2026-07-08 17:45:11.307,268,NO MOTION,Frame Differencing,0
2026-07-08 17:45:11.330,269,NO MOTION,Frame Differencing,0
2026-07-08 17:45:11.346,270,NO MOTION,Frame Differencing,0
2026-07-08 17:45:11.388,271,MOTION DETECTED,Frame Differencing,1
2026-07-08 17:45:11.408,272,NO MOTION,Frame Differencing,0
2026-07-08 17:45:11.440,273,NO MOTION,Frame Differencing,0
2026-07-08 17:45:11.469,274,NO MOTION,Frame Differencing,0
2026-07-08 17:45:11.486,275,NO MOTION,Frame Differencing,0
2026-07-08 17:45:11.508,276,NO MOTION,Frame Differencing,0
2026-07-08 17:45:11.528,277,NO MOTION,Frame Differencing,0
2026-07-08 17:45:11.560,278,NO MOTION,Frame Differencing,0
2026-07-08 17:45:11.586,279,NO MOTION,Frame Differencing,0
2026-07-08 17:45:11.618,280,NO MOTION,Frame Differencing,0
2026-07-08 17:45:11.651,281,NO MOTION,Frame Differencing,0
2026-07-08 17:45:11.671,282,NO MOTION,Frame Differencing,0
2026-07-08 17:45:11.691,283,NO MOTION,Frame Differencing,0
2026-07-08 17:45:11.718,284,MOTION DETECTED,Frame Differencing,1
2026-07-08 17:45:11.744,285,MOTION DETECTED,Frame Differencing,1
2026-07-08 17:45:11.777,286,MOTION DETECTED,Frame Differencing,1
2026-07-08 17:45:11.808,287,NO MOTION,Frame Differencing,0
2026-07-08 17:45:11.831,288,NO MOTION,Frame Differencing,0
2026-07-08 17:45:11.853,289,NO MOTION,Frame Differencing,0
2026-07-08 17:45:11.874,290,NO MOTION,Frame Differencing,0
2026-07-08 17:45:11.896,291,NO MOTION,Frame Differencing,0
2026-07-08 17:45:11.923,292,MOTION DETECTED,Frame Differencing,1
2026-07-08 17:45:11.951,293,MOTION DETECTED,Frame Differencing,1
2026-07-08 17:45:11.973,294,NO MOTION,Frame Differencing,0
2026-07-08 17:45:11.995,295,NO MOTION,Frame Differencing,0
2026-07-08 17:45:12.016,296,MOTION DETECTED,Frame Differencing,1
2026-07-08 17:45:12.051,297,NO MOTION,Frame Differencing,0
2026-07-08 17:45:12.073,298,NO MOTION,Frame Differencing,0
2026-07-08 17:45:12.095,299,NO MOTION,Frame Differencing,0
2026-07-08 17:45:12.111,300,NO MOTION,Frame Differencing,0
2026-07-08 17:45:12.144,301,NO MOTION,Frame Differencing,0
2026-07-08 17:45:12.176,302,NO MOTION,Frame Differencing,0
2026-07-08 17:45:12.191,303,NO MOTION,Frame Differencing,0
2026-07-08 17:45:12.240,304,MOTION DETECTED,Frame Differencing,1
2026-07-08 17:45:12.271,305,MOTION DETECTED,Frame Differencing,1
2026-07-08 17:45:12.291,306,NO MOTION,Frame Differencing,0
2026-07-08 17:45:12.323,307,NO MOTION,Frame Differencing,0
2026-07-08 17:45:12.349,308,NO MOTION,Frame Differencing,0
2026-07-08 17:45:12.378,309,NO MOTION,Frame Differencing,0
2026-07-08 17:45:12.394,310,NO MOTION,Frame Differencing,0
2026-07-08 17:45:12.424,311,NO MOTION,Frame Differencing,0
2026-07-08 17:45:12.445,312,NO MOTION,Frame Differencing,0
2026-07-08 17:45:12.468,313,NO MOTION,Frame Differencing,0
2026-07-08 17:45:12.491,314,NO MOTION,Frame Differencing,0
2026-07-08 17:45:12.512,315,NO MOTION,Frame Differencing,0
2026-07-08 17:45:12.542,316,NO MOTION,Frame Differencing,0
2026-07-08 17:45:12.578,317,NO MOTION,Frame Differencing,0
2026-07-08 17:45:12.601,318,NO MOTION,Frame Differencing,0
2026-07-08 17:45:12.646,319,NO MOTION,Frame Differencing,0
2026-07-08 17:45:12.665,320,NO MOTION,Frame Differencing,0
2026-07-08 17:45:12.688,321,NO MOTION,Frame Differencing,0
2026-07-08 17:45:12.710,322,NO MOTION,Frame Differencing,0
2026-07-08 17:45:12.733,323,NO MOTION,Frame Differencing,0
2026-07-08 17:45:12.760,324,NO MOTION,Frame Differencing,0
2026-07-08 17:45:12.784,325,NO MOTION,Frame Differencing,0
2026-07-08 17:45:12.799,326,NO MOTION,Frame Differencing,0
2026-07-08 17:45:12.813,327,NO MOTION,Frame Differencing,0
2026-07-08 17:45:12.831,328,NO MOTION,Frame Differencing,0
2026-07-08 17:45:12.846,329,MOTION DETECTED,Frame Differencing,1
2026-07-08 17:45:12.864,330,NO MOTION,Frame Differencing,0
2026-07-08 17:45:12.881,331,MOTION DETECTED,Frame Differencing,1
2026-07-08 17:45:12.900,332,MOTION DETECTED,Frame Differencing,1
2026-07-08 17:45:12.914,333,NO MOTION,Frame Differencing,0
2026-07-08 17:45:12.930,334,MOTION DETECTED,Frame Differencing,1
2026-07-08 17:45:12.947,335,MOTION DETECTED,Frame Differencing,1
2026-07-08 17:45:12.966,336,NO MOTION,Frame Differencing,0
2026-07-08 17:45:12.984,337,NO MOTION,Frame Differencing,0
2026-07-08 17:45:12.997,338,MOTION DETECTED,Frame Differencing,1
2026-07-08 17:45:13.015,339,NO MOTION,Frame Differencing,0
2026-07-08 17:45:13.029,340,NO MOTION,Frame Differencing,0
2026-07-08 17:45:13.043,341,NO MOTION,Frame Differencing,0
2026-07-08 17:45:13.057,342,NO MOTION,Frame Differencing,0
2026-07-08 17:45:13.073,343,NO MOTION,Frame Differencing,0
2026-07-08 17:45:13.087,344,NO MOTION,Frame Differencing,0
2026-07-08 17:45:13.098,345,NO MOTION,Frame Differencing,0
2026-07-08 17:45:13.112,346,NO MOTION,Frame Differencing,0
2026-07-08 17:45:13.126,347,NO MOTION,Frame Differencing,0
2026-07-08 17:45:13.143,348,NO MOTION,Frame Differencing,0
2026-07-08 17:45:13.159,349,MOTION DETECTED,Frame Differencing,1
2026-07-08 17:45:13.182,350,MOTION DETECTED,Frame Differencing,2
2026-07-08 17:45:13.199,351,NO MOTION,Frame Differencing,0
2026-07-08 17:45:13.215,352,MOTION DETECTED,Frame Differencing,1
2026-07-08 17:45:13.235,353,MOTION DETECTED,Frame Differencing,1
2026-07-08 17:45:13.249,354,NO MOTION,Frame Differencing,0
2026-07-08 17:45:13.267,355,MOTION DETECTED,Frame Differencing,1
2026-07-08 17:45:13.282,356,NO MOTION,Frame Differencing,0
2026-07-08 17:45:13.298,357,NO MOTION,Frame Differencing,0
2026-07-08 17:45:13.309,358,NO MOTION,Frame Differencing,0
2026-07-08 17:45:13.324,359,NO MOTION,Frame Differencing,0
2026-07-08 17:45:13.343,360,NO MOTION,Frame Differencing,0
2026-07-08 17:45:13.357,361,NO MOTION,Frame Differencing,0
2026-07-08 17:45:13.374,362,NO MOTION,Frame Differencing,0
2026-07-08 17:45:13.393,363,NO MOTION,Frame Differencing,0
2026-07-08 17:45:13.408,364,NO MOTION,Frame Differencing,0
2026-07-08 17:45:13.423,365,NO MOTION,Frame Differencing,0
2026-07-08 17:45:13.441,366,NO MOTION,Frame Differencing,0
2026-07-08 17:45:13.457,367,NO MOTION,Frame Differencing,0
2026-07-08 17:45:13.474,368,NO MOTION,Frame Differencing,0
2026-07-08 17:45:13.484,369,NO MOTION,Frame Differencing,0
2026-07-08 17:45:13.501,370,NO MOTION,Frame Differencing,0
2026-07-08 17:45:13.528,371,NO MOTION,Frame Differencing,0
2026-07-08 17:45:13.546,372,NO MOTION,Frame Differencing,0
2026-07-08 17:45:13.560,373,NO MOTION,Frame Differencing,0
2026-07-08 17:45:13.593,374,NO MOTION,Frame Differencing,0
2026-07-08 17:45:13.607,375,NO MOTION,Frame Differencing,0
2026-07-08 17:45:13.623,376,NO MOTION,Frame Differencing,0
2026-07-08 17:45:13.633,377,NO MOTION,Frame Differencing,0
2026-07-08 17:45:13.649,378,NO MOTION,Frame Differencing,0
2026-07-08 17:45:13.664,379,NO MOTION,Frame Differencing,0
2026-07-08 17:45:13.675,380,NO MOTION,Frame Differencing,0
2026-07-08 17:45:13.690,381,NO MOTION,Frame Differencing,0
2026-07-08 17:45:13.701,382,NO MOTION,Frame Differencing,0
2026-07-08 17:45:13.726,383,NO MOTION,Frame Differencing,0
2026-07-08 17:45:13.741,384,NO MOTION,Frame Differencing,0
2026-07-08 17:45:13.759,385,NO MOTION,Frame Differencing,0
2026-07-08 17:45:13.776,386,NO MOTION,Frame Differencing,0
2026-07-08 17:45:13.793,387,NO MOTION,Frame Differencing,0
2026-07-08 17:45:13.803,388,NO MOTION,Frame Differencing,0
2026-07-08 17:45:13.818,389,NO MOTION,Frame Differencing,0
2026-07-08 17:45:13.835,390,NO MOTION,Frame Differencing,0
2026-07-08 17:45:13.849,391,NO MOTION,Frame Differencing,0
2026-07-08 17:45:13.868,392,NO MOTION,Frame Differencing,0
2026-07-08 17:45:13.885,393,NO MOTION,Frame Differencing,0
2026-07-08 17:45:13.890,394,NO MOTION,Frame Differencing,0
2026-07-08 17:45:13.907,395,NO MOTION,Frame Differencing,0
2026-07-08 17:45:13.925,396,NO MOTION,Frame Differencing,0
2026-07-08 17:45:13.941,397,NO MOTION,Frame Differencing,0
2026-07-08 17:45:13.964,398,MOTION DETECTED,Frame Differencing,1
2026-07-08 17:45:13.992,399,NO MOTION,Frame Differencing,0
2026-07-08 17:45:14.017,400,MOTION DETECTED,Frame Differencing,2
2026-07-08 17:45:14.033,401,MOTION DETECTED,Frame Differencing,2
2026-07-08 17:45:14.050,402,MOTION DETECTED,Frame Differencing,1
2026-07-08 17:45:14.077,403,MOTION DETECTED,Frame Differencing,2
2026-07-08 17:45:14.097,404,MOTION DETECTED,Frame Differencing,2
2026-07-08 17:45:14.119,405,MOTION DETECTED,Frame Differencing,2
2026-07-08 17:45:14.151,406,MOTION DETECTED,Frame Differencing,2
2026-07-08 17:45:14.175,407,MOTION DETECTED,Frame Differencing,2
2026-07-08 17:45:14.191,408,NO MOTION,Frame Differencing,0
2026-07-08 17:45:14.206,409,NO MOTION,Frame Differencing,0
2026-07-08 17:45:14.225,410,NO MOTION,Frame Differencing,0
2026-07-08 17:45:14.241,411,NO MOTION,Frame Differencing,0
2026-07-08 17:45:14.259,412,NO MOTION,Frame Differencing,0
2026-07-08 17:45:14.274,413,NO MOTION,Frame Differencing,0
2026-07-08 17:45:14.292,414,NO MOTION,Frame Differencing,0
2026-07-08 17:45:14.313,415,NO MOTION,Frame Differencing,0
2026-07-08 17:45:14.330,416,NO MOTION,Frame Differencing,0
2026-07-08 17:45:14.346,417,NO MOTION,Frame Differencing,0
2026-07-08 17:45:14.362,418,NO MOTION,Frame Differencing,0
2026-07-08 17:45:14.378,419,NO MOTION,Frame Differencing,0
2026-07-08 17:45:14.396,420,NO MOTION,Frame Differencing,0
2026-07-08 17:45:14.414,421,NO MOTION,Frame Differencing,0
2026-07-08 17:45:14.428,422,NO MOTION,Frame Differencing,0
2026-07-08 17:45:14.450,423,NO MOTION,Frame Differencing,0
2026-07-08 17:45:14.465,424,NO MOTION,Frame Differencing,0
2026-07-08 17:45:14.484,425,NO MOTION,Frame Differencing,0
2026-07-08 17:45:14.499,426,NO MOTION,Frame Differencing,0
2026-07-08 17:45:14.514,427,NO MOTION,Frame Differencing,0
2026-07-08 17:45:14.530,428,NO MOTION,Frame Differencing,0
2026-07-08 17:45:14.546,429,NO MOTION,Frame Differencing,0
2026-07-08 17:45:14.558,430,NO MOTION,Frame Differencing,0
2026-07-08 17:45:14.577,431,NO MOTION,Frame Differencing,0
2026-07-08 17:45:14.592,432,NO MOTION,Frame Differencing,0
2026-07-08 17:45:14.602,433,NO MOTION,Frame Differencing,0
2026-07-08 17:45:14.624,434,NO MOTION,Frame Differencing,0
2026-07-08 17:45:14.641,435,NO MOTION,Frame Differencing,0
2026-07-08 17:45:14.657,436,NO MOTION,Frame Differencing,0
2026-07-08 17:45:14.674,437,NO MOTION,Frame Differencing,0
2026-07-08 17:45:14.698,438,NO MOTION,Frame Differencing,0
2026-07-08 17:45:14.717,439,NO MOTION,Frame Differencing,0
2026-07-08 17:45:14.730,440,NO MOTION,Frame Differencing,0
2026-07-08 17:45:14.746,441,NO MOTION,Frame Differencing,0
2026-07-08 17:45:14.761,442,NO MOTION,Frame Differencing,0
2026-07-08 17:45:14.777,443,NO MOTION,Frame Differencing,0
2026-07-08 17:45:14.791,444,NO MOTION,Frame Differencing,0
2026-07-08 17:45:14.812,445,NO MOTION,Frame Differencing,0
2026-07-08 17:45:14.830,446,NO MOTION,Frame Differencing,0
2026-07-08 17:45:14.846,447,NO MOTION,Frame Differencing,0
2026-07-08 17:45:14.859,448,NO MOTION,Frame Differencing,0
2026-07-08 17:45:15.015,449,NO MOTION,Frame Differencing,0
2026-07-08 17:45:15.030,450,NO MOTION,Frame Differencing,0
2026-07-08 17:45:15.042,451,NO MOTION,Frame Differencing,0
2026-07-08 17:45:15.061,452,NO MOTION,Frame Differencing,0
2026-07-08 17:45:15.080,453,NO MOTION,Frame Differencing,0
2026-07-08 17:45:15.093,454,NO MOTION,Frame Differencing,0
2026-07-08 17:45:15.105,455,NO MOTION,Frame Differencing,0
2026-07-08 17:45:15.118,456,NO MOTION,Frame Differencing,0
2026-07-08 17:45:15.144,457,MOTION DETECTED,Frame Differencing,1
2026-07-08 17:45:15.168,458,MOTION DETECTED,Frame Differencing,1
2026-07-08 17:45:15.180,459,NO MOTION,Frame Differencing,0
2026-07-08 17:45:15.200,460,MOTION DETECTED,Frame Differencing,1
2026-07-08 17:45:15.220,461,MOTION DETECTED,Frame Differencing,1
2026-07-08 17:45:15.236,462,NO MOTION,Frame Differencing,0
2026-07-08 17:45:15.258,463,MOTION DETECTED,Frame Differencing,1
2026-07-08 17:45:15.269,464,NO MOTION,Frame Differencing,0
2026-07-08 17:45:15.282,465,NO MOTION,Frame Differencing,0
2026-07-08 17:45:15.295,466,NO MOTION,Frame Differencing,0
2026-07-08 17:45:15.309,467,NO MOTION,Frame Differencing,0
2026-07-08 17:45:15.326,468,NO MOTION,Frame Differencing,0
2026-07-08 17:45:15.341,469,NO MOTION,Frame Differencing,0
2026-07-08 17:45:15.357,470,NO MOTION,Frame Differencing,0
2026-07-08 17:45:15.371,471,NO MOTION,Frame Differencing,0
2026-07-08 17:45:15.386,472,NO MOTION,Frame Differencing,0
2026-07-08 17:45:15.403,473,NO MOTION,Frame Differencing,0
2026-07-08 17:45:15.415,474,NO MOTION,Frame Differencing,0
2026-07-08 17:45:15.436,475,NO MOTION,Frame Differencing,0
2026-07-08 17:45:15.445,476,NO MOTION,Frame Differencing,0
2026-07-08 17:45:15.466,477,NO MOTION,Frame Differencing,0
2026-07-08 17:45:15.482,478,NO MOTION,Frame Differencing,0
2026-07-08 17:45:15.491,479,NO MOTION,Frame Differencing,0
2026-07-08 17:45:15.507,480,NO MOTION,Frame Differencing,0
2026-07-08 17:45:15.521,481,MOTION DETECTED,Frame Differencing,1
2026-07-08 17:45:15.548,482,MOTION DETECTED,Frame Differencing,1
2026-07-08 17:45:15.558,483,NO MOTION,Frame Differencing,0
2026-07-08 17:45:15.581,484,MOTION DETECTED,Frame Differencing,1
2026-07-08 17:45:15.592,485,NO MOTION,Frame Differencing,0
2026-07-08 17:45:15.604,486,NO MOTION,Frame Differencing,0
2026-07-08 17:45:15.619,487,MOTION DETECTED,Frame Differencing,1
2026-07-08 17:45:15.645,488,NO MOTION,Frame Differencing,0
2026-07-08 17:45:15.658,489,NO MOTION,Frame Differencing,0
2026-07-08 17:45:15.673,490,NO MOTION,Frame Differencing,0
2026-07-08 17:45:15.684,491,NO MOTION,Frame Differencing,0
2026-07-08 17:45:15.699,492,NO MOTION,Frame Differencing,0
2026-07-08 17:45:15.712,493,NO MOTION,Frame Differencing,0
2026-07-08 17:45:15.728,494,NO MOTION,Frame Differencing,0
2026-07-08 17:45:15.742,495,NO MOTION,Frame Differencing,0
2026-07-08 17:45:15.756,496,NO MOTION,Frame Differencing,0
2026-07-08 17:45:15.767,497,NO MOTION,Frame Differencing,0
2026-07-08 17:45:15.779,498,NO MOTION,Frame Differencing,0
2026-07-08 17:45:15.792,499,NO MOTION,Frame Differencing,0
2026-07-08 17:45:15.802,500,NO MOTION,Frame Differencing,0
2026-07-08 17:45:15.820,501,NO MOTION,Frame Differencing,0
2026-07-08 17:45:15.832,502,NO MOTION,Frame Differencing,0
2026-07-08 17:45:15.851,503,NO MOTION,Frame Differencing,0
2026-07-08 17:45:15.862,504,NO MOTION,Frame Differencing,0
2026-07-08 17:45:15.881,505,NO MOTION,Frame Differencing,0
2026-07-08 17:45:15.894,506,NO MOTION,Frame Differencing,0
2026-07-08 17:45:15.914,507,NO MOTION,Frame Differencing,0
2026-07-08 17:45:15.929,508,NO MOTION,Frame Differencing,0
2026-07-08 17:45:15.948,509,NO MOTION,Frame Differencing,0
2026-07-08 17:45:15.964,510,NO MOTION,Frame Differencing,0
2026-07-08 17:45:15.979,511,NO MOTION,Frame Differencing,0
2026-07-08 17:45:15.994,512,NO MOTION,Frame Differencing,0
2026-07-08 17:45:16.008,513,NO MOTION,Frame Differencing,0
2026-07-08 17:45:16.027,514,NO MOTION,Frame Differencing,0
2026-07-08 17:45:16.042,515,NO MOTION,Frame Differencing,0
2026-07-08 17:45:16.057,516,NO MOTION,Frame Differencing,0
2026-07-08 17:45:16.074,517,NO MOTION,Frame Differencing,0
2026-07-08 17:45:16.089,518,NO MOTION,Frame Differencing,0
2026-07-08 17:45:16.105,519,NO MOTION,Frame Differencing,0
2026-07-08 17:45:16.120,520,NO MOTION,Frame Differencing,0
2026-07-08 17:45:16.137,521,NO MOTION,Frame Differencing,0
2026-07-08 17:45:16.148,522,NO MOTION,Frame Differencing,0
2026-07-08 17:45:16.164,523,NO MOTION,Frame Differencing,0
2026-07-08 17:45:16.180,524,NO MOTION,Frame Differencing,0
2026-07-08 17:45:16.197,525,NO MOTION,Frame Differencing,0
2026-07-08 17:45:16.210,526,NO MOTION,Frame Differencing,0
2026-07-08 17:45:16.465,527,NO MOTION,Frame Differencing,0
2026-07-08 17:45:16.511,528,NO MOTION,Frame Differencing,0
2026-07-08 17:45:16.525,529,NO MOTION,Frame Differencing,0
2026-07-08 17:45:16.540,530,NO MOTION,Frame Differencing,0
2026-07-08 17:45:16.553,531,NO MOTION,Frame Differencing,0
2026-07-08 17:45:16.574,532,NO MOTION,Frame Differencing,0
2026-07-08 17:45:16.591,533,NO MOTION,Frame Differencing,0
2026-07-08 17:45:16.606,534,NO MOTION,Frame Differencing,0
2026-07-08 17:45:16.618,535,NO MOTION,Frame Differencing,0
2026-07-08 17:45:16.631,536,NO MOTION,Frame Differencing,0
2026-07-08 17:45:16.644,537,NO MOTION,Frame Differencing,0
2026-07-08 17:45:16.669,538,NO MOTION,Frame Differencing,0
2026-07-08 17:45:16.681,539,NO MOTION,Frame Differencing,0
2026-07-08 17:45:16.700,540,NO MOTION,Frame Differencing,0
2026-07-08 17:45:16.716,541,NO MOTION,Frame Differencing,0
2026-07-08 17:45:16.736,542,NO MOTION,Frame Differencing,0
2026-07-08 17:45:16.750,543,NO MOTION,Frame Differencing,0
2026-07-08 17:45:16.764,544,NO MOTION,Frame Differencing,0
2026-07-08 17:45:16.781,545,NO MOTION,Frame Differencing,0
2026-07-08 17:45:16.796,546,NO MOTION,Frame Differencing,0
2026-07-08 17:45:16.812,547,NO MOTION,Frame Differencing,0
2026-07-08 17:45:16.829,548,NO MOTION,Frame Differencing,0
2026-07-08 17:45:16.846,549,NO MOTION,Frame Differencing,0
2026-07-08 17:45:16.863,550,MOTION DETECTED,Frame Differencing,2
2026-07-08 17:45:16.881,551,MOTION DETECTED,Frame Differencing,2
2026-07-08 17:45:16.897,552,MOTION DETECTED,Frame Differencing,1
2026-07-08 17:45:16.921,553,MOTION DETECTED,Frame Differencing,2
2026-07-08 17:45:16.940,554,MOTION DETECTED,Frame Differencing,2
2026-07-08 17:45:16.953,555,NO MOTION,Frame Differencing,0
2026-07-08 17:45:16.970,556,MOTION DETECTED,Frame Differencing,2
2026-07-08 17:45:16.988,557,MOTION DETECTED,Frame Differencing,1
2026-07-08 17:45:17.002,558,NO MOTION,Frame Differencing,0
2026-07-08 17:45:17.019,559,MOTION DETECTED,Frame Differencing,1
2026-07-08 17:45:17.035,560,MOTION DETECTED,Frame Differencing,1
2026-07-08 17:45:17.050,561,NO MOTION,Frame Differencing,0
2026-07-08 17:45:17.066,562,MOTION DETECTED,Frame Differencing,1
2026-07-08 17:45:17.075,563,MOTION DETECTED,Frame Differencing,2
2026-07-08 17:45:17.097,564,NO MOTION,Frame Differencing,0
2026-07-08 17:45:17.110,565,NO MOTION,Frame Differencing,0
2026-07-08 17:45:17.122,566,NO MOTION,Frame Differencing,0
2026-07-08 17:45:17.136,567,NO MOTION,Frame Differencing,0
2026-07-08 17:45:17.147,568,NO MOTION,Frame Differencing,0
2026-07-08 17:45:17.159,569,NO MOTION,Frame Differencing,0
2026-07-08 17:45:17.171,570,NO MOTION,Frame Differencing,0
2026-07-08 17:45:17.185,571,NO MOTION,Frame Differencing,0
2026-07-08 17:45:17.198,572,NO MOTION,Frame Differencing,0
2026-07-08 17:45:17.208,573,NO MOTION,Frame Differencing,0
2026-07-08 17:45:17.234,574,NO MOTION,Frame Differencing,0
2026-07-08 17:45:17.248,575,NO MOTION,Frame Differencing,0
2026-07-08 17:45:17.261,576,NO MOTION,Frame Differencing,0
2026-07-08 17:45:17.278,577,MOTION DETECTED,Frame Differencing,1
2026-07-08 17:45:17.293,578,MOTION DETECTED,Frame Differencing,1
2026-07-08 17:45:17.305,579,NO MOTION,Frame Differencing,0
2026-07-08 17:45:17.317,580,NO MOTION,Frame Differencing,0
2026-07-08 17:45:17.332,581,NO MOTION,Frame Differencing,0
2026-07-08 17:45:17.345,582,NO MOTION,Frame Differencing,0
2026-07-08 17:45:17.357,583,NO MOTION,Frame Differencing,0
2026-07-08 17:45:17.364,584,NO MOTION,Frame Differencing,0
2026-07-08 17:45:17.382,585,NO MOTION,Frame Differencing,0
2026-07-08 17:45:17.392,586,NO MOTION,Frame Differencing,0
2026-07-08 17:45:17.410,587,NO MOTION,Frame Differencing,0
2026-07-08 17:45:17.428,588,NO MOTION,Frame Differencing,0
2026-07-08 17:45:17.440,589,NO MOTION,Frame Differencing,0
2026-07-08 17:45:17.458,590,NO MOTION,Frame Differencing,0
2026-07-08 17:45:17.475,591,NO MOTION,Frame Differencing,0
2026-07-08 17:45:17.490,592,NO MOTION,Frame Differencing,0
2026-07-08 17:45:17.505,593,NO MOTION,Frame Differencing,0
2026-07-08 17:45:17.517,594,NO MOTION,Frame Differencing,0
2026-07-08 17:45:17.530,595,NO MOTION,Frame Differencing,0
2026-07-08 17:45:17.553,596,NO MOTION,Frame Differencing,0
2026-07-08 17:45:17.562,597,NO MOTION,Frame Differencing,0
2026-07-08 17:45:17.575,598,NO MOTION,Frame Differencing,0
2026-07-08 17:45:17.585,599,NO MOTION,Frame Differencing,0
2026-07-08 17:45:17.596,600,NO MOTION,Frame Differencing,0
2026-07-08 17:45:17.610,601,NO MOTION,Frame Differencing,0
2026-07-08 17:45:17.622,602,NO MOTION,Frame Differencing,0
2026-07-08 17:45:17.634,603,NO MOTION,Frame Differencing,0
2026-07-08 17:45:17.646,604,NO MOTION,Frame Differencing,0
2026-07-08 17:45:17.658,605,NO MOTION,Frame Differencing,0
2026-07-08 17:45:17.667,606,NO MOTION,Frame Differencing,0
2026-07-08 17:45:17.678,607,NO MOTION,Frame Differencing,0
2026-07-08 17:45:17.694,608,MOTION DETECTED,Frame Differencing,1
2026-07-08 17:45:17.709,609,NO MOTION,Frame Differencing,0
2026-07-08 17:45:17.715,610,NO MOTION,Frame Differencing,0
2026-07-08 17:45:17.733,611,NO MOTION,Frame Differencing,0
2026-07-08 17:45:17.746,612,NO MOTION,Frame Differencing,0
2026-07-08 17:45:17.759,613,NO MOTION,Frame Differencing,0
2026-07-08 17:45:17.774,614,NO MOTION,Frame Differencing,0
2026-07-08 17:45:17.791,615,NO MOTION,Frame Differencing,0
2026-07-08 17:45:17.807,616,NO MOTION,Frame Differencing,0
2026-07-08 17:45:17.824,617,NO MOTION,Frame Differencing,0
2026-07-08 17:45:17.838,618,NO MOTION,Frame Differencing,0
2026-07-08 17:45:17.854,619,NO MOTION,Frame Differencing,0
2026-07-08 17:45:17.866,620,NO MOTION,Frame Differencing,0
2026-07-08 17:45:17.886,621,NO MOTION,Frame Differencing,0
2026-07-08 17:45:17.895,622,NO MOTION,Frame Differencing,0
2026-07-08 17:45:17.914,623,NO MOTION,Frame Differencing,0
2026-07-08 17:45:17.933,624,NO MOTION,Frame Differencing,0
2026-07-08 17:45:17.949,625,NO MOTION,Frame Differencing,0
2026-07-08 17:45:17.958,626,NO MOTION,Frame Differencing,0
2026-07-08 17:45:17.978,627,NO MOTION,Frame Differencing,0
2026-07-08 17:45:17.995,628,NO MOTION,Frame Differencing,0
2026-07-08 17:45:18.012,629,NO MOTION,Frame Differencing,0
2026-07-08 17:45:18.028,630,NO MOTION,Frame Differencing,0
2026-07-08 17:45:18.045,631,NO MOTION,Frame Differencing,0
2026-07-08 17:45:18.060,632,MOTION DETECTED,Frame Differencing,1
2026-07-08 17:45:18.076,633,NO MOTION,Frame Differencing,0
2026-07-08 17:45:18.092,634,MOTION DETECTED,Frame Differencing,1
2026-07-08 17:45:18.111,635,MOTION DETECTED,Frame Differencing,1
2026-07-08 17:45:18.131,636,MOTION DETECTED,Frame Differencing,1
2026-07-08 17:45:18.151,637,MOTION DETECTED,Frame Differencing,1
2026-07-08 17:45:18.168,638,MOTION DETECTED,Frame Differencing,1
2026-07-08 17:45:18.184,639,NO MOTION,Frame Differencing,0
2026-07-08 17:45:18.200,640,MOTION DETECTED,Frame Differencing,1
2026-07-08 17:45:18.224,641,MOTION DETECTED,Frame Differencing,1
2026-07-08 17:45:18.239,642,NO MOTION,Frame Differencing,0
2026-07-08 17:45:18.253,643,NO MOTION,Frame Differencing,0
2026-07-08 17:45:18.268,644,NO MOTION,Frame Differencing,0
2026-07-08 17:45:18.282,645,NO MOTION,Frame Differencing,0
2026-07-08 17:45:18.311,646,NO MOTION,Frame Differencing,0
2026-07-08 17:45:18.327,647,NO MOTION,Frame Differencing,0
2026-07-08 17:45:18.339,648,NO MOTION,Frame Differencing,0
2026-07-08 17:45:18.359,649,NO MOTION,Frame Differencing,0
2026-07-08 17:45:18.371,650,NO MOTION,Frame Differencing,0
2026-07-08 17:45:18.391,651,NO MOTION,Frame Differencing,0
2026-07-08 17:45:18.403,652,NO MOTION,Frame Differencing,0
2026-07-08 17:45:18.416,653,NO MOTION,Frame Differencing,0
2026-07-08 17:45:18.432,654,NO MOTION,Frame Differencing,0
2026-07-08 17:45:18.450,655,NO MOTION,Frame Differencing,0
2026-07-08 17:45:18.463,656,NO MOTION,Frame Differencing,0
2026-07-08 17:45:18.477,657,NO MOTION,Frame Differencing,0
2026-07-08 17:45:18.488,658,NO MOTION,Frame Differencing,0
2026-07-08 17:45:18.499,659,NO MOTION,Frame Differencing,0
2026-07-08 17:45:18.511,660,NO MOTION,Frame Differencing,0
2026-07-08 17:45:18.532,661,NO MOTION,Frame Differencing,0
2026-07-08 17:45:18.542,662,NO MOTION,Frame Differencing,0
2026-07-08 17:45:18.561,663,NO MOTION,Frame Differencing,0
2026-07-08 17:45:18.581,664,NO MOTION,Frame Differencing,0
2026-07-08 17:45:18.595,665,NO MOTION,Frame Differencing,0
2026-07-08 17:45:18.610,666,NO MOTION,Frame Differencing,0
2026-07-08 17:45:18.634,667,NO MOTION,Frame Differencing,0
2026-07-08 17:45:18.664,668,NO MOTION,Frame Differencing,0
2026-07-08 17:45:18.687,669,NO MOTION,Frame Differencing,0
2026-07-08 17:45:18.707,670,NO MOTION,Frame Differencing,0
2026-07-08 17:45:18.723,671,NO MOTION,Frame Differencing,0
2026-07-08 17:45:18.741,672,NO MOTION,Frame Differencing,0
2026-07-08 17:45:18.762,673,NO MOTION,Frame Differencing,0
2026-07-08 17:45:18.779,674,NO MOTION,Frame Differencing,0
2026-07-08 17:45:18.792,675,NO MOTION,Frame Differencing,0
2026-07-08 17:45:18.799,676,NO MOTION,Frame Differencing,0
2026-07-08 17:45:18.817,677,NO MOTION,Frame Differencing,0
2026-07-08 17:45:18.829,678,NO MOTION,Frame Differencing,0
2026-07-08 17:45:18.846,679,NO MOTION,Frame Differencing,0
2026-07-08 17:45:18.860,680,NO MOTION,Frame Differencing,0
2026-07-08 17:45:18.874,681,NO MOTION,Frame Differencing,0
2026-07-08 17:45:18.888,682,NO MOTION,Frame Differencing,0
2026-07-08 17:45:18.901,683,NO MOTION,Frame Differencing,0
2026-07-08 17:45:18.917,684,NO MOTION,Frame Differencing,0
2026-07-08 17:45:18.931,685,NO MOTION,Frame Differencing,0
2026-07-08 17:45:18.950,686,NO MOTION,Frame Differencing,0
2026-07-08 17:45:18.965,687,NO MOTION,Frame Differencing,0
2026-07-08 17:45:18.982,688,NO MOTION,Frame Differencing,0
2026-07-08 17:45:18.992,689,NO MOTION,Frame Differencing,0
2026-07-08 17:45:19.008,690,NO MOTION,Frame Differencing,0
2026-07-08 17:45:19.024,691,NO MOTION,Frame Differencing,0
2026-07-08 17:45:19.036,692,NO MOTION,Frame Differencing,0
2026-07-08 17:45:19.046,693,NO MOTION,Frame Differencing,0
2026-07-08 17:45:19.065,694,MOTION DETECTED,Frame Differencing,1
2026-07-08 17:45:19.083,695,MOTION DETECTED,Frame Differencing,1
2026-07-08 17:45:19.098,696,NO MOTION,Frame Differencing,0
2026-07-08 17:45:19.112,697,NO MOTION,Frame Differencing,0
2026-07-08 17:45:19.130,698,NO MOTION,Frame Differencing,0
2026-07-08 17:45:19.146,699,NO MOTION,Frame Differencing,0
2026-07-08 17:45:19.158,700,NO MOTION,Frame Differencing,0
2026-07-08 17:45:19.169,701,NO MOTION,Frame Differencing,0
2026-07-08 17:45:19.181,702,NO MOTION,Frame Differencing,0
2026-07-08 17:45:19.195,703,NO MOTION,Frame Differencing,0
2026-07-08 17:45:19.210,704,NO MOTION,Frame Differencing,0
2026-07-08 17:45:19.218,705,NO MOTION,Frame Differencing,0
2026-07-08 17:45:19.236,706,NO MOTION,Frame Differencing,0
2026-07-08 17:45:19.250,707,NO MOTION,Frame Differencing,0
2026-07-08 17:45:19.274,708,NO MOTION,Frame Differencing,0
2026-07-08 17:45:19.286,709,NO MOTION,Frame Differencing,0
2026-07-08 17:45:19.300,710,NO MOTION,Frame Differencing,0
2026-07-08 17:45:19.313,711,NO MOTION,Frame Differencing,0
2026-07-08 17:45:19.326,712,NO MOTION,Frame Differencing,0
2026-07-08 17:45:19.340,713,NO MOTION,Frame Differencing,0
2026-07-08 17:45:19.366,714,NO MOTION,Frame Differencing,0
2026-07-08 17:45:19.383,715,MOTION DETECTED,Frame Differencing,1
2026-07-08 17:45:19.400,716,MOTION DETECTED,Frame Differencing,1
2026-07-08 17:45:19.415,717,NO MOTION,Frame Differencing,0
2026-07-08 17:45:19.429,718,NO MOTION,Frame Differencing,0
2026-07-08 17:45:19.445,719,NO MOTION,Frame Differencing,0
2026-07-08 17:45:19.460,720,NO MOTION,Frame Differencing,0
2026-07-08 17:45:19.475,721,NO MOTION,Frame Differencing,0
2026-07-08 17:45:19.488,722,NO MOTION,Frame Differencing,0
2026-07-08 17:45:19.503,723,NO MOTION,Frame Differencing,0
2026-07-08 17:45:19.515,724,NO MOTION,Frame Differencing,0
2026-07-08 17:45:19.527,725,NO MOTION,Frame Differencing,0
2026-07-08 17:45:19.542,726,NO MOTION,Frame Differencing,0
2026-07-08 17:45:19.557,727,NO MOTION,Frame Differencing,0
2026-07-08 17:45:19.572,728,NO MOTION,Frame Differencing,0
2026-07-08 17:45:19.592,729,NO MOTION,Frame Differencing,0
2026-07-08 17:45:19.606,730,NO MOTION,Frame Differencing,0
2026-07-08 17:45:19.621,731,NO MOTION,Frame Differencing,0
2026-07-08 17:45:19.635,732,NO MOTION,Frame Differencing,0
2026-07-08 17:45:19.654,733,MOTION DETECTED,Frame Differencing,2
2026-07-08 17:45:19.675,734,MOTION DETECTED,Frame Differencing,1
2026-07-08 17:45:19.690,735,NO MOTION,Frame Differencing,0
2026-07-08 17:45:19.709,736,MOTION DETECTED,Frame Differencing,1
2026-07-08 17:45:19.728,737,MOTION DETECTED,Frame Differencing,1
2026-07-08 17:45:19.746,738,NO MOTION,Frame Differencing,0
2026-07-08 17:45:19.762,739,NO MOTION,Frame Differencing,0
2026-07-08 17:45:19.777,740,NO MOTION,Frame Differencing,0
2026-07-08 17:45:19.792,741,NO MOTION,Frame Differencing,0
2026-07-08 17:45:19.807,742,NO MOTION,Frame Differencing,0
2026-07-08 17:45:19.820,743,NO MOTION,Frame Differencing,0
2026-07-08 17:45:19.833,744,NO MOTION,Frame Differencing,0
2026-07-08 17:45:19.851,745,NO MOTION,Frame Differencing,0
2026-07-08 17:45:19.867,746,MOTION DETECTED,Frame Differencing,1
2026-07-08 17:45:19.886,747,NO MOTION,Frame Differencing,0
2026-07-08 17:45:19.894,748,MOTION DETECTED,Frame Differencing,1
2026-07-08 17:45:19.915,749,MOTION DETECTED,Frame Differencing,2
2026-07-08 17:45:19.935,750,NO MOTION,Frame Differencing,0
2026-07-08 17:45:19.954,751,MOTION DETECTED,Frame Differencing,3
2026-07-08 17:45:19.979,752,MOTION DETECTED,Frame Differencing,2
2026-07-08 17:45:19.992,753,NO MOTION,Frame Differencing,0
2026-07-08 17:45:20.009,754,NO MOTION,Frame Differencing,0
2026-07-08 17:45:20.025,755,NO MOTION,Frame Differencing,0
2026-07-08 17:45:20.034,756,NO MOTION,Frame Differencing,0
2026-07-08 17:45:20.049,757,MOTION DETECTED,Frame Differencing,1
2026-07-08 17:45:20.075,758,MOTION DETECTED,Frame Differencing,1
2026-07-08 17:45:20.092,759,MOTION DETECTED,Frame Differencing,1
2026-07-08 17:45:20.110,760,MOTION DETECTED,Frame Differencing,1
2026-07-08 17:45:20.126,761,MOTION DETECTED,Frame Differencing,3
2026-07-08 17:45:20.143,762,NO MOTION,Frame Differencing,0
2026-07-08 17:45:20.159,763,MOTION DETECTED,Frame Differencing,3
2026-07-08 17:45:20.184,764,MOTION DETECTED,Frame Differencing,2
2026-07-08 17:45:20.198,765,NO MOTION,Frame Differencing,0
2026-07-08 17:45:20.210,766,NO MOTION,Frame Differencing,0
2026-07-08 17:45:20.227,767,NO MOTION,Frame Differencing,0
2026-07-08 17:45:20.241,768,NO MOTION,Frame Differencing,0
2026-07-08 17:45:20.255,769,NO MOTION,Frame Differencing,0
2026-07-08 17:45:20.270,770,NO MOTION,Frame Differencing,0
2026-07-08 17:45:20.283,771,NO MOTION,Frame Differencing,0
2026-07-08 17:45:20.298,772,NO MOTION,Frame Differencing,0
2026-07-08 17:45:20.311,773,NO MOTION,Frame Differencing,0
2026-07-08 17:45:20.326,774,NO MOTION,Frame Differencing,0
2026-07-08 17:45:20.340,775,NO MOTION,Frame Differencing,0
2026-07-08 17:45:20.352,776,NO MOTION,Frame Differencing,0
2026-07-08 17:45:20.365,777,NO MOTION,Frame Differencing,0
2026-07-08 17:45:20.380,778,NO MOTION,Frame Differencing,0
2026-07-08 17:45:20.393,779,NO MOTION,Frame Differencing,0
2026-07-08 17:45:20.408,780,NO MOTION,Frame Differencing,0
2026-07-08 17:45:20.422,781,NO MOTION,Frame Differencing,0
2026-07-08 17:45:20.439,782,NO MOTION,Frame Differencing,0
2026-07-08 17:45:20.453,783,NO MOTION,Frame Differencing,0
2026-07-08 17:45:20.461,784,NO MOTION,Frame Differencing,0
2026-07-08 17:45:20.480,785,NO MOTION,Frame Differencing,0
2026-07-08 17:45:20.493,786,NO MOTION,Frame Differencing,0
2026-07-08 17:45:20.508,787,NO MOTION,Frame Differencing,0
2026-07-08 17:45:20.510,788,NO MOTION,Frame Differencing,0
2026-07-08 17:45:20.534,789,NO MOTION,Frame Differencing,0
2026-07-08 17:45:20.551,790,NO MOTION,Frame Differencing,0
2026-07-08 17:45:20.563,791,NO MOTION,Frame Differencing,0
2026-07-08 17:45:20.590,792,NO MOTION,Frame Differencing,0
2026-07-08 17:45:20.605,793,NO MOTION,Frame Differencing,0
2026-07-08 17:45:20.621,794,NO MOTION,Frame Differencing,0
2026-07-08 17:45:20.635,795,NO MOTION,Frame Differencing,0
2026-07-08 17:45:20.649,796,NO MOTION,Frame Differencing,0
2026-07-08 17:45:20.662,797,NO MOTION,Frame Differencing,0
2026-07-08 17:45:20.674,798,NO MOTION,Frame Differencing,0
2026-07-08 17:45:20.691,799,NO MOTION,Frame Differencing,0
2026-07-08 17:45:20.702,800,NO MOTION,Frame Differencing,0
2026-07-08 17:45:20.714,801,NO MOTION,Frame Differencing,0
2026-07-08 17:45:20.735,802,NO MOTION,Frame Differencing,0
2026-07-08 17:45:20.748,803,NO MOTION,Frame Differencing,0
2026-07-08 17:45:20.762,804,NO MOTION,Frame Differencing,0
2026-07-08 17:45:20.778,805,MOTION DETECTED,Frame Differencing,1
2026-07-08 17:45:20.799,806,MOTION DETECTED,Frame Differencing,1
2026-07-08 17:45:20.815,807,NO MOTION,Frame Differencing,0
2026-07-08 17:45:20.832,808,MOTION DETECTED,Frame Differencing,1
2026-07-08 17:45:20.847,809,NO MOTION,Frame Differencing,0
2026-07-08 17:45:20.858,810,NO MOTION,Frame Differencing,0
2026-07-08 17:45:20.878,811,NO MOTION,Frame Differencing,0
2026-07-08 17:45:20.893,812,NO MOTION,Frame Differencing,0
2026-07-08 17:45:20.906,813,NO MOTION,Frame Differencing,0
2026-07-08 17:45:20.920,814,NO MOTION,Frame Differencing,0
2026-07-08 17:45:20.946,815,NO MOTION,Frame Differencing,0
2026-07-08 17:45:20.961,816,NO MOTION,Frame Differencing,0
2026-07-08 17:45:20.976,817,NO MOTION,Frame Differencing,0
2026-07-08 17:45:20.991,818,NO MOTION,Frame Differencing,0
2026-07-08 17:45:21.004,819,NO MOTION,Frame Differencing,0
2026-07-08 17:45:21.017,820,MOTION DETECTED,Frame Differencing,1
2026-07-08 17:45:21.040,821,MOTION DETECTED,Frame Differencing,1
2026-07-08 17:45:21.063,822,NO MOTION,Frame Differencing,0
2026-07-08 17:45:21.078,823,NO MOTION,Frame Differencing,0
2026-07-08 17:45:21.098,824,NO MOTION,Frame Differencing,0
2026-07-08 17:45:21.111,825,NO MOTION,Frame Differencing,0
2026-07-08 17:45:21.126,826,NO MOTION,Frame Differencing,0
2026-07-08 17:45:21.139,827,NO MOTION,Frame Differencing,0
2026-07-08 17:45:21.152,828,NO MOTION,Frame Differencing,0
2026-07-08 17:45:21.166,829,NO MOTION,Frame Differencing,0
2026-07-08 17:45:21.181,830,NO MOTION,Frame Differencing,0
2026-07-08 17:45:21.190,831,NO MOTION,Frame Differencing,0
2026-07-08 17:45:21.206,832,NO MOTION,Frame Differencing,0
2026-07-08 17:45:21.222,833,NO MOTION,Frame Differencing,0
2026-07-08 17:45:21.233,834,NO MOTION,Frame Differencing,0
2026-07-08 17:45:21.248,835,NO MOTION,Frame Differencing,0
2026-07-08 17:45:21.258,836,NO MOTION,Frame Differencing,0
2026-07-08 17:45:21.273,837,NO MOTION,Frame Differencing,0
2026-07-08 17:45:21.290,838,NO MOTION,Frame Differencing,0
2026-07-08 17:45:21.305,839,NO MOTION,Frame Differencing,0
2026-07-08 17:45:21.317,840,NO MOTION,Frame Differencing,0
2026-07-08 17:45:21.329,841,MOTION DETECTED,Frame Differencing,1
2026-07-08 17:45:21.350,842,NO MOTION,Frame Differencing,0
2026-07-08 17:45:21.365,843,NO MOTION,Frame Differencing,0
2026-07-08 17:45:21.379,844,NO MOTION,Frame Differencing,0
2026-07-08 17:45:21.394,845,NO MOTION,Frame Differencing,0
2026-07-08 17:45:21.409,846,NO MOTION,Frame Differencing,0
2026-07-08 17:45:21.422,847,NO MOTION,Frame Differencing,0
2026-07-08 17:45:21.436,848,NO MOTION,Frame Differencing,0
2026-07-08 17:45:21.446,849,NO MOTION,Frame Differencing,0
2026-07-08 17:45:21.464,850,NO MOTION,Frame Differencing,0
2026-07-08 17:45:21.477,851,NO MOTION,Frame Differencing,0
2026-07-08 17:45:21.492,852,NO MOTION,Frame Differencing,0
2026-07-08 17:45:21.504,853,NO MOTION,Frame Differencing,0
2026-07-08 17:45:21.526,854,NO MOTION,Frame Differencing,0
2026-07-08 17:45:21.542,855,NO MOTION,Frame Differencing,0
2026-07-08 17:45:21.559,856,NO MOTION,Frame Differencing,0
2026-07-08 17:45:21.578,857,NO MOTION,Frame Differencing,0
2026-07-08 17:45:21.592,858,NO MOTION,Frame Differencing,0
2026-07-08 17:45:21.606,859,NO MOTION,Frame Differencing,0
2026-07-08 17:45:21.629,860,NO MOTION,Frame Differencing,0
2026-07-08 17:45:21.643,861,NO MOTION,Frame Differencing,0
2026-07-08 17:45:21.659,862,NO MOTION,Frame Differencing,0
2026-07-08 17:45:21.674,863,NO MOTION,Frame Differencing,0
2026-07-08 17:45:21.689,864,NO MOTION,Frame Differencing,0
2026-07-08 17:45:21.703,865,NO MOTION,Frame Differencing,0
2026-07-08 17:45:21.717,866,NO MOTION,Frame Differencing,0
2026-07-08 17:45:21.731,867,NO MOTION,Frame Differencing,0
2026-07-08 17:45:21.745,868,NO MOTION,Frame Differencing,0
2026-07-08 17:45:21.759,869,NO MOTION,Frame Differencing,0
2026-07-08 17:45:21.774,870,NO MOTION,Frame Differencing,0
2026-07-08 17:45:21.785,871,NO MOTION,Frame Differencing,0
2026-07-08 17:45:21.801,872,NO MOTION,Frame Differencing,0
2026-07-08 17:45:21.814,873,NO MOTION,Frame Differencing,0
2026-07-08 17:45:21.829,874,NO MOTION,Frame Differencing,0
2026-07-08 17:45:21.844,875,NO MOTION,Frame Differencing,0
2026-07-08 17:45:21.856,876,NO MOTION,Frame Differencing,0
2026-07-08 17:45:21.871,877,NO MOTION,Frame Differencing,0
2026-07-08 17:45:21.888,878,NO MOTION,Frame Differencing,0
2026-07-08 17:45:21.912,879,NO MOTION,Frame Differencing,0
2026-07-08 17:45:21.927,880,NO MOTION,Frame Differencing,0
2026-07-08 17:45:21.942,881,NO MOTION,Frame Differencing,0
2026-07-08 17:45:21.957,882,NO MOTION,Frame Differencing,0
2026-07-08 17:45:21.967,883,NO MOTION,Frame Differencing,0
2026-07-08 17:45:21.983,884,NO MOTION,Frame Differencing,0
2026-07-08 17:45:22.007,885,NO MOTION,Frame Differencing,0
2026-07-08 17:45:22.021,886,NO MOTION,Frame Differencing,0
2026-07-08 17:45:22.033,887,MOTION DETECTED,Frame Differencing,1
2026-07-08 17:45:22.050,888,NO MOTION,Frame Differencing,0
2026-07-08 17:45:22.066,889,NO MOTION,Frame Differencing,0
2026-07-08 17:45:22.083,890,NO MOTION,Frame Differencing,0
2026-07-08 17:45:22.096,891,NO MOTION,Frame Differencing,0
2026-07-08 17:45:22.108,892,NO MOTION,Frame Differencing,0
2026-07-08 17:45:22.118,893,NO MOTION,Frame Differencing,0
2026-07-08 17:45:22.134,894,NO MOTION,Frame Differencing,0
2026-07-08 17:45:22.149,895,NO MOTION,Frame Differencing,0
2026-07-08 17:45:22.162,896,NO MOTION,Frame Differencing,0
2026-07-08 17:45:22.174,897,NO MOTION,Frame Differencing,0
2026-07-08 17:56:04.953,1,NO MOTION,Background Subtraction (MOG2) + HOG Human Detection,0,0
2026-07-08 17:56:05.026,2,NO MOTION,Background Subtraction (MOG2) + HOG Human Detection,0,0
2026-07-08 17:56:05.056,3,NO MOTION,Background Subtraction (MOG2) + HOG Human Detection,0,0
2026-07-08 17:56:05.083,4,NO MOTION,Background Subtraction (MOG2) + HOG Human Detection,0,0
2026-07-08 17:56:05.103,5,NO MOTION,Background Subtraction (MOG2) + HOG Human Detection,0,0
2026-07-08 17:56:05.124,6,NO MOTION,Background Subtraction (MOG2) + HOG Human Detection,0,0
2026-07-08 17:56:05.153,7,NO MOTION,Background Subtraction (MOG2) + HOG Human Detection,0,0
2026-07-08 17:56:05.177,8,NO MOTION,Background Subtraction (MOG2) + HOG Human Detection,0,0
2026-07-08 17:56:05.197,9,NO MOTION,Background Subtraction (MOG2) + HOG Human Detection,0,0
2026-07-08 17:56:05.218,10,NO MOTION,Background Subtraction (MOG2) + HOG Human Detection,0,0
2026-07-08 17:56:05.249,11,NO MOTION,Background Subtraction (MOG2) + HOG Human Detection,0,0
2026-07-08 17:56:05.271,12,NO MOTION,Background Subtraction (MOG2) + HOG Human Detection,0,0
2026-07-08 17:56:05.294,13,NO MOTION,Background Subtraction (MOG2) + HOG Human Detection,0,0
2026-07-08 17:56:05.323,14,NO MOTION,Background Subtraction (MOG2) + HOG Human Detection,0,0
2026-07-08 17:56:05.348,15,NO MOTION,Background Subtraction (MOG2) + HOG Human Detection,0,0
2026-07-08 17:56:05.381,16,NO MOTION,Background Subtraction (MOG2) + HOG Human Detection,0,0
2026-07-08 17:56:05.403,17,NO MOTION,Background Subtraction (MOG2) + HOG Human Detection,0,0
2026-07-08 17:56:05.432,18,NO MOTION,Background Subtraction (MOG2) + HOG Human Detection,0,0
2026-07-08 17:56:05.448,19,NO MOTION,Background Subtraction (MOG2) + HOG Human Detection,0,0
2026-07-08 17:56:05.480,20,NO MOTION,Background Subtraction (MOG2) + HOG Human Detection,0,0
2026-07-08 17:56:05.498,21,NO MOTION,Background Subtraction (MOG2) + HOG Human Detection,0,0
2026-07-08 17:56:05.520,22,NO MOTION,Background Subtraction (MOG2) + HOG Human Detection,0,0
2026-07-08 17:56:05.547,23,NO MOTION,Background Subtraction (MOG2) + HOG Human Detection,0,0
2026-07-08 17:56:05.572,24,NO MOTION,Background Subtraction (MOG2) + HOG Human Detection,0,0
2026-07-08 17:56:05.599,25,NO MOTION,Background Subtraction (MOG2) + HOG Human Detection,0,0
2026-07-08 17:56:05.633,26,NO MOTION,Background Subtraction (MOG2) + HOG Human Detection,0,0
2026-07-08 17:56:05.663,27,NO MOTION,Background Subtraction (MOG2) + HOG Human Detection,0,0
2026-07-08 17:56:05.707,28,NO MOTION,Background Subtraction (MOG2) + HOG Human Detection,0,0
2026-07-08 17:56:05.738,29,NO MOTION,Background Subtraction (MOG2) + HOG Human Detection,0,0
2026-07-08 17:56:05.769,30,NO MOTION,Background Subtraction (MOG2) + HOG Human Detection,0,0
2026-07-08 17:56:05.797,31,NO MOTION,Background Subtraction (MOG2) + HOG Human Detection,0,0
2026-07-08 17:56:05.825,32,NO MOTION,Background Subtraction (MOG2) + HOG Human Detection,0,0
2026-07-08 17:56:05.855,33,NO MOTION,Background Subtraction (MOG2) + HOG Human Detection,0,0
2026-07-08 17:56:05.879,34,NO MOTION,Background Subtraction (MOG2) + HOG Human Detection,0,0
2026-07-08 17:56:05.921,35,NO MOTION,Background Subtraction (MOG2) + HOG Human Detection,0,0
2026-07-08 17:56:05.954,36,NO MOTION,Background Subtraction (MOG2) + HOG Human Detection,0,0
2026-07-08 17:56:05.980,37,NO MOTION,Background Subtraction (MOG2) + HOG Human Detection,0,0
2026-07-08 17:56:06.012,38,NO MOTION,Background Subtraction (MOG2) + HOG Human Detection,0,0
2026-07-08 17:56:06.041,39,NO MOTION,Background Subtraction (MOG2) + HOG Human Detection,0,0
2026-07-08 17:56:06.068,40,NO MOTION,Background Subtraction (MOG2) + HOG Human Detection,0,0
2026-07-08 17:56:06.098,41,NO MOTION,Background Subtraction (MOG2) + HOG Human Detection,0,0
2026-07-08 17:56:06.132,42,NO MOTION,Background Subtraction (MOG2) + HOG Human Detection,0,0
2026-07-08 17:56:06.156,43,NO MOTION,Background Subtraction (MOG2) + HOG Human Detection,0,0
2026-07-08 17:56:06.191,44,NO MOTION,Background Subtraction (MOG2) + HOG Human Detection,0,0
2026-07-08 17:56:06.223,45,NO MOTION,Background Subtraction (MOG2) + HOG Human Detection,0,0
2026-07-08 17:56:06.254,46,NO MOTION,Background Subtraction (MOG2) + HOG Human Detection,0,0
2026-07-08 17:56:06.282,47,NO MOTION,Background Subtraction (MOG2) + HOG Human Detection,0,0
2026-07-08 17:56:06.315,48,NO MOTION,Background Subtraction (MOG2) + HOG Human Detection,0,0
2026-07-08 17:56:06.343,49,NO MOTION,Background Subtraction (MOG2) + HOG Human Detection,0,0
2026-07-08 17:56:06.371,50,NO MOTION,Background Subtraction (MOG2) + HOG Human Detection,0,0
2026-07-08 17:56:06.404,51,NO MOTION,Background Subtraction (MOG2) + HOG Human Detection,0,0
2026-07-08 17:56:06.426,52,NO MOTION,Background Subtraction (MOG2) + HOG Human Detection,0,0
2026-07-08 17:56:06.457,53,NO MOTION,Background Subtraction (MOG2) + HOG Human Detection,0,0
2026-07-08 17:56:06.481,54,NO MOTION,Background Subtraction (MOG2) + HOG Human Detection,0,0
2026-07-08 17:56:06.967,55,MOTION DETECTED,Background Subtraction (MOG2) + HOG Human Detection,1,3
2026-07-08 17:56:07.337,56,MOTION DETECTED,Background Subtraction (MOG2) + HOG Human Detection,1,3
2026-07-08 17:56:07.692,57,MOTION DETECTED,Background Subtraction (MOG2) + HOG Human Detection,1,3
2026-07-08 17:56:08.032,58,MOTION DETECTED,Background Subtraction (MOG2) + HOG Human Detection,1,3
2026-07-08 17:56:08.363,59,MOTION DETECTED,Background Subtraction (MOG2) + HOG Human Detection,1,4
2026-07-08 17:56:08.656,60,MOTION DETECTED,Background Subtraction (MOG2) + HOG Human Detection,1,3
2026-07-08 17:56:08.965,61,MOTION DETECTED,Background Subtraction (MOG2) + HOG Human Detection,1,2
2026-07-08 17:56:09.026,62,NO MOTION,Background Subtraction (MOG2) + HOG Human Detection,0,0
2026-07-08 17:56:09.048,63,NO MOTION,Background Subtraction (MOG2) + HOG Human Detection,0,0
2026-07-08 17:56:09.341,64,MOTION DETECTED,Background Subtraction (MOG2) + HOG Human Detection,1,2
2026-07-08 17:56:09.674,65,MOTION DETECTED,Background Subtraction (MOG2) + HOG Human Detection,1,3
2026-07-08 17:56:09.994,66,MOTION DETECTED,Background Subtraction (MOG2) + HOG Human Detection,1,4
2026-07-08 17:56:10.291,67,MOTION DETECTED,Background Subtraction (MOG2) + HOG Human Detection,1,3
2026-07-08 17:56:10.589,68,MOTION DETECTED,Background Subtraction (MOG2) + HOG Human Detection,1,3
2026-07-08 17:56:10.878,69,MOTION DETECTED,Background Subtraction (MOG2) + HOG Human Detection,1,3
2026-07-08 17:56:11.170,70,MOTION DETECTED,Background Subtraction (MOG2) + HOG Human Detection,1,3
2026-07-08 17:56:11.199,71,NO MOTION,Background Subtraction (MOG2) + HOG Human Detection,0,0
2026-07-08 17:56:11.216,72,NO MOTION,Background Subtraction (MOG2) + HOG Human Detection,0,0
2026-07-08 17:56:11.263,73,NO MOTION,Background Subtraction (MOG2) + HOG Human Detection,0,0
2026-07-08 17:56:11.294,74,NO MOTION,Background Subtraction (MOG2) + HOG Human Detection,0,0
2026-07-08 17:56:11.326,75,NO MOTION,Background Subtraction (MOG2) + HOG Human Detection,0,0
2026-07-08 17:56:11.354,76,NO MOTION,Background Subtraction (MOG2) + HOG Human Detection,0,0
2026-07-08 17:56:11.382,77,NO MOTION,Background Subtraction (MOG2) + HOG Human Detection,0,0
2026-07-08 17:56:11.413,78,NO MOTION,Background Subtraction (MOG2) + HOG Human Detection,0,0
2026-07-08 17:56:11.442,79,NO MOTION,Background Subtraction (MOG2) + HOG Human Detection,0,0
2026-07-08 17:56:11.767,80,MOTION DETECTED,Background Subtraction (MOG2) + HOG Human Detection,1,2
2026-07-08 17:56:12.070,81,MOTION DETECTED,Background Subtraction (MOG2) + HOG Human Detection,1,2
2026-07-08 17:56:12.366,82,MOTION DETECTED,Background Subtraction (MOG2) + HOG Human Detection,1,2
2026-07-08 17:56:12.672,83,MOTION DETECTED,Background Subtraction (MOG2) + HOG Human Detection,1,3
2026-07-08 17:56:12.972,84,MOTION DETECTED,Background Subtraction (MOG2) + HOG Human Detection,1,3
2026-07-08 17:56:13.291,85,MOTION DETECTED,Background Subtraction (MOG2) + HOG Human Detection,1,3
2026-07-08 17:56:13.597,86,MOTION DETECTED,Background Subtraction (MOG2) + HOG Human Detection,1,3
2026-07-08 17:56:13.898,87,MOTION DETECTED,Background Subtraction (MOG2) + HOG Human Detection,1,3
2026-07-08 17:56:14.205,88,MOTION DETECTED,Background Subtraction (MOG2) + HOG Human Detection,1,3
2026-07-08 17:56:14.531,89,MOTION DETECTED,Background Subtraction (MOG2) + HOG Human Detection,1,2
2026-07-08 17:56:14.848,90,MOTION DETECTED,Background Subtraction (MOG2) + HOG Human Detection,1,3
2026-07-08 17:56:15.146,91,MOTION DETECTED,Background Subtraction (MOG2) + HOG Human Detection,1,2
2026-07-08 17:56:15.443,92,MOTION DETECTED,Background Subtraction (MOG2) + HOG Human Detection,1,2
2026-07-08 17:56:15.732,93,MOTION DETECTED,Background Subtraction (MOG2) + HOG Human Detection,1,2
2026-07-08 17:56:16.019,94,MOTION DETECTED,Background Subtraction (MOG2) + HOG Human Detection,1,2
2026-07-08 17:56:16.325,95,MOTION DETECTED,Background Subtraction (MOG2) + HOG Human Detection,1,2
2026-07-08 17:56:16.650,96,MOTION DETECTED,Background Subtraction (MOG2) + HOG Human Detection,1,2
2026-07-08 17:56:16.955,97,MOTION DETECTED,Background Subtraction (MOG2) + HOG Human Detection,1,2
2026-07-08 17:56:17.299,98,MOTION DETECTED,Background Subtraction (MOG2) + HOG Human Detection,1,3
2026-07-08 17:56:17.589,99,MOTION DETECTED,Background Subtraction (MOG2) + HOG Human Detection,1,2
2026-07-08 17:56:17.628,100,NO MOTION,Background Subtraction (MOG2) + HOG Human Detection,0,0
2026-07-08 17:56:17.646,101,NO MOTION,Background Subtraction (MOG2) + HOG Human Detection,0,0
2026-07-08 17:56:17.963,102,MOTION DETECTED,Background Subtraction (MOG2) + HOG Human Detection,1,4
2026-07-08 17:56:18.006,103,NO MOTION,Background Subtraction (MOG2) + HOG Human Detection,0,0
2026-07-08 17:56:18.319,104,MOTION DETECTED,Background Subtraction (MOG2) + HOG Human Detection,2,3
2026-07-08 17:56:18.640,105,MOTION DETECTED,Background Subtraction (MOG2) + HOG Human Detection,2,2
2026-07-08 17:56:18.983,106,MOTION DETECTED,Background Subtraction (MOG2) + HOG Human Detection,2,3
2026-07-08 17:56:19.307,107,MOTION DETECTED,Background Subtraction (MOG2) + HOG Human Detection,1,2
2026-07-08 17:56:19.630,108,MOTION DETECTED,Background Subtraction (MOG2) + HOG Human Detection,1,2
2026-07-08 17:56:19.964,109,MOTION DETECTED,Background Subtraction (MOG2) + HOG Human Detection,1,3
2026-07-08 17:56:20.288,110,MOTION DETECTED,Background Subtraction (MOG2) + HOG Human Detection,1,3
2026-07-08 17:56:20.598,111,MOTION DETECTED,Background Subtraction (MOG2) + HOG Human Detection,1,3
2026-07-08 17:56:20.939,112,MOTION DETECTED,Background Subtraction (MOG2) + HOG Human Detection,1,3
2026-07-08 17:56:21.003,113,NO MOTION,Background Subtraction (MOG2) + HOG Human Detection,0,0
2026-07-08 17:56:21.022,114,NO MOTION,Background Subtraction (MOG2) + HOG Human Detection,0,0
2026-07-08 17:56:21.313,115,MOTION DETECTED,Background Subtraction (MOG2) + HOG Human Detection,1,2
2026-07-08 17:56:21.614,116,MOTION DETECTED,Background Subtraction (MOG2) + HOG Human Detection,1,3
2026-07-08 17:56:21.912,117,MOTION DETECTED,Background Subtraction (MOG2) + HOG Human Detection,1,2
2026-07-08 17:56:22.242,118,MOTION DETECTED,Background Subtraction (MOG2) + HOG Human Detection,1,2
2026-07-08 17:56:22.567,119,MOTION DETECTED,Background Subtraction (MOG2) + HOG Human Detection,1,2
2026-07-08 17:56:22.904,120,MOTION DETECTED,Background Subtraction (MOG2) + HOG Human Detection,1,3
2026-07-08 17:56:23.213,121,MOTION DETECTED,Background Subtraction (MOG2) + HOG Human Detection,1,3
2026-07-08 17:56:23.554,122,MOTION DETECTED,Background Subtraction (MOG2) + HOG Human Detection,1,3
2026-07-08 17:56:23.856,123,MOTION DETECTED,Background Subtraction (MOG2) + HOG Human Detection,1,3
2026-07-08 17:56:24.162,124,MOTION DETECTED,Background Subtraction (MOG2) + HOG Human Detection,1,3
2026-07-08 17:56:24.223,125,NO MOTION,Background Subtraction (MOG2) + HOG Human Detection,0,0
2026-07-08 17:56:24.248,126,NO MOTION,Background Subtraction (MOG2) + HOG Human Detection,0,0
2026-07-08 17:56:24.265,127,NO MOTION,Background Subtraction (MOG2) + HOG Human Detection,0,0
2026-07-08 17:56:24.296,128,NO MOTION,Background Subtraction (MOG2) + HOG Human Detection,0,0
2026-07-08 17:56:24.313,129,NO MOTION,Background Subtraction (MOG2) + HOG Human Detection,0,0
2026-07-08 17:56:24.344,130,NO MOTION,Background Subtraction (MOG2) + HOG Human Detection,0,0
2026-07-08 17:56:24.376,131,NO MOTION,Background Subtraction (MOG2) + HOG Human Detection,0,0
2026-07-08 17:56:24.394,132,NO MOTION,Background Subtraction (MOG2) + HOG Human Detection,0,0
2026-07-08 17:56:24.407,133,NO MOTION,Background Subtraction (MOG2) + HOG Human Detection,0,0
2026-07-08 17:56:24.431,134,NO MOTION,Background Subtraction (MOG2) + HOG Human Detection,0,0
2026-07-08 17:56:24.463,135,NO MOTION,Background Subtraction (MOG2) + HOG Human Detection,0,0
2026-07-08 17:56:24.496,136,NO MOTION,Background Subtraction (MOG2) + HOG Human Detection,0,0
2026-07-08 17:56:24.529,137,NO MOTION,Background Subtraction (MOG2) + HOG Human Detection,0,0
2026-07-08 17:56:24.546,138,NO MOTION,Background Subtraction (MOG2) + HOG Human Detection,0,0
2026-07-08 17:56:24.855,139,MOTION DETECTED,Background Subtraction (MOG2) + HOG Human Detection,1,3
2026-07-08 17:56:25.183,140,MOTION DETECTED,Background Subtraction (MOG2) + HOG Human Detection,1,2
2026-07-08 17:56:25.490,141,MOTION DETECTED,Background Subtraction (MOG2) + HOG Human Detection,1,2
2026-07-08 17:56:25.789,142,MOTION DETECTED,Background Subtraction (MOG2) + HOG Human Detection,1,2
2026-07-08 17:56:26.098,143,MOTION DETECTED,Background Subtraction (MOG2) + HOG Human Detection,1,3
2026-07-08 17:56:26.437,144,MOTION DETECTED,Background Subtraction (MOG2) + HOG Human Detection,1,4
2026-07-08 17:56:26.989,145,MOTION DETECTED,Background Subtraction (MOG2) + HOG Human Detection,1,3
2026-07-08 17:56:27.289,146,MOTION DETECTED,Background Subtraction (MOG2) + HOG Human Detection,1,4
2026-07-08 17:56:27.578,147,MOTION DETECTED,Background Subtraction (MOG2) + HOG Human Detection,1,3
2026-07-08 17:56:27.875,148,MOTION DETECTED,Background Subtraction (MOG2) + HOG Human Detection,1,5
2026-07-08 17:56:28.162,149,MOTION DETECTED,Background Subtraction (MOG2) + HOG Human Detection,1,3
2026-07-08 17:56:28.443,150,MOTION DETECTED,Background Subtraction (MOG2) + HOG Human Detection,1,3
2026-07-08 17:56:28.739,151,MOTION DETECTED,Background Subtraction (MOG2) + HOG Human Detection,1,3
2026-07-08 17:56:29.050,152,MOTION DETECTED,Background Subtraction (MOG2) + HOG Human Detection,1,3
2026-07-08 17:56:29.373,153,MOTION DETECTED,Background Subtraction (MOG2) + HOG Human Detection,1,3
2026-07-08 17:56:29.737,154,MOTION DETECTED,Background Subtraction (MOG2) + HOG Human Detection,1,3
2026-07-08 17:56:30.042,155,MOTION DETECTED,Background Subtraction (MOG2) + HOG Human Detection,1,3
2026-07-08 17:56:30.338,156,MOTION DETECTED,Background Subtraction (MOG2) + HOG Human Detection,1,3
2026-07-08 17:56:30.640,157,MOTION DETECTED,Background Subtraction (MOG2) + HOG Human Detection,1,3
2026-07-08 17:56:30.943,158,MOTION DETECTED,Background Subtraction (MOG2) + HOG Human Detection,1,3
2026-07-08 17:56:31.246,159,MOTION DETECTED,Background Subtraction (MOG2) + HOG Human Detection,1,3
2026-07-08 17:56:31.545,160,MOTION DETECTED,Background Subtraction (MOG2) + HOG Human Detection,1,3
2026-07-08 17:56:31.841,161,MOTION DETECTED,Background Subtraction (MOG2) + HOG Human Detection,1,3
2026-07-08 17:56:32.133,162,MOTION DETECTED,Background Subtraction (MOG2) + HOG Human Detection,1,3
2026-07-08 17:56:32.433,163,MOTION DETECTED,Background Subtraction (MOG2) + HOG Human Detection,1,3
2026-07-08 17:56:32.738,164,MOTION DETECTED,Background Subtraction (MOG2) + HOG Human Detection,1,3
2026-07-08 17:56:33.042,165,MOTION DETECTED,Background Subtraction (MOG2) + HOG Human Detection,1,3
2026-07-08 17:56:33.346,166,MOTION DETECTED,Background Subtraction (MOG2) + HOG Human Detection,1,3
2026-07-08 17:56:33.650,167,MOTION DETECTED,Background Subtraction (MOG2) + HOG Human Detection,1,3
2026-07-08 17:56:33.944,168,MOTION DETECTED,Background Subtraction (MOG2) + HOG Human Detection,1,3
2026-07-08 17:56:34.251,169,MOTION DETECTED,Background Subtraction (MOG2) + HOG Human Detection,1,3
2026-07-08 17:56:34.586,170,MOTION DETECTED,Background Subtraction (MOG2) + HOG Human Detection,1,3
2026-07-08 17:56:34.889,171,MOTION DETECTED,Background Subtraction (MOG2) + HOG Human Detection,1,3
2026-07-08 17:56:35.188,172,MOTION DETECTED,Background Subtraction (MOG2) + HOG Human Detection,1,3
2026-07-08 17:56:35.483,173,MOTION DETECTED,Background Subtraction (MOG2) + HOG Human Detection,1,3
2026-07-08 17:56:35.816,174,MOTION DETECTED,Background Subtraction (MOG2) + HOG Human Detection,1,3
2026-07-08 17:56:35.841,175,NO MOTION,Background Subtraction (MOG2) + HOG Human Detection,0,0
2026-07-08 17:56:35.864,176,NO MOTION,Background Subtraction (MOG2) + HOG Human Detection,0,0
2026-07-08 17:56:35.890,177,NO MOTION,Background Subtraction (MOG2) + HOG Human Detection,0,0
2026-07-08 17:56:35.961,178,NO MOTION,Background Subtraction (MOG2) + HOG Human Detection,0,0
2026-07-08 17:56:35.995,179,NO MOTION,Background Subtraction (MOG2) + HOG Human Detection,0,0
2026-07-08 17:56:36.026,180,NO MOTION,Background Subtraction (MOG2) + HOG Human Detection,0,0
2026-07-08 17:56:36.047,181,NO MOTION,Background Subtraction (MOG2) + HOG Human Detection,0,0
2026-07-08 17:56:36.080,182,NO MOTION,Background Subtraction (MOG2) + HOG Human Detection,0,0
2026-07-08 17:56:36.096,183,NO MOTION,Background Subtraction (MOG2) + HOG Human Detection,0,0
2026-07-08 17:56:36.116,184,NO MOTION,Background Subtraction (MOG2) + HOG Human Detection,0,0
2026-07-08 17:56:36.132,185,NO MOTION,Background Subtraction (MOG2) + HOG Human Detection,0,0
2026-07-08 17:56:36.160,186,NO MOTION,Background Subtraction (MOG2) + HOG Human Detection,0,0
2026-07-08 17:56:36.191,187,NO MOTION,Background Subtraction (MOG2) + HOG Human Detection,0,0
2026-07-08 17:56:36.215,188,NO MOTION,Background Subtraction (MOG2) + HOG Human Detection,0,0
2026-07-08 17:56:36.246,189,NO MOTION,Background Subtraction (MOG2) + HOG Human Detection,0,0
2026-07-08 17:56:36.280,190,NO MOTION,Background Subtraction (MOG2) + HOG Human Detection,0,0
2026-07-08 17:56:36.313,191,NO MOTION,Background Subtraction (MOG2) + HOG Human Detection,0,0
2026-07-08 17:56:36.342,192,NO MOTION,Background Subtraction (MOG2) + HOG Human Detection,0,0
2026-07-08 17:56:36.372,193,NO MOTION,Background Subtraction (MOG2) + HOG Human Detection,0,0
2026-07-08 17:56:36.391,194,NO MOTION,Background Subtraction (MOG2) + HOG Human Detection,0,0
2026-07-08 17:56:36.408,195,NO MOTION,Background Subtraction (MOG2) + HOG Human Detection,0,0
2026-07-08 17:56:36.429,196,NO MOTION,Background Subtraction (MOG2) + HOG Human Detection,0,0
2026-07-08 17:56:36.775,197,MOTION DETECTED,Background Subtraction (MOG2) + HOG Human Detection,1,1
2026-07-08 17:56:37.080,198,MOTION DETECTED,Background Subtraction (MOG2) + HOG Human Detection,1,2
2026-07-08 17:56:37.412,199,MOTION DETECTED,Background Subtraction (MOG2) + HOG Human Detection,1,2
2026-07-08 17:56:37.725,200,MOTION DETECTED,Background Subtraction (MOG2) + HOG Human Detection,1,2
2026-07-08 17:56:38.048,201,MOTION DETECTED,Background Subtraction (MOG2) + HOG Human Detection,1,2
2026-07-08 17:56:38.347,202,MOTION DETECTED,Background Subtraction (MOG2) + HOG Human Detection,1,2
2026-07-08 17:56:38.669,203,MOTION DETECTED,Background Subtraction (MOG2) + HOG Human Detection,1,2
2026-07-08 17:56:38.998,204,MOTION DETECTED,Background Subtraction (MOG2) + HOG Human Detection,1,2
2026-07-08 17:56:39.331,205,MOTION DETECTED,Background Subtraction (MOG2) + HOG Human Detection,1,2
2026-07-08 17:56:39.639,206,MOTION DETECTED,Background Subtraction (MOG2) + HOG Human Detection,1,2
2026-07-08 17:56:39.958,207,MOTION DETECTED,Background Subtraction (MOG2) + HOG Human Detection,1,2
2026-07-08 17:56:40.256,208,MOTION DETECTED,Background Subtraction (MOG2) + HOG Human Detection,1,1
2026-07-08 17:56:40.575,209,MOTION DETECTED,Background Subtraction (MOG2) + HOG Human Detection,1,1
2026-07-08 17:56:40.637,210,NO MOTION,Background Subtraction (MOG2) + HOG Human Detection,0,0
2026-07-08 17:56:40.664,211,NO MOTION,Background Subtraction (MOG2) + HOG Human Detection,0,0
2026-07-08 17:56:40.698,212,NO MOTION,Background Subtraction (MOG2) + HOG Human Detection,0,0
2026-07-08 17:56:40.729,213,NO MOTION,Background Subtraction (MOG2) + HOG Human Detection,0,0
2026-07-08 17:56:40.758,214,NO MOTION,Background Subtraction (MOG2) + HOG Human Detection,0,0
2026-07-08 17:56:40.793,215,NO MOTION,Background Subtraction (MOG2) + HOG Human Detection,0,0
2026-07-08 17:56:40.824,216,NO MOTION,Background Subtraction (MOG2) + HOG Human Detection,0,0
2026-07-08 17:56:40.859,217,NO MOTION,Background Subtraction (MOG2) + HOG Human Detection,0,0
2026-07-08 17:56:40.891,218,NO MOTION,Background Subtraction (MOG2) + HOG Human Detection,0,0
2026-07-08 17:56:40.921,219,NO MOTION,Background Subtraction (MOG2) + HOG Human Detection,0,0
2026-07-08 17:56:40.955,220,NO MOTION,Background Subtraction (MOG2) + HOG Human Detection,0,0
2026-07-08 17:56:40.987,221,NO MOTION,Background Subtraction (MOG2) + HOG Human Detection,0,0
2026-07-08 17:56:41.021,222,NO MOTION,Background Subtraction (MOG2) + HOG Human Detection,0,0
2026-07-08 17:56:41.051,223,NO MOTION,Background Subtraction (MOG2) + HOG Human Detection,0,0
2026-07-08 17:56:41.083,224,NO MOTION,Background Subtraction (MOG2) + HOG Human Detection,0,0
2026-07-08 17:56:41.115,225,NO MOTION,Background Subtraction (MOG2) + HOG Human Detection,0,0
2026-07-08 17:56:41.139,226,NO MOTION,Background Subtraction (MOG2) + HOG Human Detection,0,0
2026-07-08 17:56:41.163,227,NO MOTION,Background Subtraction (MOG2) + HOG Human Detection,0,0
2026-07-08 17:56:41.195,228,NO MOTION,Background Subtraction (MOG2) + HOG Human Detection,0,0
2026-07-08 17:56:41.227,229,NO MOTION,Background Subtraction (MOG2) + HOG Human Detection,0,0
2026-07-08 17:56:41.260,230,NO MOTION,Background Subtraction (MOG2) + HOG Human Detection,0,0
2026-07-08 17:56:41.290,231,NO MOTION,Background Subtraction (MOG2) + HOG Human Detection,0,0
2026-07-08 17:56:41.320,232,NO MOTION,Background Subtraction (MOG2) + HOG Human Detection,0,0
2026-07-08 17:56:41.386,233,NO MOTION,Background Subtraction (MOG2) + HOG Human Detection,0,0
2026-07-08 17:56:41.417,234,NO MOTION,Background Subtraction (MOG2) + HOG Human Detection,0,0
2026-07-08 17:56:41.450,235,NO MOTION,Background Subtraction (MOG2) + HOG Human Detection,0,0
2026-07-08 17:56:41.481,236,NO MOTION,Background Subtraction (MOG2) + HOG Human Detection,0,0
2026-07-08 17:56:41.511,237,NO MOTION,Background Subtraction (MOG2) + HOG Human Detection,0,0
2026-07-08 17:56:41.544,238,NO MOTION,Background Subtraction (MOG2) + HOG Human Detection,0,0
2026-07-08 17:56:41.574,239,NO MOTION,Background Subtraction (MOG2) + HOG Human Detection,0,0
2026-07-08 17:56:41.606,240,NO MOTION,Background Subtraction (MOG2) + HOG Human Detection,0,0
2026-07-08 17:56:41.638,241,NO MOTION,Background Subtraction (MOG2) + HOG Human Detection,0,0
2026-07-08 17:56:41.673,242,NO MOTION,Background Subtraction (MOG2) + HOG Human Detection,0,0
2026-07-08 17:56:41.702,243,NO MOTION,Background Subtraction (MOG2) + HOG Human Detection,0,0
2026-07-08 17:56:41.735,244,NO MOTION,Background Subtraction (MOG2) + HOG Human Detection,0,0
2026-07-08 17:56:41.767,245,NO MOTION,Background Subtraction (MOG2) + HOG Human Detection,0,0
2026-07-08 17:56:41.787,246,NO MOTION,Background Subtraction (MOG2) + HOG Human Detection,0,0
2026-07-08 17:56:41.813,247,NO MOTION,Background Subtraction (MOG2) + HOG Human Detection,0,0
2026-07-08 17:56:41.845,248,NO MOTION,Background Subtraction (MOG2) + HOG Human Detection,0,0
2026-07-08 17:56:41.899,249,NO MOTION,Background Subtraction (MOG2) + HOG Human Detection,0,0
2026-07-08 17:56:41.932,250,NO MOTION,Background Subtraction (MOG2) + HOG Human Detection,0,0
2026-07-08 17:56:41.969,251,NO MOTION,Background Subtraction (MOG2) + HOG Human Detection,0,0
2026-07-08 17:56:42.001,252,NO MOTION,Background Subtraction (MOG2) + HOG Human Detection,0,0
2026-07-08 17:56:42.033,253,NO MOTION,Background Subtraction (MOG2) + HOG Human Detection,0,0
2026-07-08 17:56:42.096,254,NO MOTION,Background Subtraction (MOG2) + HOG Human Detection,0,0
2026-07-08 17:56:42.119,255,NO MOTION,Background Subtraction (MOG2) + HOG Human Detection,0,0
2026-07-08 17:56:42.161,256,NO MOTION,Background Subtraction (MOG2) + HOG Human Detection,0,0
2026-07-08 17:56:42.184,257,NO MOTION,Background Subtraction (MOG2) + HOG Human Detection,0,0
2026-07-08 17:56:42.213,258,NO MOTION,Background Subtraction (MOG2) + HOG Human Detection,0,0
2026-07-08 17:56:42.235,259,NO MOTION,Background Subtraction (MOG2) + HOG Human Detection,0,0
2026-07-08 17:56:42.258,260,NO MOTION,Background Subtraction (MOG2) + HOG Human Detection,0,0
2026-07-08 17:56:42.283,261,NO MOTION,Background Subtraction (MOG2) + HOG Human Detection,0,0
2026-07-08 17:56:42.307,262,NO MOTION,Background Subtraction (MOG2) + HOG Human Detection,0,0
2026-07-08 17:56:42.334,263,NO MOTION,Background Subtraction (MOG2) + HOG Human Detection,0,0
2026-07-08 17:56:42.359,264,NO MOTION,Background Subtraction (MOG2) + HOG Human Detection,0,0
2026-07-08 17:56:42.382,265,NO MOTION,Background Subtraction (MOG2) + HOG Human Detection,0,0
2026-07-08 17:56:42.414,266,NO MOTION,Background Subtraction (MOG2) + HOG Human Detection,0,0
2026-07-08 17:56:42.437,267,NO MOTION,Background Subtraction (MOG2) + HOG Human Detection,0,0
2026-07-08 17:56:42.464,268,NO MOTION,Background Subtraction (MOG2) + HOG Human Detection,0,0
2026-07-08 17:56:42.495,269,NO MOTION,Background Subtraction (MOG2) + HOG Human Detection,0,0
2026-07-08 17:56:42.526,270,NO MOTION,Background Subtraction (MOG2) + HOG Human Detection,0,0
2026-07-08 17:56:42.558,271,NO MOTION,Background Subtraction (MOG2) + HOG Human Detection,0,0
2026-07-08 17:56:42.589,272,NO MOTION,Background Subtraction (MOG2) + HOG Human Detection,0,0
2026-07-08 17:56:42.620,273,NO MOTION,Background Subtraction (MOG2) + HOG Human Detection,0,0
2026-07-08 17:56:42.652,274,NO MOTION,Background Subtraction (MOG2) + HOG Human Detection,0,0
2026-07-08 17:56:42.688,275,NO MOTION,Background Subtraction (MOG2) + HOG Human Detection,0,0
2026-07-08 17:56:42.719,276,NO MOTION,Background Subtraction (MOG2) + HOG Human Detection,0,0
2026-07-08 17:56:42.750,277,NO MOTION,Background Subtraction (MOG2) + HOG Human Detection,0,0
2026-07-08 17:56:42.790,278,NO MOTION,Background Subtraction (MOG2) + HOG Human Detection,0,0
2026-07-08 17:56:42.820,279,NO MOTION,Background Subtraction (MOG2) + HOG Human Detection,0,0
2026-07-08 17:56:42.855,280,NO MOTION,Background Subtraction (MOG2) + HOG Human Detection,0,0
2026-07-08 17:56:42.889,281,NO MOTION,Background Subtraction (MOG2) + HOG Human Detection,0,0
2026-07-08 17:56:42.920,282,NO MOTION,Background Subtraction (MOG2) + HOG Human Detection,0,0
2026-07-08 17:56:42.951,283,NO MOTION,Background Subtraction (MOG2) + HOG Human Detection,0,0
2026-07-08 17:56:42.984,284,NO MOTION,Background Subtraction (MOG2) + HOG Human Detection,0,0
2026-07-08 17:56:43.015,285,NO MOTION,Background Subtraction (MOG2) + HOG Human Detection,0,0
2026-07-08 17:56:43.066,286,NO MOTION,Background Subtraction (MOG2) + HOG Human Detection,0,0
2026-07-08 17:56:43.108,287,NO MOTION,Background Subtraction (MOG2) + HOG Human Detection,0,0
2026-07-08 17:56:43.145,288,NO MOTION,Background Subtraction (MOG2) + HOG Human Detection,0,0
2026-07-08 17:56:43.181,289,NO MOTION,Background Subtraction (MOG2) + HOG Human Detection,0,0
2026-07-08 17:56:43.218,290,NO MOTION,Background Subtraction (MOG2) + HOG Human Detection,0,0
2026-07-08 17:56:43.246,291,NO MOTION,Background Subtraction (MOG2) + HOG Human Detection,0,0
2026-07-08 17:56:43.271,292,NO MOTION,Background Subtraction (MOG2) + HOG Human Detection,0,0
2026-07-08 17:56:43.308,293,NO MOTION,Background Subtraction (MOG2) + HOG Human Detection,0,0
2026-07-08 17:56:43.337,294,NO MOTION,Background Subtraction (MOG2) + HOG Human Detection,0,0
2026-07-08 17:56:43.356,295,NO MOTION,Background Subtraction (MOG2) + HOG Human Detection,0,0
2026-07-08 17:56:43.381,296,NO MOTION,Background Subtraction (MOG2) + HOG Human Detection,0,0
2026-07-08 17:56:43.421,297,NO MOTION,Background Subtraction (MOG2) + HOG Human Detection,0,0
2026-07-08 17:56:43.448,298,NO MOTION,Background Subtraction (MOG2) + HOG Human Detection,0,0
2026-07-08 17:56:43.480,299,NO MOTION,Background Subtraction (MOG2) + HOG Human Detection,0,0
2026-07-08 17:56:43.513,300,NO MOTION,Background Subtraction (MOG2) + HOG Human Detection,0,0
2026-07-08 17:56:43.539,301,NO MOTION,Background Subtraction (MOG2) + HOG Human Detection,0,0
2026-07-08 17:56:43.576,302,NO MOTION,Background Subtraction (MOG2) + HOG Human Detection,0,0
2026-07-08 17:56:43.623,303,NO MOTION,Background Subtraction (MOG2) + HOG Human Detection,0,0
2026-07-08 17:56:43.650,304,NO MOTION,Background Subtraction (MOG2) + HOG Human Detection,0,0
2026-07-08 17:56:43.684,305,NO MOTION,Background Subtraction (MOG2) + HOG Human Detection,0,0
2026-07-08 17:56:43.713,306,NO MOTION,Background Subtraction (MOG2) + HOG Human Detection,0,0
2026-07-08 17:56:43.733,307,NO MOTION,Background Subtraction (MOG2) + HOG Human Detection,0,0
2026-07-08 17:56:43.762,308,NO MOTION,Background Subtraction (MOG2) + HOG Human Detection,0,0
2026-07-08 17:56:43.787,309,NO MOTION,Background Subtraction (MOG2) + HOG Human Detection,0,0
2026-07-08 17:56:43.821,310,NO MOTION,Background Subtraction (MOG2) + HOG Human Detection,0,0
2026-07-08 17:56:43.853,311,NO MOTION,Background Subtraction (MOG2) + HOG Human Detection,0,0
2026-07-08 17:56:43.877,312,NO MOTION,Background Subtraction (MOG2) + HOG Human Detection,0,0
2026-07-08 17:56:43.948,313,NO MOTION,Background Subtraction (MOG2) + HOG Human Detection,0,0
2026-07-08 17:56:43.976,314,NO MOTION,Background Subtraction (MOG2) + HOG Human Detection,0,0
2026-07-08 17:56:43.998,315,NO MOTION,Background Subtraction (MOG2) + HOG Human Detection,0,0
2026-07-08 17:56:44.027,316,NO MOTION,Background Subtraction (MOG2) + HOG Human Detection,0,0
2026-07-08 17:56:44.058,317,NO MOTION,Background Subtraction (MOG2) + HOG Human Detection,0,0
2026-07-08 17:56:44.083,318,NO MOTION,Background Subtraction (MOG2) + HOG Human Detection,0,0
2026-07-08 17:56:44.122,319,NO MOTION,Background Subtraction (MOG2) + HOG Human Detection,0,0
2026-07-08 17:56:44.154,320,NO MOTION,Background Subtraction (MOG2) + HOG Human Detection,0,0
2026-07-08 17:56:44.182,321,NO MOTION,Background Subtraction (MOG2) + HOG Human Detection,0,0
2026-07-08 17:56:44.215,322,NO MOTION,Background Subtraction (MOG2) + HOG Human Detection,0,0
2026-07-08 17:56:44.241,323,NO MOTION,Background Subtraction (MOG2) + HOG Human Detection,0,0
2026-07-08 17:56:44.264,324,NO MOTION,Background Subtraction (MOG2) + HOG Human Detection,0,0
2026-07-08 17:56:44.287,325,NO MOTION,Background Subtraction (MOG2) + HOG Human Detection,0,0
2026-07-08 17:56:44.330,326,NO MOTION,Background Subtraction (MOG2) + HOG Human Detection,0,0
2026-07-08 17:56:44.353,327,NO MOTION,Background Subtraction (MOG2) + HOG Human Detection,0,0
2026-07-08 17:56:44.389,328,NO MOTION,Background Subtraction (MOG2) + HOG Human Detection,0,0
2026-07-08 17:56:44.422,329,NO MOTION,Background Subtraction (MOG2) + HOG Human Detection,0,0
2026-07-08 17:56:44.456,330,NO MOTION,Background Subtraction (MOG2) + HOG Human Detection,0,0
2026-07-08 17:56:44.489,331,NO MOTION,Background Subtraction (MOG2) + HOG Human Detection,0,0
2026-07-08 17:56:44.513,332,NO MOTION,Background Subtraction (MOG2) + HOG Human Detection,0,0
2026-07-08 17:56:44.540,333,NO MOTION,Background Subtraction (MOG2) + HOG Human Detection,0,0
2026-07-08 17:56:44.580,334,NO MOTION,Background Subtraction (MOG2) + HOG Human Detection,0,0
2026-07-08 17:56:44.608,335,NO MOTION,Background Subtraction (MOG2) + HOG Human Detection,0,0
2026-07-08 17:56:44.646,336,NO MOTION,Background Subtraction (MOG2) + HOG Human Detection,0,0
2026-07-08 17:56:45.090,337,MOTION DETECTED,Background Subtraction (MOG2) + HOG Human Detection,1,2
2026-07-08 17:56:45.419,338,MOTION DETECTED,Background Subtraction (MOG2) + HOG Human Detection,1,2
2026-07-08 17:56:45.820,339,MOTION DETECTED,Background Subtraction (MOG2) + HOG Human Detection,1,2
2026-07-08 17:56:46.232,340,MOTION DETECTED,Background Subtraction (MOG2) + HOG Human Detection,1,2
2026-07-08 17:56:46.617,341,MOTION DETECTED,Background Subtraction (MOG2) + HOG Human Detection,1,2
2026-07-08 17:56:46.996,342,MOTION DETECTED,Background Subtraction (MOG2) + HOG Human Detection,1,2
2026-07-08 17:56:47.354,343,MOTION DETECTED,Background Subtraction (MOG2) + HOG Human Detection,1,3
2026-07-08 17:56:47.688,344,MOTION DETECTED,Background Subtraction (MOG2) + HOG Human Detection,1,3
2026-07-08 17:56:48.021,345,MOTION DETECTED,Background Subtraction (MOG2) + HOG Human Detection,1,2
2026-07-08 17:56:48.313,346,MOTION DETECTED,Background Subtraction (MOG2) + HOG Human Detection,1,2
2026-07-08 17:56:48.608,347,MOTION DETECTED,Background Subtraction (MOG2) + HOG Human Detection,1,2
2026-07-08 17:56:48.898,348,MOTION DETECTED,Background Subtraction (MOG2) + HOG Human Detection,1,2
2026-07-08 17:56:49.204,349,MOTION DETECTED,Background Subtraction (MOG2) + HOG Human Detection,1,2
2026-07-08 17:57:04.395,1,NO MOTION,3-Frame Differencing,0,0
2026-07-08 17:57:04.458,2,NO MOTION,3-Frame Differencing,0,0
2026-07-08 17:57:04.518,3,NO MOTION,3-Frame Differencing,0,0
2026-07-08 17:57:04.543,4,NO MOTION,3-Frame Differencing,0,0
2026-07-08 17:57:04.579,5,NO MOTION,3-Frame Differencing,0,0
2026-07-08 17:57:04.610,6,NO MOTION,3-Frame Differencing,0,0
2026-07-08 17:57:04.639,7,NO MOTION,3-Frame Differencing,0,0
2026-07-08 17:57:04.661,8,NO MOTION,3-Frame Differencing,0,0
2026-07-08 17:57:04.683,9,NO MOTION,3-Frame Differencing,0,0
2026-07-08 17:57:04.721,10,NO MOTION,3-Frame Differencing,0,0
2026-07-08 17:57:04.748,11,NO MOTION,3-Frame Differencing,0,0
2026-07-08 17:57:04.772,12,NO MOTION,3-Frame Differencing,0,0
2026-07-08 17:57:04.796,13,NO MOTION,3-Frame Differencing,0,0
2026-07-08 17:57:04.832,14,NO MOTION,3-Frame Differencing,0,0
2026-07-08 17:57:04.848,15,NO MOTION,3-Frame Differencing,0,0
2026-07-08 17:57:04.874,16,NO MOTION,3-Frame Differencing,0,0
2026-07-08 17:57:04.894,17,NO MOTION,3-Frame Differencing,0,0
2026-07-08 17:57:04.919,18,NO MOTION,3-Frame Differencing,0,0
2026-07-08 17:57:04.943,19,NO MOTION,3-Frame Differencing,0,0
2026-07-08 17:57:04.983,20,NO MOTION,3-Frame Differencing,0,0
2026-07-08 17:57:05.003,21,NO MOTION,3-Frame Differencing,0,0
2026-07-08 17:57:05.031,22,NO MOTION,3-Frame Differencing,0,0
2026-07-08 17:57:05.052,23,NO MOTION,3-Frame Differencing,0,0
2026-07-08 17:57:05.078,24,NO MOTION,3-Frame Differencing,0,0
2026-07-08 17:57:05.110,25,NO MOTION,3-Frame Differencing,0,0
2026-07-08 17:57:05.136,26,NO MOTION,3-Frame Differencing,0,0
2026-07-08 17:57:05.165,27,NO MOTION,3-Frame Differencing,0,0
2026-07-08 17:57:05.200,28,NO MOTION,3-Frame Differencing,0,0
2026-07-08 17:57:05.236,29,NO MOTION,3-Frame Differencing,0,0
2026-07-08 17:57:05.264,30,NO MOTION,3-Frame Differencing,0,0
2026-07-08 17:57:05.290,31,NO MOTION,3-Frame Differencing,0,0
2026-07-08 17:57:05.339,32,NO MOTION,3-Frame Differencing,0,0
2026-07-08 17:57:05.364,33,NO MOTION,3-Frame Differencing,0,0
2026-07-08 17:57:05.383,34,NO MOTION,3-Frame Differencing,0,0
2026-07-08 17:57:05.413,35,NO MOTION,3-Frame Differencing,0,0
2026-07-08 17:57:05.442,36,NO MOTION,3-Frame Differencing,0,0
2026-07-08 17:57:05.474,37,NO MOTION,3-Frame Differencing,0,0
2026-07-08 17:57:05.508,38,NO MOTION,3-Frame Differencing,0,0
2026-07-08 17:57:05.524,39,NO MOTION,3-Frame Differencing,0,0
2026-07-08 17:57:05.549,40,NO MOTION,3-Frame Differencing,0,0
2026-07-08 17:57:05.574,41,NO MOTION,3-Frame Differencing,0,0
2026-07-08 17:57:05.595,42,NO MOTION,3-Frame Differencing,0,0
2026-07-08 17:57:05.613,43,NO MOTION,3-Frame Differencing,0,0
2026-07-08 17:57:05.641,44,NO MOTION,3-Frame Differencing,0,0
2026-07-08 17:57:05.666,45,NO MOTION,3-Frame Differencing,0,0
2026-07-08 17:57:05.690,46,NO MOTION,3-Frame Differencing,0,0
2026-07-08 17:57:05.708,47,NO MOTION,3-Frame Differencing,0,0
2026-07-08 17:57:05.729,48,NO MOTION,3-Frame Differencing,0,0
2026-07-08 17:57:05.757,49,NO MOTION,3-Frame Differencing,0,0
2026-07-08 17:57:05.780,50,NO MOTION,3-Frame Differencing,0,0
2026-07-08 17:57:05.799,51,NO MOTION,3-Frame Differencing,0,0
2026-07-08 17:57:05.831,52,NO MOTION,3-Frame Differencing,0,0
2026-07-08 17:57:05.857,53,NO MOTION,3-Frame Differencing,0,0
2026-07-08 17:57:05.878,54,NO MOTION,3-Frame Differencing,0,0
2026-07-08 17:57:05.906,55,NO MOTION,3-Frame Differencing,0,0
2026-07-08 17:57:05.927,56,NO MOTION,3-Frame Differencing,0,0
2026-07-08 17:57:05.947,57,NO MOTION,3-Frame Differencing,0,0
2026-07-08 17:57:05.972,58,NO MOTION,3-Frame Differencing,0,0
2026-07-08 17:57:06.004,59,NO MOTION,3-Frame Differencing,0,0
2026-07-08 17:57:06.027,60,NO MOTION,3-Frame Differencing,0,0
2026-07-08 17:57:06.051,61,NO MOTION,3-Frame Differencing,0,0
2026-07-08 17:57:06.086,62,NO MOTION,3-Frame Differencing,0,0
2026-07-08 17:57:06.108,63,NO MOTION,3-Frame Differencing,0,0
2026-07-08 17:57:06.132,64,NO MOTION,3-Frame Differencing,0,0
2026-07-08 17:57:06.153,65,NO MOTION,3-Frame Differencing,0,0
2026-07-08 17:57:06.185,66,NO MOTION,3-Frame Differencing,0,0
2026-07-08 17:57:06.213,67,NO MOTION,3-Frame Differencing,0,0
2026-07-08 17:57:06.232,68,NO MOTION,3-Frame Differencing,0,0
2026-07-08 17:57:06.249,69,NO MOTION,3-Frame Differencing,0,0
2026-07-08 17:57:06.276,70,NO MOTION,3-Frame Differencing,0,0
2026-07-08 17:57:06.297,71,NO MOTION,3-Frame Differencing,0,0
2026-07-08 17:57:06.339,72,NO MOTION,3-Frame Differencing,0,0
2026-07-08 17:57:06.375,73,NO MOTION,3-Frame Differencing,0,0
2026-07-08 17:57:06.396,74,NO MOTION,3-Frame Differencing,0,0
2026-07-08 17:57:06.413,75,NO MOTION,3-Frame Differencing,0,0
2026-07-08 17:57:06.446,76,NO MOTION,3-Frame Differencing,0,0
2026-07-08 17:57:06.467,77,NO MOTION,3-Frame Differencing,0,0
2026-07-08 17:57:06.491,78,NO MOTION,3-Frame Differencing,0,0
2026-07-08 17:57:06.513,79,NO MOTION,3-Frame Differencing,0,0
2026-07-08 17:57:06.532,80,NO MOTION,3-Frame Differencing,0,0
2026-07-08 17:57:06.557,81,NO MOTION,3-Frame Differencing,0,0
2026-07-08 17:57:06.586,82,NO MOTION,3-Frame Differencing,0,0
2026-07-08 17:57:06.606,83,NO MOTION,3-Frame Differencing,0,0
2026-07-08 17:57:06.634,84,NO MOTION,3-Frame Differencing,0,0
2026-07-08 17:57:06.666,85,NO MOTION,3-Frame Differencing,0,0
2026-07-08 17:57:06.706,86,NO MOTION,3-Frame Differencing,0,0
2026-07-08 17:57:06.729,87,NO MOTION,3-Frame Differencing,0,0
2026-07-08 17:57:06.779,88,NO MOTION,3-Frame Differencing,0,0
2026-07-08 17:57:06.813,89,NO MOTION,3-Frame Differencing,0,0
2026-07-08 17:57:06.837,90,NO MOTION,3-Frame Differencing,0,0
2026-07-08 17:57:06.868,91,NO MOTION,3-Frame Differencing,0,0
2026-07-08 17:57:06.896,92,NO MOTION,3-Frame Differencing,0,0
2026-07-08 17:57:06.920,93,NO MOTION,3-Frame Differencing,0,0
2026-07-08 17:57:06.963,94,NO MOTION,3-Frame Differencing,0,0
2026-07-08 17:57:06.992,95,NO MOTION,3-Frame Differencing,0,0
2026-07-08 17:57:07.023,96,NO MOTION,3-Frame Differencing,0,0
2026-07-08 17:57:07.055,97,NO MOTION,3-Frame Differencing,0,0
2026-07-08 17:57:07.075,98,NO MOTION,3-Frame Differencing,0,0
2026-07-08 17:57:07.098,99,NO MOTION,3-Frame Differencing,0,0
2026-07-08 17:57:07.119,100,NO MOTION,3-Frame Differencing,0,0
2026-07-08 17:57:07.142,101,NO MOTION,3-Frame Differencing,0,0
2026-07-08 17:57:07.176,102,NO MOTION,3-Frame Differencing,0,0
2026-07-08 17:57:07.200,103,NO MOTION,3-Frame Differencing,0,0
2026-07-08 17:57:07.223,104,NO MOTION,3-Frame Differencing,0,0
2026-07-08 17:57:07.240,105,NO MOTION,3-Frame Differencing,0,0
2026-07-08 17:57:07.255,106,NO MOTION,3-Frame Differencing,0,0
2026-07-08 17:57:07.273,107,NO MOTION,3-Frame Differencing,0,0
2026-07-08 17:57:07.290,108,NO MOTION,3-Frame Differencing,0,0
2026-07-08 17:57:07.308,109,NO MOTION,3-Frame Differencing,0,0
2026-07-08 17:57:07.322,110,NO MOTION,3-Frame Differencing,0,0
2026-07-08 17:57:07.343,111,NO MOTION,3-Frame Differencing,0,0
2026-07-08 17:57:07.375,112,NO MOTION,3-Frame Differencing,0,0
2026-07-08 17:57:07.389,113,NO MOTION,3-Frame Differencing,0,0
2026-07-08 17:57:07.411,114,NO MOTION,3-Frame Differencing,0,0
2026-07-08 17:57:07.440,115,NO MOTION,3-Frame Differencing,0,0
2026-07-08 17:57:07.457,116,NO MOTION,3-Frame Differencing,0,0
2026-07-08 17:57:07.473,117,NO MOTION,3-Frame Differencing,0,0
2026-07-08 17:57:07.492,118,NO MOTION,3-Frame Differencing,0,0
2026-07-08 17:57:07.518,119,NO MOTION,3-Frame Differencing,0,0
2026-07-08 17:57:07.549,120,NO MOTION,3-Frame Differencing,0,0
2026-07-08 17:57:07.581,121,NO MOTION,3-Frame Differencing,0,0
2026-07-08 17:57:07.599,122,NO MOTION,3-Frame Differencing,0,0
2026-07-08 17:57:07.616,123,NO MOTION,3-Frame Differencing,0,0
2026-07-08 17:57:07.643,124,NO MOTION,3-Frame Differencing,0,0
2026-07-08 17:57:07.677,125,NO MOTION,3-Frame Differencing,0,0
2026-07-08 17:57:07.693,126,NO MOTION,3-Frame Differencing,0,0
2026-07-08 17:57:07.727,127,NO MOTION,3-Frame Differencing,0,0
2026-07-08 17:57:07.757,128,NO MOTION,3-Frame Differencing,0,0
2026-07-08 17:57:07.779,129,NO MOTION,3-Frame Differencing,0,0
2026-07-08 17:57:07.802,130,NO MOTION,3-Frame Differencing,0,0
2026-07-08 17:57:07.834,131,NO MOTION,3-Frame Differencing,0,0
2026-07-08 17:57:07.868,132,NO MOTION,3-Frame Differencing,0,0
2026-07-08 17:57:07.901,133,NO MOTION,3-Frame Differencing,0,0
2026-07-08 17:57:07.925,134,NO MOTION,3-Frame Differencing,0,0
2026-07-08 17:57:07.949,135,NO MOTION,3-Frame Differencing,0,0
2026-07-08 17:57:07.970,136,NO MOTION,3-Frame Differencing,0,0
2026-07-08 17:57:08.016,137,NO MOTION,3-Frame Differencing,0,0
2026-07-08 17:57:08.041,138,NO MOTION,3-Frame Differencing,0,0
2026-07-08 17:57:08.078,139,NO MOTION,3-Frame Differencing,0,0
2026-07-08 17:57:08.107,140,NO MOTION,3-Frame Differencing,0,0
2026-07-08 17:57:08.136,141,NO MOTION,3-Frame Differencing,0,0
2026-07-08 17:57:08.169,142,NO MOTION,3-Frame Differencing,0,0
2026-07-08 17:57:08.205,143,NO MOTION,3-Frame Differencing,0,0
2026-07-08 17:57:08.231,144,NO MOTION,3-Frame Differencing,0,0
2026-07-08 17:57:08.266,145,NO MOTION,3-Frame Differencing,0,0
2026-07-08 17:57:08.299,146,NO MOTION,3-Frame Differencing,0,0
2026-07-08 17:57:08.317,147,NO MOTION,3-Frame Differencing,0,0
2026-07-08 17:57:08.346,148,NO MOTION,3-Frame Differencing,0,0
2026-07-08 17:57:08.375,149,NO MOTION,3-Frame Differencing,0,0
2026-07-08 17:57:08.411,150,NO MOTION,3-Frame Differencing,0,0
2026-07-08 17:57:08.443,151,NO MOTION,3-Frame Differencing,0,0
2026-07-08 17:57:08.470,152,NO MOTION,3-Frame Differencing,0,0
2026-07-08 17:57:08.502,153,NO MOTION,3-Frame Differencing,0,0
2026-07-08 17:57:08.536,154,NO MOTION,3-Frame Differencing,0,0
2026-07-08 17:57:08.570,155,NO MOTION,3-Frame Differencing,0,0
2026-07-08 17:57:08.601,156,NO MOTION,3-Frame Differencing,0,0
2026-07-08 17:57:08.633,157,NO MOTION,3-Frame Differencing,0,0
2026-07-08 17:57:08.665,158,NO MOTION,3-Frame Differencing,0,0
2026-07-08 17:57:08.684,159,NO MOTION,3-Frame Differencing,0,0
2026-07-08 17:57:08.714,160,NO MOTION,3-Frame Differencing,0,0
2026-07-08 17:57:08.744,161,NO MOTION,3-Frame Differencing,0,0
2026-07-08 17:57:08.778,162,NO MOTION,3-Frame Differencing,0,0
2026-07-08 17:57:08.799,163,NO MOTION,3-Frame Differencing,0,0
2026-07-08 17:57:08.833,164,NO MOTION,3-Frame Differencing,0,0
2026-07-08 17:57:08.864,165,NO MOTION,3-Frame Differencing,0,0
2026-07-08 17:57:08.889,166,NO MOTION,3-Frame Differencing,0,0
2026-07-08 17:57:08.915,167,NO MOTION,3-Frame Differencing,0,0
2026-07-08 17:57:08.932,168,NO MOTION,3-Frame Differencing,0,0
2026-07-08 17:57:08.951,169,NO MOTION,3-Frame Differencing,0,0
2026-07-08 17:57:08.988,170,NO MOTION,3-Frame Differencing,0,0
2026-07-08 17:57:09.020,171,NO MOTION,3-Frame Differencing,0,0
2026-07-08 17:57:09.045,172,NO MOTION,3-Frame Differencing,0,0
2026-07-08 17:57:09.065,173,NO MOTION,3-Frame Differencing,0,0
2026-07-08 17:57:09.087,174,NO MOTION,3-Frame Differencing,0,0
2026-07-08 17:57:09.112,175,NO MOTION,3-Frame Differencing,0,0
2026-07-08 17:57:09.133,176,NO MOTION,3-Frame Differencing,0,0
2026-07-08 17:57:09.158,177,NO MOTION,3-Frame Differencing,0,0
2026-07-08 17:57:09.178,178,NO MOTION,3-Frame Differencing,0,0
2026-07-08 17:57:09.197,179,NO MOTION,3-Frame Differencing,0,0
2026-07-08 17:57:09.216,180,NO MOTION,3-Frame Differencing,0,0
2026-07-08 17:57:09.243,181,NO MOTION,3-Frame Differencing,0,0
2026-07-08 17:57:09.271,182,NO MOTION,3-Frame Differencing,0,0
2026-07-08 17:57:09.297,183,NO MOTION,3-Frame Differencing,0,0
2026-07-08 17:57:09.323,184,NO MOTION,3-Frame Differencing,0,0
2026-07-08 17:57:09.350,185,NO MOTION,3-Frame Differencing,0,0
2026-07-08 17:57:09.379,186,NO MOTION,3-Frame Differencing,0,0
2026-07-08 17:57:09.404,187,NO MOTION,3-Frame Differencing,0,0
2026-07-08 17:57:09.467,188,NO MOTION,3-Frame Differencing,0,0
2026-07-08 17:57:09.487,189,NO MOTION,3-Frame Differencing,0,0
2026-07-08 17:57:09.506,190,NO MOTION,3-Frame Differencing,0,0
2026-07-08 17:57:09.525,191,NO MOTION,3-Frame Differencing,0,0
2026-07-08 17:57:09.541,192,NO MOTION,3-Frame Differencing,0,0
2026-07-08 17:57:09.557,193,NO MOTION,3-Frame Differencing,0,0
2026-07-08 17:57:09.579,194,NO MOTION,3-Frame Differencing,0,0
2026-07-08 17:57:09.593,195,NO MOTION,3-Frame Differencing,0,0
2026-07-08 17:57:09.613,196,NO MOTION,3-Frame Differencing,0,0
2026-07-08 17:57:09.627,197,NO MOTION,3-Frame Differencing,0,0
2026-07-08 17:57:09.650,198,NO MOTION,3-Frame Differencing,0,0
2026-07-08 17:57:09.666,199,NO MOTION,3-Frame Differencing,0,0
2026-07-08 17:57:09.683,200,NO MOTION,3-Frame Differencing,0,0
2026-07-08 17:57:09.699,201,NO MOTION,3-Frame Differencing,0,0
2026-07-08 17:57:09.718,202,NO MOTION,3-Frame Differencing,0,0
2026-07-08 17:57:09.737,203,NO MOTION,3-Frame Differencing,0,0
2026-07-08 17:57:09.750,204,NO MOTION,3-Frame Differencing,0,0
2026-07-08 17:57:09.771,205,NO MOTION,3-Frame Differencing,0,0
2026-07-08 17:57:09.789,206,NO MOTION,3-Frame Differencing,0,0
2026-07-08 17:57:09.803,207,NO MOTION,3-Frame Differencing,0,0
2026-07-08 17:57:09.822,208,NO MOTION,3-Frame Differencing,0,0
2026-07-08 17:57:09.840,209,NO MOTION,3-Frame Differencing,0,0
2026-07-08 17:57:09.858,210,NO MOTION,3-Frame Differencing,0,0
2026-07-08 17:57:09.871,211,NO MOTION,3-Frame Differencing,0,0
2026-07-08 17:57:09.891,212,NO MOTION,3-Frame Differencing,0,0
2026-07-08 17:57:09.909,213,NO MOTION,3-Frame Differencing,0,0
2026-07-08 17:57:09.924,214,NO MOTION,3-Frame Differencing,0,0
2026-07-08 17:57:09.943,215,NO MOTION,3-Frame Differencing,0,0
2026-07-08 17:57:09.959,216,NO MOTION,3-Frame Differencing,0,0
2026-07-08 17:57:09.976,217,NO MOTION,3-Frame Differencing,0,0
2026-07-08 17:57:10.007,218,NO MOTION,3-Frame Differencing,0,0
2026-07-08 17:57:10.021,219,NO MOTION,3-Frame Differencing,0,0
2026-07-08 17:57:10.052,220,NO MOTION,3-Frame Differencing,0,0
2026-07-08 17:57:10.089,221,NO MOTION,3-Frame Differencing,0,0
2026-07-08 17:57:10.104,222,NO MOTION,3-Frame Differencing,0,0
2026-07-08 17:57:10.119,223,NO MOTION,3-Frame Differencing,0,0
2026-07-08 17:57:10.136,224,NO MOTION,3-Frame Differencing,0,0
2026-07-08 17:57:10.151,225,NO MOTION,3-Frame Differencing,0,0
2026-07-08 17:57:10.167,226,NO MOTION,3-Frame Differencing,0,0
2026-07-08 17:57:10.184,227,NO MOTION,3-Frame Differencing,0,0
2026-07-08 17:57:10.199,228,NO MOTION,3-Frame Differencing,0,0
2026-07-08 17:57:10.212,229,NO MOTION,3-Frame Differencing,0,0
2026-07-08 17:57:10.234,230,NO MOTION,3-Frame Differencing,0,0
2026-07-08 17:57:10.249,231,NO MOTION,3-Frame Differencing,0,0
2026-07-08 17:57:10.265,232,NO MOTION,3-Frame Differencing,0,0
2026-07-08 17:57:10.293,233,NO MOTION,3-Frame Differencing,0,0
2026-07-08 17:57:10.321,234,NO MOTION,3-Frame Differencing,0,0
2026-07-08 17:57:10.355,235,NO MOTION,3-Frame Differencing,0,0
2026-07-08 17:57:10.385,236,NO MOTION,3-Frame Differencing,0,0
2026-07-08 17:57:10.416,237,NO MOTION,3-Frame Differencing,0,0
2026-07-08 17:57:10.444,238,NO MOTION,3-Frame Differencing,0,0
2026-07-08 17:57:10.787,239,NO MOTION,3-Frame Differencing,0,0
2026-07-08 17:57:10.812,240,NO MOTION,3-Frame Differencing,0,0
2026-07-08 17:57:10.838,241,NO MOTION,3-Frame Differencing,0,0
2026-07-08 17:57:10.874,242,NO MOTION,3-Frame Differencing,0,0
2026-07-08 17:57:10.901,243,NO MOTION,3-Frame Differencing,0,0
2026-07-08 17:57:10.925,244,NO MOTION,3-Frame Differencing,0,0
2026-07-08 17:57:10.947,245,NO MOTION,3-Frame Differencing,0,0
2026-07-08 17:57:10.969,246,NO MOTION,3-Frame Differencing,0,0
2026-07-08 17:57:10.998,247,NO MOTION,3-Frame Differencing,0,0
2026-07-08 17:57:11.018,248,NO MOTION,3-Frame Differencing,0,0
2026-07-08 17:57:11.047,249,NO MOTION,3-Frame Differencing,0,0
2026-07-08 17:57:11.074,250,NO MOTION,3-Frame Differencing,0,0
2026-07-08 17:57:11.096,251,NO MOTION,3-Frame Differencing,0,0
2026-07-08 17:57:11.116,252,NO MOTION,3-Frame Differencing,0,0
2026-07-08 17:57:11.134,253,NO MOTION,3-Frame Differencing,0,0
2026-07-08 17:57:11.174,254,NO MOTION,3-Frame Differencing,0,0
2026-07-08 17:57:11.192,255,NO MOTION,3-Frame Differencing,0,0
2026-07-08 17:57:11.213,256,NO MOTION,3-Frame Differencing,0,0
2026-07-08 17:57:11.232,257,NO MOTION,3-Frame Differencing,0,0
2026-07-08 17:57:11.254,258,NO MOTION,3-Frame Differencing,0,0
2026-07-08 17:57:11.276,259,NO MOTION,3-Frame Differencing,0,0
2026-07-08 17:57:11.291,260,NO MOTION,3-Frame Differencing,0,0
2026-07-08 17:57:11.317,261,NO MOTION,3-Frame Differencing,0,0
2026-07-08 17:57:11.335,262,NO MOTION,3-Frame Differencing,0,0
2026-07-08 17:57:11.351,263,NO MOTION,3-Frame Differencing,0,0
2026-07-08 17:57:11.374,264,NO MOTION,3-Frame Differencing,0,0
2026-07-08 17:57:11.397,265,NO MOTION,3-Frame Differencing,0,0
2026-07-08 17:57:11.419,266,NO MOTION,3-Frame Differencing,0,0
2026-07-08 17:57:11.439,267,NO MOTION,3-Frame Differencing,0,0
2026-07-08 17:57:11.460,268,NO MOTION,3-Frame Differencing,0,0
2026-07-08 17:57:11.479,269,NO MOTION,3-Frame Differencing,0,0
2026-07-08 17:57:11.521,270,NO MOTION,3-Frame Differencing,0,0
2026-07-08 17:57:11.548,271,NO MOTION,3-Frame Differencing,0,0
2026-07-08 17:57:11.581,272,NO MOTION,3-Frame Differencing,0,0
2026-07-08 17:57:11.604,273,NO MOTION,3-Frame Differencing,0,0
2026-07-08 17:57:11.630,274,NO MOTION,3-Frame Differencing,0,0
2026-07-08 17:57:11.651,275,NO MOTION,3-Frame Differencing,0,0
2026-07-08 17:57:11.669,276,NO MOTION,3-Frame Differencing,0,0
2026-07-08 17:57:11.685,277,NO MOTION,3-Frame Differencing,0,0
2026-07-08 17:57:11.728,278,NO MOTION,3-Frame Differencing,0,0
2026-07-08 17:57:11.757,279,NO MOTION,3-Frame Differencing,0,0
2026-07-08 17:57:11.789,280,NO MOTION,3-Frame Differencing,0,0
2026-07-08 17:57:11.822,281,NO MOTION,3-Frame Differencing,0,0
2026-07-08 17:57:11.851,282,NO MOTION,3-Frame Differencing,0,0
2026-07-08 17:57:11.886,283,NO MOTION,3-Frame Differencing,0,0
2026-07-08 17:57:11.917,284,NO MOTION,3-Frame Differencing,0,0
2026-07-08 17:57:11.948,285,NO MOTION,3-Frame Differencing,0,0
2026-07-08 17:57:11.983,286,NO MOTION,3-Frame Differencing,0,0
2026-07-08 17:57:12.001,287,NO MOTION,3-Frame Differencing,0,0
2026-07-08 17:57:12.020,288,NO MOTION,3-Frame Differencing,0,0
2026-07-08 17:57:12.044,289,NO MOTION,3-Frame Differencing,0,0
2026-07-08 17:57:12.076,290,NO MOTION,3-Frame Differencing,0,0
2026-07-08 17:57:12.106,291,NO MOTION,3-Frame Differencing,0,0
2026-07-08 17:57:12.127,292,NO MOTION,3-Frame Differencing,0,0
2026-07-08 17:57:12.187,293,NO MOTION,3-Frame Differencing,0,0
2026-07-08 17:57:12.216,294,NO MOTION,3-Frame Differencing,0,0
2026-07-08 17:57:12.251,295,NO MOTION,3-Frame Differencing,0,0
2026-07-08 17:57:12.282,296,NO MOTION,3-Frame Differencing,0,0
2026-07-08 17:57:12.315,297,NO MOTION,3-Frame Differencing,0,0
2026-07-08 17:57:12.333,298,NO MOTION,3-Frame Differencing,0,0
2026-07-08 17:57:12.362,299,NO MOTION,3-Frame Differencing,0,0
2026-07-08 17:57:12.392,300,NO MOTION,3-Frame Differencing,0,0
2026-07-08 17:57:12.423,301,NO MOTION,3-Frame Differencing,0,0
2026-07-08 17:57:12.455,302,NO MOTION,3-Frame Differencing,0,0
2026-07-08 17:57:12.486,303,NO MOTION,3-Frame Differencing,0,0
2026-07-08 17:57:12.517,304,NO MOTION,3-Frame Differencing,0,0
2026-07-08 17:57:12.551,305,NO MOTION,3-Frame Differencing,0,0
2026-07-08 17:57:12.583,306,NO MOTION,3-Frame Differencing,0,0
2026-07-08 17:57:12.617,307,NO MOTION,3-Frame Differencing,0,0
2026-07-08 17:57:12.635,308,NO MOTION,3-Frame Differencing,0,0
2026-07-08 17:57:12.663,309,NO MOTION,3-Frame Differencing,0,0
2026-07-08 17:57:12.692,310,NO MOTION,3-Frame Differencing,0,0
2026-07-08 17:57:12.725,311,NO MOTION,3-Frame Differencing,0,0
2026-07-08 17:57:12.759,312,NO MOTION,3-Frame Differencing,0,0
2026-07-08 17:57:12.781,313,NO MOTION,3-Frame Differencing,0,0
2026-07-08 17:57:12.799,314,NO MOTION,3-Frame Differencing,0,0
2026-07-08 17:57:12.821,315,NO MOTION,3-Frame Differencing,0,0
2026-07-08 17:57:12.854,316,NO MOTION,3-Frame Differencing,0,0
2026-07-08 17:57:12.886,317,NO MOTION,3-Frame Differencing,0,0
2026-07-08 17:57:12.914,318,NO MOTION,3-Frame Differencing,0,0
2026-07-08 17:57:12.950,319,NO MOTION,3-Frame Differencing,0,0
2026-07-08 17:57:12.982,320,NO MOTION,3-Frame Differencing,0,0
2026-07-08 17:57:13.001,321,NO MOTION,3-Frame Differencing,0,0
2026-07-08 17:57:13.021,322,NO MOTION,3-Frame Differencing,0,0
2026-07-08 17:57:13.045,323,NO MOTION,3-Frame Differencing,0,0
2026-07-08 17:57:13.064,324,NO MOTION,3-Frame Differencing,0,0
2026-07-08 17:57:13.082,325,NO MOTION,3-Frame Differencing,0,0
2026-07-08 17:57:13.123,326,NO MOTION,3-Frame Differencing,0,0
2026-07-08 17:57:13.153,327,NO MOTION,3-Frame Differencing,0,0
2026-07-08 17:57:13.175,328,NO MOTION,3-Frame Differencing,0,0
2026-07-08 17:57:13.197,329,NO MOTION,3-Frame Differencing,0,0
2026-07-08 17:57:13.218,330,NO MOTION,3-Frame Differencing,0,0
2026-07-08 17:57:13.239,331,NO MOTION,3-Frame Differencing,0,0
2026-07-08 17:57:13.258,332,NO MOTION,3-Frame Differencing,0,0
2026-07-08 17:57:13.281,333,NO MOTION,3-Frame Differencing,0,0
2026-07-08 17:57:13.303,334,NO MOTION,3-Frame Differencing,0,0
2026-07-08 17:57:13.322,335,NO MOTION,3-Frame Differencing,0,0
2026-07-08 17:57:13.343,336,NO MOTION,3-Frame Differencing,0,0
2026-07-08 17:57:13.367,337,NO MOTION,3-Frame Differencing,0,0
2026-07-08 17:57:13.387,338,NO MOTION,3-Frame Differencing,0,0
2026-07-08 17:57:13.407,339,NO MOTION,3-Frame Differencing,0,0
2026-07-08 17:57:13.425,340,NO MOTION,3-Frame Differencing,0,0
2026-07-08 17:57:13.451,341,NO MOTION,3-Frame Differencing,0,0
2026-07-08 17:57:13.487,342,NO MOTION,3-Frame Differencing,0,0
2026-07-08 17:57:13.516,343,NO MOTION,3-Frame Differencing,0,0
2026-07-08 17:57:13.546,344,NO MOTION,3-Frame Differencing,0,0
2026-07-08 17:57:13.583,345,NO MOTION,3-Frame Differencing,0,0
2026-07-08 17:57:13.613,346,NO MOTION,3-Frame Differencing,0,0
2026-07-08 17:57:13.634,347,NO MOTION,3-Frame Differencing,0,0
2026-07-08 17:57:13.653,348,NO MOTION,3-Frame Differencing,0,0
2026-07-08 17:57:13.676,349,NO MOTION,3-Frame Differencing,0,0
2026-07-08 17:57:13.708,350,NO MOTION,3-Frame Differencing,0,0
2026-07-08 17:57:13.737,351,NO MOTION,3-Frame Differencing,0,0
2026-07-08 17:57:13.759,352,NO MOTION,3-Frame Differencing,0,0
2026-07-08 17:57:13.819,353,NO MOTION,3-Frame Differencing,0,0
2026-07-08 17:57:13.853,354,NO MOTION,3-Frame Differencing,0,0
2026-07-08 17:57:13.884,355,NO MOTION,3-Frame Differencing,0,0
2026-07-08 17:57:13.917,356,NO MOTION,3-Frame Differencing,0,0
2026-07-08 17:57:13.949,357,NO MOTION,3-Frame Differencing,0,0
2026-07-08 17:57:13.971,358,NO MOTION,3-Frame Differencing,0,0
2026-07-08 17:57:13.989,359,NO MOTION,3-Frame Differencing,0,0
2026-07-08 17:57:14.026,360,NO MOTION,3-Frame Differencing,0,0
2026-07-08 17:57:14.055,361,NO MOTION,3-Frame Differencing,0,0
2026-07-08 17:57:14.089,362,NO MOTION,3-Frame Differencing,0,0
2026-07-08 17:57:14.120,363,NO MOTION,3-Frame Differencing,0,0
2026-07-08 17:57:14.153,364,NO MOTION,3-Frame Differencing,0,0
2026-07-08 17:57:14.175,365,NO MOTION,3-Frame Differencing,0,0
2026-07-08 17:57:14.202,366,NO MOTION,3-Frame Differencing,0,0
2026-07-08 17:57:14.231,367,NO MOTION,3-Frame Differencing,0,0
2026-07-08 17:57:14.267,368,NO MOTION,3-Frame Differencing,0,0
2026-07-08 17:57:14.297,369,NO MOTION,3-Frame Differencing,0,0
2026-07-08 17:57:14.315,370,NO MOTION,3-Frame Differencing,0,0
2026-07-08 17:57:14.335,371,NO MOTION,3-Frame Differencing,0,0
2026-07-08 17:57:14.358,372,NO MOTION,3-Frame Differencing,0,0
2026-07-08 17:57:14.390,373,NO MOTION,3-Frame Differencing,0,0
2026-07-08 17:57:14.423,374,NO MOTION,3-Frame Differencing,0,0
2026-07-08 17:57:14.455,375,NO MOTION,3-Frame Differencing,0,0
2026-07-08 17:57:14.489,376,NO MOTION,3-Frame Differencing,0,0
2026-07-08 17:57:14.518,377,NO MOTION,3-Frame Differencing,0,0
2026-07-08 17:57:14.550,378,NO MOTION,3-Frame Differencing,0,0
2026-07-08 17:57:14.583,379,NO MOTION,3-Frame Differencing,0,0
2026-07-08 17:57:14.615,380,NO MOTION,3-Frame Differencing,0,0
2026-07-08 17:57:14.652,381,NO MOTION,3-Frame Differencing,0,0
2026-07-08 17:57:14.680,382,NO MOTION,3-Frame Differencing,0,0
2026-07-08 17:57:14.700,383,NO MOTION,3-Frame Differencing,0,0
2026-07-08 17:57:14.718,384,NO MOTION,3-Frame Differencing,0,0
2026-07-08 17:57:14.740,385,NO MOTION,3-Frame Differencing,0,0
2026-07-08 17:57:14.765,386,NO MOTION,3-Frame Differencing,0,0
2026-07-08 17:57:14.782,387,NO MOTION,3-Frame Differencing,0,0
2026-07-08 17:57:14.802,388,NO MOTION,3-Frame Differencing,0,0
2026-07-08 17:57:14.822,389,NO MOTION,3-Frame Differencing,0,0
2026-07-08 17:57:14.839,390,NO MOTION,3-Frame Differencing,0,0
2026-07-08 17:57:14.863,391,NO MOTION,3-Frame Differencing,0,0
2026-07-08 17:57:14.881,392,NO MOTION,3-Frame Differencing,0,0
2026-07-08 17:57:14.906,393,NO MOTION,3-Frame Differencing,0,0
2026-07-08 17:57:14.925,394,NO MOTION,3-Frame Differencing,0,0
2026-07-08 17:57:14.949,395,NO MOTION,3-Frame Differencing,0,0
2026-07-08 17:57:14.971,396,NO MOTION,3-Frame Differencing,0,0
2026-07-08 17:57:14.988,397,NO MOTION,3-Frame Differencing,0,0
2026-07-08 17:57:15.008,398,NO MOTION,3-Frame Differencing,0,0
2026-07-08 17:57:15.027,399,NO MOTION,3-Frame Differencing,0,0
2026-07-08 17:57:15.046,400,NO MOTION,3-Frame Differencing,0,0
2026-07-08 17:57:15.064,401,NO MOTION,3-Frame Differencing,0,0
2026-07-08 17:57:15.088,402,NO MOTION,3-Frame Differencing,0,0
2026-07-08 17:57:15.105,403,NO MOTION,3-Frame Differencing,0,0
2026-07-08 17:57:15.122,404,NO MOTION,3-Frame Differencing,0,0
2026-07-08 17:57:15.143,405,NO MOTION,3-Frame Differencing,0,0
2026-07-08 17:57:15.164,406,NO MOTION,3-Frame Differencing,0,0
2026-07-08 17:57:15.181,407,NO MOTION,3-Frame Differencing,0,0
2026-07-08 17:57:15.199,408,NO MOTION,3-Frame Differencing,0,0
2026-07-08 17:57:15.255,409,NO MOTION,3-Frame Differencing,0,0
2026-07-08 17:57:15.281,410,NO MOTION,3-Frame Differencing,0,0
2026-07-08 17:57:15.289,411,NO MOTION,3-Frame Differencing,0,0
2026-07-08 17:57:15.318,412,NO MOTION,3-Frame Differencing,0,0
2026-07-08 17:57:15.338,413,NO MOTION,3-Frame Differencing,0,0
2026-07-08 17:57:15.363,414,NO MOTION,3-Frame Differencing,0,0
2026-07-08 17:57:15.391,415,NO MOTION,3-Frame Differencing,0,0
2026-07-08 17:57:15.408,416,NO MOTION,3-Frame Differencing,0,0
2026-07-08 17:57:15.432,417,NO MOTION,3-Frame Differencing,0,0
2026-07-08 17:57:15.472,418,NO MOTION,3-Frame Differencing,0,0
2026-07-08 17:57:15.493,419,NO MOTION,3-Frame Differencing,0,0
2026-07-08 17:57:15.523,420,NO MOTION,3-Frame Differencing,0,0
2026-07-08 17:57:15.560,421,NO MOTION,3-Frame Differencing,0,0
2026-07-08 17:57:15.593,422,NO MOTION,3-Frame Differencing,0,0
2026-07-08 17:57:15.615,423,NO MOTION,3-Frame Differencing,0,0
2026-07-08 17:57:15.635,424,NO MOTION,3-Frame Differencing,0,0
2026-07-08 17:57:15.673,425,NO MOTION,3-Frame Differencing,0,0
2026-07-08 17:57:15.696,426,NO MOTION,3-Frame Differencing,0,0
2026-07-08 17:57:15.725,427,NO MOTION,3-Frame Differencing,0,0
2026-07-08 17:57:15.758,428,NO MOTION,3-Frame Differencing,0,0
2026-07-08 17:57:15.783,429,NO MOTION,3-Frame Differencing,0,0
2026-07-08 17:57:15.796,430,NO MOTION,3-Frame Differencing,0,0
2026-07-08 17:57:15.830,431,NO MOTION,3-Frame Differencing,0,0
2026-07-08 17:57:15.863,432,NO MOTION,3-Frame Differencing,0,0
2026-07-08 17:57:15.906,433,NO MOTION,3-Frame Differencing,0,0
2026-07-08 17:57:15.925,434,NO MOTION,3-Frame Differencing,0,0
2026-07-08 17:57:15.957,435,NO MOTION,3-Frame Differencing,0,0
2026-07-08 17:57:15.979,436,NO MOTION,3-Frame Differencing,0,0
2026-07-08 17:57:16.013,437,NO MOTION,3-Frame Differencing,0,0
2026-07-08 17:57:16.033,438,NO MOTION,3-Frame Differencing,0,0
2026-07-08 17:57:16.052,439,NO MOTION,3-Frame Differencing,0,0
2026-07-08 17:57:16.072,440,NO MOTION,3-Frame Differencing,0,0
2026-07-08 17:57:16.093,441,NO MOTION,3-Frame Differencing,0,0
2026-07-08 17:57:16.113,442,NO MOTION,3-Frame Differencing,0,0
2026-07-08 17:57:16.131,443,NO MOTION,3-Frame Differencing,0,0
2026-07-08 17:57:16.150,444,NO MOTION,3-Frame Differencing,0,0
2026-07-08 17:57:16.172,445,NO MOTION,3-Frame Differencing,0,0
2026-07-08 17:57:16.201,446,NO MOTION,3-Frame Differencing,0,0
2026-07-08 17:57:16.226,447,NO MOTION,3-Frame Differencing,0,0
2026-07-08 17:57:16.244,448,NO MOTION,3-Frame Differencing,0,0
2026-07-08 17:57:16.266,449,NO MOTION,3-Frame Differencing,0,0
2026-07-08 17:57:16.286,450,NO MOTION,3-Frame Differencing,0,0
2026-07-08 17:57:16.304,451,NO MOTION,3-Frame Differencing,0,0
2026-07-08 17:57:16.322,452,NO MOTION,3-Frame Differencing,0,0
2026-07-08 17:57:16.345,453,NO MOTION,3-Frame Differencing,0,0
2026-07-08 17:57:16.367,454,NO MOTION,3-Frame Differencing,0,0
2026-07-08 17:57:16.384,455,NO MOTION,3-Frame Differencing,0,0
2026-07-08 17:57:16.406,456,NO MOTION,3-Frame Differencing,0,0
2026-07-08 17:57:16.424,457,NO MOTION,3-Frame Differencing,0,0
2026-07-08 17:57:16.448,458,NO MOTION,3-Frame Differencing,0,0
2026-07-08 17:57:16.471,459,NO MOTION,3-Frame Differencing,0,0
2026-07-08 17:57:16.489,460,NO MOTION,3-Frame Differencing,0,0
2026-07-08 17:57:16.511,461,NO MOTION,3-Frame Differencing,0,0
2026-07-08 17:57:16.531,462,NO MOTION,3-Frame Differencing,0,0
2026-07-08 17:57:16.549,463,NO MOTION,3-Frame Differencing,0,0
2026-07-08 17:57:16.565,464,NO MOTION,3-Frame Differencing,0,0
2026-07-08 17:57:16.589,465,NO MOTION,3-Frame Differencing,0,0
2026-07-08 17:57:16.607,466,NO MOTION,3-Frame Differencing,0,0
2026-07-08 17:57:16.621,467,NO MOTION,3-Frame Differencing,0,0
2026-07-08 17:57:16.637,468,NO MOTION,3-Frame Differencing,0,0
2026-07-08 17:57:16.651,469,NO MOTION,3-Frame Differencing,0,0
2026-07-08 17:57:16.668,470,NO MOTION,3-Frame Differencing,0,0
2026-07-08 17:57:16.684,471,NO MOTION,3-Frame Differencing,0,0
2026-07-08 17:57:16.700,472,NO MOTION,3-Frame Differencing,0,0
2026-07-08 17:57:16.719,473,NO MOTION,3-Frame Differencing,0,0
2026-07-08 17:57:16.735,474,NO MOTION,3-Frame Differencing,0,0
2026-07-08 17:57:16.746,475,NO MOTION,3-Frame Differencing,0,0
2026-07-08 17:57:16.763,476,NO MOTION,3-Frame Differencing,0,0
2026-07-08 17:57:16.780,477,NO MOTION,3-Frame Differencing,0,0
2026-07-08 17:57:16.794,478,NO MOTION,3-Frame Differencing,0,0
2026-07-08 17:57:16.813,479,NO MOTION,3-Frame Differencing,0,0
2026-07-08 17:57:16.827,480,NO MOTION,3-Frame Differencing,0,0
2026-07-08 17:57:16.843,481,NO MOTION,3-Frame Differencing,0,0
2026-07-08 17:57:16.861,482,NO MOTION,3-Frame Differencing,0,0
2026-07-08 17:57:16.875,483,NO MOTION,3-Frame Differencing,0,0
2026-07-08 17:57:16.892,484,NO MOTION,3-Frame Differencing,0,0
2026-07-08 17:57:16.907,485,NO MOTION,3-Frame Differencing,0,0
2026-07-08 17:57:16.923,486,NO MOTION,3-Frame Differencing,0,0
2026-07-08 17:57:16.939,487,NO MOTION,3-Frame Differencing,0,0
2026-07-08 17:57:16.954,488,NO MOTION,3-Frame Differencing,0,0
2026-07-08 17:57:16.971,489,NO MOTION,3-Frame Differencing,0,0
2026-07-08 17:57:16.989,490,NO MOTION,3-Frame Differencing,0,0
2026-07-08 17:57:17.005,491,NO MOTION,3-Frame Differencing,0,0
2026-07-08 17:57:17.016,492,NO MOTION,3-Frame Differencing,0,0
2026-07-08 17:57:17.044,493,NO MOTION,3-Frame Differencing,0,0
2026-07-08 17:57:17.073,494,NO MOTION,3-Frame Differencing,0,0
2026-07-08 17:57:17.088,495,NO MOTION,3-Frame Differencing,0,0
2026-07-08 17:57:17.114,496,NO MOTION,3-Frame Differencing,0,0
2026-07-08 17:57:17.151,497,NO MOTION,3-Frame Differencing,0,0
2026-07-08 17:57:17.177,498,NO MOTION,3-Frame Differencing,0,0
2026-07-08 17:57:17.209,499,NO MOTION,3-Frame Differencing,0,0
2026-07-08 17:57:17.241,500,NO MOTION,3-Frame Differencing,0,0
2026-07-08 17:57:17.272,501,NO MOTION,3-Frame Differencing,0,0
2026-07-08 17:57:17.562,502,NO MOTION,3-Frame Differencing,0,0
2026-07-08 17:57:17.660,503,NO MOTION,3-Frame Differencing,0,0
2026-07-08 17:57:17.698,504,NO MOTION,3-Frame Differencing,0,0
2026-07-08 17:57:17.726,505,NO MOTION,3-Frame Differencing,0,0
2026-07-08 17:57:17.758,506,NO MOTION,3-Frame Differencing,0,0
2026-07-08 17:57:17.786,507,NO MOTION,3-Frame Differencing,0,0
2026-07-08 17:57:17.816,508,NO MOTION,3-Frame Differencing,0,0
2026-07-08 17:57:17.845,509,NO MOTION,3-Frame Differencing,0,0
2026-07-08 17:57:17.874,510,NO MOTION,3-Frame Differencing,0,0
2026-07-08 17:57:17.891,511,NO MOTION,3-Frame Differencing,0,0
2026-07-08 17:57:17.935,512,NO MOTION,3-Frame Differencing,0,0
2026-07-08 17:57:17.958,513,NO MOTION,3-Frame Differencing,0,0
2026-07-08 17:57:17.986,514,NO MOTION,3-Frame Differencing,0,0
2026-07-08 17:57:18.012,515,NO MOTION,3-Frame Differencing,0,0
2026-07-08 17:57:18.035,516,NO MOTION,3-Frame Differencing,0,0
2026-07-08 17:57:18.062,517,NO MOTION,3-Frame Differencing,0,0
2026-07-08 17:57:18.085,518,NO MOTION,3-Frame Differencing,0,0
2026-07-08 17:57:18.112,519,NO MOTION,3-Frame Differencing,0,0
2026-07-08 17:57:18.132,520,NO MOTION,3-Frame Differencing,0,0
2026-07-08 17:57:18.157,521,NO MOTION,3-Frame Differencing,0,0
2026-07-08 17:57:18.180,522,NO MOTION,3-Frame Differencing,0,0
2026-07-08 17:57:18.197,523,NO MOTION,3-Frame Differencing,0,0
2026-07-08 17:57:18.226,524,NO MOTION,3-Frame Differencing,0,0
2026-07-08 17:57:18.247,525,NO MOTION,3-Frame Differencing,0,0
2026-07-08 17:57:18.263,526,NO MOTION,3-Frame Differencing,0,0
2026-07-08 17:57:18.295,527,NO MOTION,3-Frame Differencing,0,0
2026-07-08 17:57:18.318,528,NO MOTION,3-Frame Differencing,0,0
2026-07-08 17:57:18.347,529,NO MOTION,3-Frame Differencing,0,0
2026-07-08 17:57:18.364,530,NO MOTION,3-Frame Differencing,0,0
2026-07-08 17:57:18.379,531,NO MOTION,3-Frame Differencing,0,0
2026-07-08 17:57:18.395,532,NO MOTION,3-Frame Differencing,0,0
2026-07-08 17:57:18.430,533,NO MOTION,3-Frame Differencing,0,0
2026-07-08 17:57:18.463,534,NO MOTION,3-Frame Differencing,0,0
2026-07-08 17:57:18.485,535,NO MOTION,3-Frame Differencing,0,0
2026-07-08 17:57:18.510,536,NO MOTION,3-Frame Differencing,0,0
2026-07-08 17:57:18.543,537,NO MOTION,3-Frame Differencing,0,0
2026-07-08 17:57:18.575,538,NO MOTION,3-Frame Differencing,0,0
2026-07-08 17:57:18.606,539,NO MOTION,3-Frame Differencing,0,0
2026-07-08 17:57:18.630,540,NO MOTION,3-Frame Differencing,0,0
2026-07-08 17:57:18.645,541,NO MOTION,3-Frame Differencing,0,0
2026-07-08 17:57:18.667,542,NO MOTION,3-Frame Differencing,0,0
2026-07-08 17:57:18.684,543,NO MOTION,3-Frame Differencing,0,0
2026-07-08 17:57:18.699,544,NO MOTION,3-Frame Differencing,0,0
2026-07-08 17:57:18.713,545,NO MOTION,3-Frame Differencing,0,0
2026-07-08 17:57:18.733,546,NO MOTION,3-Frame Differencing,0,0
2026-07-08 17:57:18.748,547,NO MOTION,3-Frame Differencing,0,0
2026-07-08 17:57:18.766,548,NO MOTION,3-Frame Differencing,0,0
2026-07-08 17:57:18.777,549,NO MOTION,3-Frame Differencing,0,0
2026-07-08 17:57:18.795,550,NO MOTION,3-Frame Differencing,0,0
2026-07-08 17:57:18.813,551,NO MOTION,3-Frame Differencing,0,0
2026-07-08 17:57:18.826,552,NO MOTION,3-Frame Differencing,0,0
2026-07-08 17:57:18.841,553,NO MOTION,3-Frame Differencing,0,0
2026-07-08 17:57:18.877,554,NO MOTION,3-Frame Differencing,0,0
2026-07-08 17:57:18.898,555,NO MOTION,3-Frame Differencing,0,0
2026-07-08 17:57:18.916,556,NO MOTION,3-Frame Differencing,0,0
2026-07-08 17:57:18.933,557,NO MOTION,3-Frame Differencing,0,0
2026-07-08 17:57:18.947,558,NO MOTION,3-Frame Differencing,0,0
2026-07-08 17:57:18.965,559,NO MOTION,3-Frame Differencing,0,0
2026-07-08 17:57:18.979,560,NO MOTION,3-Frame Differencing,0,0
2026-07-08 17:57:18.995,561,NO MOTION,3-Frame Differencing,0,0
2026-07-08 17:57:19.031,562,NO MOTION,3-Frame Differencing,0,0
2026-07-08 17:57:19.060,563,NO MOTION,3-Frame Differencing,0,0
2026-07-08 17:57:19.094,564,NO MOTION,3-Frame Differencing,0,0
2026-07-08 17:57:19.113,565,NO MOTION,3-Frame Differencing,0,0
2026-07-08 17:57:19.147,566,NO MOTION,3-Frame Differencing,0,0
2026-07-08 17:57:19.177,567,NO MOTION,3-Frame Differencing,0,0
2026-07-08 17:57:19.213,568,NO MOTION,3-Frame Differencing,0,0
2026-07-08 17:57:19.278,569,NO MOTION,3-Frame Differencing,0,0
2026-07-08 17:57:19.293,570,NO MOTION,3-Frame Differencing,0,0
2026-07-08 17:57:19.315,571,NO MOTION,3-Frame Differencing,0,0
2026-07-08 17:57:19.333,572,NO MOTION,3-Frame Differencing,0,0
2026-07-08 17:57:19.357,573,NO MOTION,3-Frame Differencing,0,0
2026-07-08 17:57:19.390,574,NO MOTION,3-Frame Differencing,0,0
2026-07-08 17:57:19.429,575,NO MOTION,3-Frame Differencing,0,0
2026-07-08 17:57:19.443,576,NO MOTION,3-Frame Differencing,0,0
2026-07-08 17:57:19.465,577,NO MOTION,3-Frame Differencing,0,0
2026-07-08 17:57:19.494,578,NO MOTION,3-Frame Differencing,0,0
2026-07-08 17:57:19.542,579,NO MOTION,3-Frame Differencing,0,0
2026-07-08 17:57:19.565,580,NO MOTION,3-Frame Differencing,0,0
2026-07-08 17:57:19.579,581,NO MOTION,3-Frame Differencing,0,0
2026-07-08 17:57:19.605,582,NO MOTION,3-Frame Differencing,0,0
2026-07-08 17:57:19.628,583,NO MOTION,3-Frame Differencing,0,0
2026-07-08 17:57:19.648,584,NO MOTION,3-Frame Differencing,0,0
2026-07-08 17:57:19.665,585,NO MOTION,3-Frame Differencing,0,0
2026-07-08 17:57:19.695,586,NO MOTION,3-Frame Differencing,0,0
2026-07-08 17:57:19.722,587,NO MOTION,3-Frame Differencing,0,0
2026-07-08 17:57:19.757,588,NO MOTION,3-Frame Differencing,0,0
2026-07-08 17:57:19.789,589,NO MOTION,3-Frame Differencing,0,0
2026-07-08 17:57:19.820,590,NO MOTION,3-Frame Differencing,0,0
2026-07-08 17:57:19.843,591,NO MOTION,3-Frame Differencing,0,0
2026-07-08 17:57:19.883,592,NO MOTION,3-Frame Differencing,0,0
2026-07-08 17:57:19.913,593,NO MOTION,3-Frame Differencing,0,0
2026-07-08 17:57:19.947,594,NO MOTION,3-Frame Differencing,0,0
2026-07-08 17:57:19.969,595,NO MOTION,3-Frame Differencing,0,0
2026-07-08 17:57:19.993,596,NO MOTION,3-Frame Differencing,0,0
2026-07-08 17:57:20.019,597,NO MOTION,3-Frame Differencing,0,0
2026-07-08 17:57:20.041,598,NO MOTION,3-Frame Differencing,0,0
2026-07-08 17:57:20.073,599,NO MOTION,3-Frame Differencing,0,0
2026-07-08 17:57:20.106,600,NO MOTION,3-Frame Differencing,0,0
2026-07-08 17:57:20.135,601,NO MOTION,3-Frame Differencing,0,0
2026-07-08 17:57:26.398,1,NO MOTION,Background Subtraction (MOG2),0,0
2026-07-08 17:57:26.463,2,NO MOTION,Background Subtraction (MOG2),0,0
2026-07-08 17:57:26.491,3,NO MOTION,Background Subtraction (MOG2),0,0
2026-07-08 17:57:26.516,4,NO MOTION,Background Subtraction (MOG2),0,0
2026-07-08 17:57:26.548,5,NO MOTION,Background Subtraction (MOG2),0,0
2026-07-08 17:57:26.573,6,NO MOTION,Background Subtraction (MOG2),0,0
2026-07-08 17:57:26.594,7,NO MOTION,Background Subtraction (MOG2),0,0
2026-07-08 17:57:26.626,8,NO MOTION,Background Subtraction (MOG2),0,0
2026-07-08 17:57:26.652,9,NO MOTION,Background Subtraction (MOG2),0,0
2026-07-08 17:57:26.680,10,NO MOTION,Background Subtraction (MOG2),0,0
2026-07-08 17:57:26.707,11,NO MOTION,Background Subtraction (MOG2),0,0
2026-07-08 17:57:26.732,12,NO MOTION,Background Subtraction (MOG2),0,0
2026-07-08 17:57:26.756,13,NO MOTION,Background Subtraction (MOG2),0,0
2026-07-08 17:57:26.794,14,NO MOTION,Background Subtraction (MOG2),0,0
2026-07-08 17:57:26.822,15,NO MOTION,Background Subtraction (MOG2),0,0
2026-07-08 17:57:26.855,16,NO MOTION,Background Subtraction (MOG2),0,0
2026-07-08 17:57:26.877,17,NO MOTION,Background Subtraction (MOG2),0,0
2026-07-08 17:57:26.915,18,NO MOTION,Background Subtraction (MOG2),0,0
2026-07-08 17:57:26.942,19,NO MOTION,Background Subtraction (MOG2),0,0
2026-07-08 17:57:26.967,20,NO MOTION,Background Subtraction (MOG2),0,0
2026-07-08 17:57:26.989,21,NO MOTION,Background Subtraction (MOG2),0,0
2026-07-08 17:57:27.023,22,NO MOTION,Background Subtraction (MOG2),0,0
2026-07-08 17:57:27.057,23,NO MOTION,Background Subtraction (MOG2),0,0
2026-07-08 17:57:27.084,24,NO MOTION,Background Subtraction (MOG2),0,0
2026-07-08 17:57:27.119,25,NO MOTION,Background Subtraction (MOG2),0,0
2026-07-08 17:57:27.172,26,NO MOTION,Background Subtraction (MOG2),0,0
2026-07-08 17:57:27.197,27,NO MOTION,Background Subtraction (MOG2),0,0
2026-07-08 17:57:27.222,28,NO MOTION,Background Subtraction (MOG2),0,0
2026-07-08 17:57:27.243,29,NO MOTION,Background Subtraction (MOG2),0,0
2026-07-08 17:57:27.284,30,NO MOTION,Background Subtraction (MOG2),0,0
2026-07-08 17:57:27.313,31,NO MOTION,Background Subtraction (MOG2),0,0
2026-07-08 17:57:27.347,32,NO MOTION,Background Subtraction (MOG2),0,0
2026-07-08 17:57:27.375,33,NO MOTION,Background Subtraction (MOG2),0,0
2026-07-08 17:57:27.407,34,NO MOTION,Background Subtraction (MOG2),0,0
2026-07-08 17:57:27.436,35,NO MOTION,Background Subtraction (MOG2),0,0
2026-07-08 17:57:27.468,36,NO MOTION,Background Subtraction (MOG2),0,0
2026-07-08 17:57:27.501,37,NO MOTION,Background Subtraction (MOG2),0,0
2026-07-08 17:57:27.531,38,NO MOTION,Background Subtraction (MOG2),0,0
2026-07-08 17:57:27.547,39,NO MOTION,Background Subtraction (MOG2),0,0
2026-07-08 17:57:27.579,40,NO MOTION,Background Subtraction (MOG2),0,0
2026-07-08 17:57:27.612,41,NO MOTION,Background Subtraction (MOG2),0,0
2026-07-08 17:57:27.643,42,NO MOTION,Background Subtraction (MOG2),0,0
2026-07-08 17:57:27.671,43,NO MOTION,Background Subtraction (MOG2),0,0
2026-07-08 17:57:27.704,44,NO MOTION,Background Subtraction (MOG2),0,0
2026-07-08 17:57:27.736,45,NO MOTION,Background Subtraction (MOG2),0,0
2026-07-08 17:57:27.768,46,NO MOTION,Background Subtraction (MOG2),0,0
2026-07-08 17:57:27.800,47,NO MOTION,Background Subtraction (MOG2),0,0
2026-07-08 17:57:27.834,48,NO MOTION,Background Subtraction (MOG2),0,0
2026-07-08 17:57:27.856,49,NO MOTION,Background Subtraction (MOG2),0,0
2026-07-08 17:57:27.880,50,NO MOTION,Background Subtraction (MOG2),0,0
2026-07-08 17:57:27.901,51,NO MOTION,Background Subtraction (MOG2),0,0
2026-07-08 17:57:27.930,52,NO MOTION,Background Subtraction (MOG2),0,0
2026-07-08 17:57:27.961,53,NO MOTION,Background Subtraction (MOG2),0,0
2026-07-08 17:57:27.991,54,NO MOTION,Background Subtraction (MOG2),0,0
2026-07-08 17:57:28.032,55,MOTION DETECTED,Background Subtraction (MOG2),1,1
2026-07-08 17:57:28.073,56,MOTION DETECTED,Background Subtraction (MOG2),1,1
2026-07-08 17:57:28.113,57,MOTION DETECTED,Background Subtraction (MOG2),1,1
2026-07-08 17:57:28.155,58,MOTION DETECTED,Background Subtraction (MOG2),1,1
2026-07-08 17:57:28.198,59,MOTION DETECTED,Background Subtraction (MOG2),1,1
2026-07-08 17:57:28.239,60,MOTION DETECTED,Background Subtraction (MOG2),1,1
2026-07-08 17:57:28.281,61,MOTION DETECTED,Background Subtraction (MOG2),1,1
2026-07-08 17:57:28.316,62,NO MOTION,Background Subtraction (MOG2),0,0
2026-07-08 17:57:28.355,63,NO MOTION,Background Subtraction (MOG2),0,0
2026-07-08 17:57:28.390,64,MOTION DETECTED,Background Subtraction (MOG2),1,1
2026-07-08 17:57:28.431,65,MOTION DETECTED,Background Subtraction (MOG2),1,1
2026-07-08 17:57:28.479,66,MOTION DETECTED,Background Subtraction (MOG2),1,1
2026-07-08 17:57:28.524,67,MOTION DETECTED,Background Subtraction (MOG2),1,1
2026-07-08 17:57:28.563,68,MOTION DETECTED,Background Subtraction (MOG2),1,1
2026-07-08 17:57:28.599,69,MOTION DETECTED,Background Subtraction (MOG2),1,1
2026-07-08 17:57:28.635,70,MOTION DETECTED,Background Subtraction (MOG2),1,1
2026-07-08 17:57:28.675,71,NO MOTION,Background Subtraction (MOG2),0,0
2026-07-08 17:57:28.706,72,NO MOTION,Background Subtraction (MOG2),0,0
2026-07-08 17:57:28.736,73,NO MOTION,Background Subtraction (MOG2),0,0
2026-07-08 17:57:28.754,74,NO MOTION,Background Subtraction (MOG2),0,0
2026-07-08 17:57:28.776,75,NO MOTION,Background Subtraction (MOG2),0,0
2026-07-08 17:57:28.805,76,NO MOTION,Background Subtraction (MOG2),0,0
2026-07-08 17:57:28.831,77,NO MOTION,Background Subtraction (MOG2),0,0
2026-07-08 17:57:28.848,78,NO MOTION,Background Subtraction (MOG2),0,0
2026-07-08 17:57:28.873,79,NO MOTION,Background Subtraction (MOG2),0,0
2026-07-08 17:57:28.914,80,MOTION DETECTED,Background Subtraction (MOG2),1,1
2026-07-08 17:57:28.946,81,MOTION DETECTED,Background Subtraction (MOG2),1,1
2026-07-08 17:57:28.973,82,MOTION DETECTED,Background Subtraction (MOG2),1,1
2026-07-08 17:57:28.996,83,MOTION DETECTED,Background Subtraction (MOG2),1,1
2026-07-08 17:57:29.026,84,MOTION DETECTED,Background Subtraction (MOG2),1,1
2026-07-08 17:57:29.060,85,MOTION DETECTED,Background Subtraction (MOG2),1,1
2026-07-08 17:57:29.090,86,MOTION DETECTED,Background Subtraction (MOG2),1,1
2026-07-08 17:57:29.124,87,MOTION DETECTED,Background Subtraction (MOG2),1,1
2026-07-08 17:57:29.160,88,MOTION DETECTED,Background Subtraction (MOG2),1,1
2026-07-08 17:57:29.188,89,MOTION DETECTED,Background Subtraction (MOG2),1,1
2026-07-08 17:57:29.221,90,MOTION DETECTED,Background Subtraction (MOG2),1,1
2026-07-08 17:57:29.257,91,MOTION DETECTED,Background Subtraction (MOG2),1,1
2026-07-08 17:57:29.290,92,MOTION DETECTED,Background Subtraction (MOG2),1,1
2026-07-08 17:57:29.323,93,MOTION DETECTED,Background Subtraction (MOG2),1,1
2026-07-08 17:57:29.355,94,MOTION DETECTED,Background Subtraction (MOG2),1,1
2026-07-08 17:57:29.390,95,MOTION DETECTED,Background Subtraction (MOG2),1,1
2026-07-08 17:57:29.423,96,MOTION DETECTED,Background Subtraction (MOG2),1,1
2026-07-08 17:57:29.456,97,MOTION DETECTED,Background Subtraction (MOG2),1,1
2026-07-08 17:57:29.481,98,MOTION DETECTED,Background Subtraction (MOG2),1,1
2026-07-08 17:57:29.507,99,MOTION DETECTED,Background Subtraction (MOG2),1,1
2026-07-08 17:57:29.541,100,NO MOTION,Background Subtraction (MOG2),0,0
2026-07-08 17:57:29.574,101,NO MOTION,Background Subtraction (MOG2),0,0
2026-07-08 17:57:29.604,102,MOTION DETECTED,Background Subtraction (MOG2),1,1
2026-07-08 17:57:29.641,103,NO MOTION,Background Subtraction (MOG2),0,0
2026-07-08 17:57:29.677,104,MOTION DETECTED,Background Subtraction (MOG2),2,2
2026-07-08 17:57:29.708,105,MOTION DETECTED,Background Subtraction (MOG2),2,2
2026-07-08 17:57:29.743,106,MOTION DETECTED,Background Subtraction (MOG2),2,2
2026-07-08 17:57:29.779,107,MOTION DETECTED,Background Subtraction (MOG2),1,1
2026-07-08 17:57:29.805,108,MOTION DETECTED,Background Subtraction (MOG2),1,1
2026-07-08 17:57:29.835,109,MOTION DETECTED,Background Subtraction (MOG2),1,1
2026-07-08 17:57:29.865,110,MOTION DETECTED,Background Subtraction (MOG2),1,1
2026-07-08 17:57:29.894,111,MOTION DETECTED,Background Subtraction (MOG2),1,1
2026-07-08 17:57:29.921,112,MOTION DETECTED,Background Subtraction (MOG2),1,1
2026-07-08 17:57:29.948,113,NO MOTION,Background Subtraction (MOG2),0,0
2026-07-08 17:57:29.973,114,NO MOTION,Background Subtraction (MOG2),0,0
2026-07-08 17:57:30.005,115,MOTION DETECTED,Background Subtraction (MOG2),1,1
2026-07-08 17:57:30.028,116,MOTION DETECTED,Background Subtraction (MOG2),1,1
2026-07-08 17:57:30.057,117,MOTION DETECTED,Background Subtraction (MOG2),1,1
2026-07-08 17:57:30.091,118,MOTION DETECTED,Background Subtraction (MOG2),1,1
2026-07-08 17:57:30.123,119,MOTION DETECTED,Background Subtraction (MOG2),1,1
2026-07-08 17:57:30.149,120,MOTION DETECTED,Background Subtraction (MOG2),1,1
2026-07-08 17:57:30.188,121,MOTION DETECTED,Background Subtraction (MOG2),1,1
2026-07-08 17:57:30.223,122,MOTION DETECTED,Background Subtraction (MOG2),1,1
2026-07-08 17:57:30.255,123,MOTION DETECTED,Background Subtraction (MOG2),1,1
2026-07-08 17:57:30.289,124,MOTION DETECTED,Background Subtraction (MOG2),1,1
2026-07-08 17:57:30.315,125,NO MOTION,Background Subtraction (MOG2),0,0
2026-07-08 17:57:30.338,126,NO MOTION,Background Subtraction (MOG2),0,0
2026-07-08 17:57:30.363,127,NO MOTION,Background Subtraction (MOG2),0,0
2026-07-08 17:57:30.391,128,NO MOTION,Background Subtraction (MOG2),0,0
2026-07-08 17:57:30.425,129,NO MOTION,Background Subtraction (MOG2),0,0
2026-07-08 17:57:30.460,130,NO MOTION,Background Subtraction (MOG2),0,0
2026-07-08 17:57:30.480,131,NO MOTION,Background Subtraction (MOG2),0,0
2026-07-08 17:57:30.509,132,NO MOTION,Background Subtraction (MOG2),0,0
2026-07-08 17:57:30.536,133,NO MOTION,Background Subtraction (MOG2),0,0
2026-07-08 17:57:30.566,134,NO MOTION,Background Subtraction (MOG2),0,0
2026-07-08 17:57:30.594,135,NO MOTION,Background Subtraction (MOG2),0,0
2026-07-08 17:57:30.617,136,NO MOTION,Background Subtraction (MOG2),0,0
2026-07-08 17:57:30.635,137,NO MOTION,Background Subtraction (MOG2),0,0
2026-07-08 17:57:30.663,138,NO MOTION,Background Subtraction (MOG2),0,0
2026-07-08 17:57:30.682,139,MOTION DETECTED,Background Subtraction (MOG2),1,1
2026-07-08 17:57:30.714,140,MOTION DETECTED,Background Subtraction (MOG2),1,1
2026-07-08 17:57:30.747,141,MOTION DETECTED,Background Subtraction (MOG2),1,1
2026-07-08 17:57:30.774,142,MOTION DETECTED,Background Subtraction (MOG2),1,1
2026-07-08 17:57:30.806,143,MOTION DETECTED,Background Subtraction (MOG2),1,1
2026-07-08 17:57:30.829,144,MOTION DETECTED,Background Subtraction (MOG2),1,1
2026-07-08 17:57:30.872,145,MOTION DETECTED,Background Subtraction (MOG2),1,1
2026-07-08 17:57:30.896,146,MOTION DETECTED,Background Subtraction (MOG2),1,1
2026-07-08 17:57:30.925,147,MOTION DETECTED,Background Subtraction (MOG2),1,1
2026-07-08 17:57:30.955,148,MOTION DETECTED,Background Subtraction (MOG2),1,1
2026-07-08 17:57:30.975,149,MOTION DETECTED,Background Subtraction (MOG2),1,1
2026-07-08 17:57:31.021,150,MOTION DETECTED,Background Subtraction (MOG2),1,1
2026-07-08 17:57:31.055,151,MOTION DETECTED,Background Subtraction (MOG2),1,1
2026-07-08 17:57:31.081,152,MOTION DETECTED,Background Subtraction (MOG2),1,1
2026-07-08 17:57:31.110,153,MOTION DETECTED,Background Subtraction (MOG2),1,1
2026-07-08 17:57:31.143,154,MOTION DETECTED,Background Subtraction (MOG2),1,1
2026-07-08 17:57:31.173,155,MOTION DETECTED,Background Subtraction (MOG2),1,1
2026-07-08 17:57:31.200,156,MOTION DETECTED,Background Subtraction (MOG2),1,1
2026-07-08 17:57:31.227,157,MOTION DETECTED,Background Subtraction (MOG2),1,1
2026-07-08 17:57:31.256,158,MOTION DETECTED,Background Subtraction (MOG2),1,1
2026-07-08 17:57:31.288,159,MOTION DETECTED,Background Subtraction (MOG2),1,1
2026-07-08 17:57:31.310,160,MOTION DETECTED,Background Subtraction (MOG2),1,1
2026-07-08 17:57:31.338,161,MOTION DETECTED,Background Subtraction (MOG2),1,1
2026-07-08 17:57:31.372,162,MOTION DETECTED,Background Subtraction (MOG2),1,1
2026-07-08 17:57:31.405,163,MOTION DETECTED,Background Subtraction (MOG2),1,1
2026-07-08 17:57:31.430,164,MOTION DETECTED,Background Subtraction (MOG2),1,1
2026-07-08 17:57:31.456,165,MOTION DETECTED,Background Subtraction (MOG2),1,1
2026-07-08 17:57:31.490,166,MOTION DETECTED,Background Subtraction (MOG2),1,1
2026-07-08 17:57:31.522,167,MOTION DETECTED,Background Subtraction (MOG2),1,1
2026-07-08 17:57:31.555,168,MOTION DETECTED,Background Subtraction (MOG2),1,1
2026-07-08 17:57:31.589,169,MOTION DETECTED,Background Subtraction (MOG2),1,1
2026-07-08 17:57:31.626,170,MOTION DETECTED,Background Subtraction (MOG2),1,1
2026-07-08 17:57:31.646,171,MOTION DETECTED,Background Subtraction (MOG2),1,1
2026-07-08 17:57:31.675,172,MOTION DETECTED,Background Subtraction (MOG2),1,1
2026-07-08 17:57:31.707,173,MOTION DETECTED,Background Subtraction (MOG2),1,1
2026-07-08 17:57:31.732,174,MOTION DETECTED,Background Subtraction (MOG2),1,1
2026-07-08 17:57:31.752,175,NO MOTION,Background Subtraction (MOG2),0,0
2026-07-08 17:57:31.773,176,NO MOTION,Background Subtraction (MOG2),0,0
2026-07-08 17:57:31.797,177,NO MOTION,Background Subtraction (MOG2),0,0
2026-07-08 17:57:31.831,178,NO MOTION,Background Subtraction (MOG2),0,0
2026-07-08 17:57:31.852,179,NO MOTION,Background Subtraction (MOG2),0,0
2026-07-08 17:57:31.879,180,NO MOTION,Background Subtraction (MOG2),0,0
2026-07-08 17:57:31.913,181,NO MOTION,Background Subtraction (MOG2),0,0
2026-07-08 17:57:31.938,182,NO MOTION,Background Subtraction (MOG2),0,0
2026-07-08 17:57:31.978,183,NO MOTION,Background Subtraction (MOG2),0,0
2026-07-08 17:57:32.008,184,NO MOTION,Background Subtraction (MOG2),0,0
2026-07-08 17:57:32.041,185,NO MOTION,Background Subtraction (MOG2),0,0
2026-07-08 17:57:32.069,186,NO MOTION,Background Subtraction (MOG2),0,0
2026-07-08 17:57:32.100,187,NO MOTION,Background Subtraction (MOG2),0,0
2026-07-08 17:57:32.133,188,NO MOTION,Background Subtraction (MOG2),0,0
2026-07-08 17:57:32.167,189,NO MOTION,Background Subtraction (MOG2),0,0
2026-07-08 17:57:32.186,190,NO MOTION,Background Subtraction (MOG2),0,0
2026-07-08 17:57:32.214,191,NO MOTION,Background Subtraction (MOG2),0,0
2026-07-08 17:57:32.242,192,NO MOTION,Background Subtraction (MOG2),0,0
2026-07-08 17:57:32.276,193,NO MOTION,Background Subtraction (MOG2),0,0
2026-07-08 17:57:32.306,194,NO MOTION,Background Subtraction (MOG2),0,0
2026-07-08 17:57:32.341,195,NO MOTION,Background Subtraction (MOG2),0,0
2026-07-08 17:57:32.374,196,NO MOTION,Background Subtraction (MOG2),0,0
2026-07-08 17:57:32.407,197,MOTION DETECTED,Background Subtraction (MOG2),1,1
2026-07-08 17:57:32.440,198,MOTION DETECTED,Background Subtraction (MOG2),1,1
2026-07-08 17:57:32.475,199,MOTION DETECTED,Background Subtraction (MOG2),1,1
2026-07-08 17:57:32.506,200,MOTION DETECTED,Background Subtraction (MOG2),1,1
2026-07-08 17:57:32.539,201,MOTION DETECTED,Background Subtraction (MOG2),1,1
2026-07-08 17:57:32.602,202,MOTION DETECTED,Background Subtraction (MOG2),1,1
2026-07-08 17:57:32.627,203,MOTION DETECTED,Background Subtraction (MOG2),1,1
2026-07-08 17:57:32.656,204,MOTION DETECTED,Background Subtraction (MOG2),1,1
2026-07-08 17:57:32.690,205,MOTION DETECTED,Background Subtraction (MOG2),1,1
2026-07-08 17:57:32.716,206,MOTION DETECTED,Background Subtraction (MOG2),1,1
2026-07-08 17:57:32.756,207,MOTION DETECTED,Background Subtraction (MOG2),1,1
2026-07-08 17:57:32.789,208,MOTION DETECTED,Background Subtraction (MOG2),1,1
2026-07-08 17:57:32.823,209,MOTION DETECTED,Background Subtraction (MOG2),1,1
2026-07-08 17:57:32.845,210,NO MOTION,Background Subtraction (MOG2),0,0
2026-07-08 17:57:32.869,211,NO MOTION,Background Subtraction (MOG2),0,0
2026-07-08 17:57:32.896,212,NO MOTION,Background Subtraction (MOG2),0,0
2026-07-08 17:57:32.918,213,NO MOTION,Background Subtraction (MOG2),0,0
2026-07-08 17:57:32.944,214,NO MOTION,Background Subtraction (MOG2),0,0
2026-07-08 17:57:32.978,215,NO MOTION,Background Subtraction (MOG2),0,0
2026-07-08 17:57:33.007,216,NO MOTION,Background Subtraction (MOG2),0,0
2026-07-08 17:57:33.038,217,NO MOTION,Background Subtraction (MOG2),0,0
2026-07-08 17:57:33.067,218,NO MOTION,Background Subtraction (MOG2),0,0
2026-07-08 17:57:33.086,219,NO MOTION,Background Subtraction (MOG2),0,0
2026-07-08 17:57:33.113,220,NO MOTION,Background Subtraction (MOG2),0,0
2026-07-08 17:57:33.147,221,NO MOTION,Background Subtraction (MOG2),0,0
2026-07-08 17:57:33.176,222,NO MOTION,Background Subtraction (MOG2),0,0
2026-07-08 17:57:33.209,223,NO MOTION,Background Subtraction (MOG2),0,0
2026-07-08 17:57:33.241,224,NO MOTION,Background Subtraction (MOG2),0,0
2026-07-08 17:57:33.273,225,NO MOTION,Background Subtraction (MOG2),0,0
2026-07-08 17:57:33.304,226,NO MOTION,Background Subtraction (MOG2),0,0
2026-07-08 17:57:33.341,227,NO MOTION,Background Subtraction (MOG2),0,0
2026-07-08 17:57:33.372,228,NO MOTION,Background Subtraction (MOG2),0,0
2026-07-08 17:57:33.404,229,NO MOTION,Background Subtraction (MOG2),0,0
2026-07-08 17:57:33.436,230,NO MOTION,Background Subtraction (MOG2),0,0
2026-07-08 17:57:33.466,231,NO MOTION,Background Subtraction (MOG2),0,0
2026-07-08 17:57:33.487,232,NO MOTION,Background Subtraction (MOG2),0,0
2026-07-08 17:57:33.514,233,NO MOTION,Background Subtraction (MOG2),0,0
2026-07-08 17:57:33.535,234,NO MOTION,Background Subtraction (MOG2),0,0
2026-07-08 17:57:33.563,235,NO MOTION,Background Subtraction (MOG2),0,0
2026-07-08 17:57:33.588,236,NO MOTION,Background Subtraction (MOG2),0,0
2026-07-08 17:57:33.625,237,NO MOTION,Background Subtraction (MOG2),0,0
2026-07-08 17:57:33.656,238,NO MOTION,Background Subtraction (MOG2),0,0
2026-07-08 17:57:33.690,239,NO MOTION,Background Subtraction (MOG2),0,0
2026-07-08 17:57:33.755,240,NO MOTION,Background Subtraction (MOG2),0,0
2026-07-08 17:57:33.785,241,NO MOTION,Background Subtraction (MOG2),0,0
2026-07-08 17:57:33.817,242,NO MOTION,Background Subtraction (MOG2),0,0
2026-07-08 17:57:33.844,243,NO MOTION,Background Subtraction (MOG2),0,0
2026-07-08 17:57:33.880,244,NO MOTION,Background Subtraction (MOG2),0,0
2026-07-08 17:57:33.912,245,NO MOTION,Background Subtraction (MOG2),0,0
2026-07-08 17:57:33.943,246,NO MOTION,Background Subtraction (MOG2),0,0
2026-07-08 17:57:33.971,247,NO MOTION,Background Subtraction (MOG2),0,0
2026-07-08 17:57:34.000,248,NO MOTION,Background Subtraction (MOG2),0,0
2026-07-08 17:57:34.018,249,NO MOTION,Background Subtraction (MOG2),0,0
2026-07-08 17:57:34.036,250,NO MOTION,Background Subtraction (MOG2),0,0
2026-07-08 17:57:34.065,251,NO MOTION,Background Subtraction (MOG2),0,0
2026-07-08 17:57:34.096,252,NO MOTION,Background Subtraction (MOG2),0,0
2026-07-08 17:57:34.126,253,NO MOTION,Background Subtraction (MOG2),0,0
2026-07-08 17:57:34.158,254,NO MOTION,Background Subtraction (MOG2),0,0
2026-07-08 17:57:34.191,255,NO MOTION,Background Subtraction (MOG2),0,0
2026-07-08 17:57:34.213,256,NO MOTION,Background Subtraction (MOG2),0,0
2026-07-08 17:57:34.236,257,NO MOTION,Background Subtraction (MOG2),0,0
2026-07-08 17:57:34.264,258,NO MOTION,Background Subtraction (MOG2),0,0
2026-07-08 17:57:34.300,259,NO MOTION,Background Subtraction (MOG2),0,0
2026-07-08 17:57:34.331,260,NO MOTION,Background Subtraction (MOG2),0,0
2026-07-08 17:57:34.362,261,NO MOTION,Background Subtraction (MOG2),0,0
2026-07-08 17:57:34.396,262,NO MOTION,Background Subtraction (MOG2),0,0
2026-07-08 17:57:34.424,263,NO MOTION,Background Subtraction (MOG2),0,0
2026-07-08 17:57:34.460,264,NO MOTION,Background Subtraction (MOG2),0,0
2026-07-08 17:57:34.491,265,NO MOTION,Background Subtraction (MOG2),0,0
2026-07-08 17:57:34.519,266,NO MOTION,Background Subtraction (MOG2),0,0
2026-07-08 17:57:34.550,267,NO MOTION,Background Subtraction (MOG2),0,0
2026-07-08 17:57:34.588,268,NO MOTION,Background Subtraction (MOG2),0,0
2026-07-08 17:57:34.620,269,NO MOTION,Background Subtraction (MOG2),0,0
2026-07-08 17:57:34.653,270,NO MOTION,Background Subtraction (MOG2),0,0
2026-07-08 17:57:34.684,271,NO MOTION,Background Subtraction (MOG2),0,0
2026-07-08 17:57:34.716,272,NO MOTION,Background Subtraction (MOG2),0,0
2026-07-08 17:57:34.748,273,NO MOTION,Background Subtraction (MOG2),0,0
2026-07-08 17:57:34.766,274,NO MOTION,Background Subtraction (MOG2),0,0
2026-07-08 17:57:34.797,275,NO MOTION,Background Subtraction (MOG2),0,0
2026-07-08 17:57:34.823,276,NO MOTION,Background Subtraction (MOG2),0,0
2026-07-08 17:57:34.855,277,NO MOTION,Background Subtraction (MOG2),0,0
2026-07-08 17:57:34.886,278,NO MOTION,Background Subtraction (MOG2),0,0
2026-07-08 17:57:34.918,279,NO MOTION,Background Subtraction (MOG2),0,0
2026-07-08 17:57:34.950,280,NO MOTION,Background Subtraction (MOG2),0,0
2026-07-08 17:57:34.972,281,NO MOTION,Background Subtraction (MOG2),0,0
2026-07-08 17:57:34.998,282,NO MOTION,Background Subtraction (MOG2),0,0
2026-07-08 17:57:35.031,283,NO MOTION,Background Subtraction (MOG2),0,0
2026-07-08 17:57:35.063,284,NO MOTION,Background Subtraction (MOG2),0,0
2026-07-08 17:57:35.093,285,NO MOTION,Background Subtraction (MOG2),0,0
2026-07-08 17:57:35.126,286,NO MOTION,Background Subtraction (MOG2),0,0
2026-07-08 17:57:35.158,287,NO MOTION,Background Subtraction (MOG2),0,0
2026-07-08 17:57:35.191,288,NO MOTION,Background Subtraction (MOG2),0,0
2026-07-08 17:57:35.222,289,NO MOTION,Background Subtraction (MOG2),0,0
2026-07-08 17:57:35.255,290,NO MOTION,Background Subtraction (MOG2),0,0
2026-07-08 17:57:35.286,291,NO MOTION,Background Subtraction (MOG2),0,0
2026-07-08 17:57:35.319,292,NO MOTION,Background Subtraction (MOG2),0,0
2026-07-08 17:57:35.355,293,NO MOTION,Background Subtraction (MOG2),0,0
2026-07-08 17:57:35.379,294,NO MOTION,Background Subtraction (MOG2),0,0
2026-07-08 17:57:35.413,295,NO MOTION,Background Subtraction (MOG2),0,0
2026-07-08 17:57:35.445,296,NO MOTION,Background Subtraction (MOG2),0,0
2026-07-08 17:57:35.476,297,NO MOTION,Background Subtraction (MOG2),0,0
2026-07-08 17:57:35.508,298,NO MOTION,Background Subtraction (MOG2),0,0
2026-07-08 17:57:35.540,299,NO MOTION,Background Subtraction (MOG2),0,0
2026-07-08 17:57:35.571,300,NO MOTION,Background Subtraction (MOG2),0,0
2026-07-08 17:57:35.603,301,NO MOTION,Background Subtraction (MOG2),0,0
2026-07-08 17:57:35.635,302,NO MOTION,Background Subtraction (MOG2),0,0
2026-07-08 17:57:35.667,303,NO MOTION,Background Subtraction (MOG2),0,0
2026-07-08 17:57:35.690,304,NO MOTION,Background Subtraction (MOG2),0,0
2026-07-08 17:57:35.715,305,NO MOTION,Background Subtraction (MOG2),0,0
2026-07-08 17:57:35.747,306,NO MOTION,Background Subtraction (MOG2),0,0
2026-07-08 17:57:35.779,307,NO MOTION,Background Subtraction (MOG2),0,0
2026-07-08 17:57:35.805,308,NO MOTION,Background Subtraction (MOG2),0,0
2026-07-08 17:57:35.837,309,NO MOTION,Background Subtraction (MOG2),0,0
2026-07-08 17:57:35.869,310,NO MOTION,Background Subtraction (MOG2),0,0
2026-07-08 17:57:35.902,311,NO MOTION,Background Subtraction (MOG2),0,0
2026-07-08 17:57:35.932,312,NO MOTION,Background Subtraction (MOG2),0,0
2026-07-08 17:57:35.950,313,NO MOTION,Background Subtraction (MOG2),0,0
2026-07-08 17:57:35.996,314,NO MOTION,Background Subtraction (MOG2),0,0
2026-07-08 17:57:36.030,315,NO MOTION,Background Subtraction (MOG2),0,0
2026-07-08 17:57:36.061,316,NO MOTION,Background Subtraction (MOG2),0,0
2026-07-08 17:57:36.093,317,NO MOTION,Background Subtraction (MOG2),0,0
2026-07-08 17:57:36.126,318,NO MOTION,Background Subtraction (MOG2),0,0
2026-07-08 17:57:36.156,319,NO MOTION,Background Subtraction (MOG2),0,0
2026-07-08 17:57:36.191,320,NO MOTION,Background Subtraction (MOG2),0,0
2026-07-08 17:57:36.220,321,NO MOTION,Background Subtraction (MOG2),0,0
2026-07-08 17:57:36.253,322,NO MOTION,Background Subtraction (MOG2),0,0
2026-07-08 17:57:36.277,323,NO MOTION,Background Subtraction (MOG2),0,0
2026-07-08 17:57:36.302,324,NO MOTION,Background Subtraction (MOG2),0,0
2026-07-08 17:57:36.330,325,NO MOTION,Background Subtraction (MOG2),0,0
2026-07-08 17:57:36.350,326,NO MOTION,Background Subtraction (MOG2),0,0
2026-07-08 17:57:36.387,327,NO MOTION,Background Subtraction (MOG2),0,0
2026-07-08 17:57:36.419,328,NO MOTION,Background Subtraction (MOG2),0,0
2026-07-08 17:57:36.451,329,NO MOTION,Background Subtraction (MOG2),0,0
2026-07-08 17:57:36.483,330,NO MOTION,Background Subtraction (MOG2),0,0
2026-07-08 17:57:36.506,331,NO MOTION,Background Subtraction (MOG2),0,0
2026-07-08 17:57:36.532,332,NO MOTION,Background Subtraction (MOG2),0,0
2026-07-08 17:57:36.555,333,NO MOTION,Background Subtraction (MOG2),0,0
2026-07-08 17:57:36.593,334,NO MOTION,Background Subtraction (MOG2),0,0
2026-07-08 17:57:36.625,335,NO MOTION,Background Subtraction (MOG2),0,0
2026-07-08 17:57:36.658,336,NO MOTION,Background Subtraction (MOG2),0,0
2026-07-08 17:57:36.724,337,MOTION DETECTED,Background Subtraction (MOG2),1,1
2026-07-08 17:57:36.758,338,MOTION DETECTED,Background Subtraction (MOG2),1,1
2026-07-08 17:57:36.798,339,MOTION DETECTED,Background Subtraction (MOG2),1,1
2026-07-08 17:57:36.834,340,MOTION DETECTED,Background Subtraction (MOG2),1,1
2026-07-08 17:57:36.866,341,MOTION DETECTED,Background Subtraction (MOG2),1,1
2026-07-08 17:57:36.897,342,MOTION DETECTED,Background Subtraction (MOG2),1,1
2026-07-08 17:57:36.927,343,MOTION DETECTED,Background Subtraction (MOG2),1,1
2026-07-08 17:57:36.960,344,MOTION DETECTED,Background Subtraction (MOG2),1,1
2026-07-08 17:57:36.997,345,MOTION DETECTED,Background Subtraction (MOG2),1,1
2026-07-08 17:57:37.028,346,MOTION DETECTED,Background Subtraction (MOG2),1,1
2026-07-08 17:57:37.071,347,MOTION DETECTED,Background Subtraction (MOG2),1,1
2026-07-08 17:57:37.108,348,MOTION DETECTED,Background Subtraction (MOG2),1,1
2026-07-08 17:57:37.145,349,MOTION DETECTED,Background Subtraction (MOG2),1,1
2026-07-08 17:57:37.180,350,MOTION DETECTED,Background Subtraction (MOG2),1,1
2026-07-08 17:57:37.220,351,MOTION DETECTED,Background Subtraction (MOG2),1,1
2026-07-08 17:57:37.255,352,MOTION DETECTED,Background Subtraction (MOG2),1,1
2026-07-08 17:57:37.278,353,NO MOTION,Background Subtraction (MOG2),0,0
2026-07-08 17:57:37.301,354,NO MOTION,Background Subtraction (MOG2),0,0
2026-07-08 17:57:37.320,355,NO MOTION,Background Subtraction (MOG2),0,0
2026-07-08 17:57:37.352,356,MOTION DETECTED,Background Subtraction (MOG2),1,1
2026-07-08 17:57:37.379,357,MOTION DETECTED,Background Subtraction (MOG2),1,1
2026-07-08 17:57:37.400,358,NO MOTION,Background Subtraction (MOG2),0,0
2026-07-08 17:57:37.425,359,MOTION DETECTED,Background Subtraction (MOG2),1,1
2026-07-08 17:57:37.455,360,MOTION DETECTED,Background Subtraction (MOG2),1,1
2026-07-08 17:57:37.479,361,NO MOTION,Background Subtraction (MOG2),0,0
2026-07-08 17:57:37.508,362,NO MOTION,Background Subtraction (MOG2),0,0
2026-07-08 17:57:37.540,363,NO MOTION,Background Subtraction (MOG2),0,0
2026-07-08 17:57:37.573,364,NO MOTION,Background Subtraction (MOG2),0,0
2026-07-08 17:57:37.595,365,NO MOTION,Background Subtraction (MOG2),0,0
2026-07-08 17:57:37.614,366,NO MOTION,Background Subtraction (MOG2),0,0
2026-07-08 17:57:37.632,367,NO MOTION,Background Subtraction (MOG2),0,0
2026-07-08 17:57:37.647,368,NO MOTION,Background Subtraction (MOG2),0,0
2026-07-08 17:57:37.667,369,NO MOTION,Background Subtraction (MOG2),0,0
2026-07-08 17:57:37.685,370,NO MOTION,Background Subtraction (MOG2),0,0
2026-07-08 17:57:37.704,371,NO MOTION,Background Subtraction (MOG2),0,0
2026-07-08 17:57:37.724,372,NO MOTION,Background Subtraction (MOG2),0,0
2026-07-08 17:57:37.742,373,NO MOTION,Background Subtraction (MOG2),0,0
2026-07-08 17:57:37.764,374,NO MOTION,Background Subtraction (MOG2),0,0
2026-07-08 17:57:37.781,375,NO MOTION,Background Subtraction (MOG2),0,0
2026-07-08 17:57:37.798,376,NO MOTION,Background Subtraction (MOG2),0,0
2026-07-08 17:57:37.821,377,NO MOTION,Background Subtraction (MOG2),0,0
2026-07-08 17:57:37.840,378,NO MOTION,Background Subtraction (MOG2),0,0
2026-07-08 17:57:37.853,379,NO MOTION,Background Subtraction (MOG2),0,0
2026-07-08 17:57:37.877,380,NO MOTION,Background Subtraction (MOG2),0,0
2026-07-08 17:57:37.897,381,NO MOTION,Background Subtraction (MOG2),0,0
2026-07-08 17:57:37.915,382,NO MOTION,Background Subtraction (MOG2),0,0
2026-07-08 17:57:37.933,383,NO MOTION,Background Subtraction (MOG2),0,0
2026-07-08 17:57:37.951,384,NO MOTION,Background Subtraction (MOG2),0,0
2026-07-08 17:57:37.971,385,NO MOTION,Background Subtraction (MOG2),0,0
2026-07-08 17:57:37.992,386,NO MOTION,Background Subtraction (MOG2),0,0
2026-07-08 17:57:38.014,387,NO MOTION,Background Subtraction (MOG2),0,0
2026-07-08 17:57:38.032,388,NO MOTION,Background Subtraction (MOG2),0,0
2026-07-08 17:57:38.070,389,NO MOTION,Background Subtraction (MOG2),0,0
2026-07-08 17:57:38.095,390,NO MOTION,Background Subtraction (MOG2),0,0
2026-07-08 17:57:38.128,391,NO MOTION,Background Subtraction (MOG2),0,0
2026-07-08 17:57:38.159,392,NO MOTION,Background Subtraction (MOG2),0,0
2026-07-08 17:57:38.191,393,NO MOTION,Background Subtraction (MOG2),0,0
2026-07-08 17:57:38.221,394,NO MOTION,Background Subtraction (MOG2),0,0
2026-07-08 17:57:38.253,395,NO MOTION,Background Subtraction (MOG2),0,0
2026-07-08 17:57:38.285,396,NO MOTION,Background Subtraction (MOG2),0,0
2026-07-08 17:57:38.317,397,NO MOTION,Background Subtraction (MOG2),0,0
2026-07-08 17:57:38.352,398,NO MOTION,Background Subtraction (MOG2),0,0
2026-07-08 17:57:38.384,399,NO MOTION,Background Subtraction (MOG2),0,0
2026-07-08 17:57:38.400,400,NO MOTION,Background Subtraction (MOG2),0,0
2026-07-08 17:57:38.432,401,NO MOTION,Background Subtraction (MOG2),0,0
2026-07-08 17:57:38.456,402,NO MOTION,Background Subtraction (MOG2),0,0
2026-07-08 17:57:38.479,403,NO MOTION,Background Subtraction (MOG2),0,0
2026-07-08 17:57:38.512,404,NO MOTION,Background Subtraction (MOG2),0,0
2026-07-08 17:57:38.543,405,NO MOTION,Background Subtraction (MOG2),0,0
2026-07-08 17:57:38.575,406,NO MOTION,Background Subtraction (MOG2),0,0
2026-07-08 17:57:38.607,407,NO MOTION,Background Subtraction (MOG2),0,0
2026-07-08 17:57:38.638,408,NO MOTION,Background Subtraction (MOG2),0,0
2026-07-08 17:57:38.671,409,NO MOTION,Background Subtraction (MOG2),0,0
2026-07-08 17:57:38.704,410,NO MOTION,Background Subtraction (MOG2),0,0
2026-07-08 17:57:38.736,411,NO MOTION,Background Subtraction (MOG2),0,0
2026-07-08 17:57:38.767,412,NO MOTION,Background Subtraction (MOG2),0,0
2026-07-08 17:57:38.794,413,NO MOTION,Background Subtraction (MOG2),0,0
2026-07-08 17:57:38.821,414,NO MOTION,Background Subtraction (MOG2),0,0
2026-07-08 17:57:38.855,415,NO MOTION,Background Subtraction (MOG2),0,0
2026-07-08 17:57:38.886,416,NO MOTION,Background Subtraction (MOG2),0,0
2026-07-08 17:57:38.917,417,NO MOTION,Background Subtraction (MOG2),0,0
2026-07-08 17:57:38.949,418,NO MOTION,Background Subtraction (MOG2),0,0
2026-07-08 17:57:38.966,419,NO MOTION,Background Subtraction (MOG2),0,0
2026-07-08 17:57:38.998,420,NO MOTION,Background Subtraction (MOG2),0,0
2026-07-08 17:57:39.016,421,NO MOTION,Background Subtraction (MOG2),0,0
2026-07-08 17:57:39.047,422,NO MOTION,Background Subtraction (MOG2),0,0
2026-07-08 17:57:39.078,423,NO MOTION,Background Subtraction (MOG2),0,0
2026-07-08 17:57:39.111,424,NO MOTION,Background Subtraction (MOG2),0,0
2026-07-08 17:57:39.142,425,NO MOTION,Background Subtraction (MOG2),0,0
2026-07-08 17:57:39.164,426,NO MOTION,Background Subtraction (MOG2),0,0
2026-07-08 17:57:39.190,427,NO MOTION,Background Subtraction (MOG2),0,0
2026-07-08 17:57:39.219,428,NO MOTION,Background Subtraction (MOG2),0,0
2026-07-08 17:57:39.250,429,NO MOTION,Background Subtraction (MOG2),0,0
2026-07-08 17:57:39.268,430,NO MOTION,Background Subtraction (MOG2),0,0
2026-07-08 17:57:39.298,431,NO MOTION,Background Subtraction (MOG2),0,0
2026-07-08 17:57:39.331,432,NO MOTION,Background Subtraction (MOG2),0,0
2026-07-08 17:57:39.513,433,NO MOTION,Background Subtraction (MOG2),0,0
2026-07-08 17:57:39.541,434,NO MOTION,Background Subtraction (MOG2),0,0
2026-07-08 17:57:39.570,435,NO MOTION,Background Subtraction (MOG2),0,0
2026-07-08 17:57:39.601,436,NO MOTION,Background Subtraction (MOG2),0,0
2026-07-08 17:57:39.618,437,NO MOTION,Background Subtraction (MOG2),0,0
2026-07-08 17:57:39.650,438,NO MOTION,Background Subtraction (MOG2),0,0
2026-07-08 17:57:39.670,439,NO MOTION,Background Subtraction (MOG2),0,0
2026-07-08 17:57:39.696,440,NO MOTION,Background Subtraction (MOG2),0,0
2026-07-08 17:57:39.728,441,NO MOTION,Background Subtraction (MOG2),0,0
2026-07-08 17:57:39.761,442,NO MOTION,Background Subtraction (MOG2),0,0
2026-07-08 17:57:39.791,443,NO MOTION,Background Subtraction (MOG2),0,0
2026-07-08 17:57:39.825,444,NO MOTION,Background Subtraction (MOG2),0,0
2026-07-08 17:57:39.857,445,NO MOTION,Background Subtraction (MOG2),0,0
2026-07-08 17:57:39.889,446,NO MOTION,Background Subtraction (MOG2),0,0
2026-07-08 17:57:39.921,447,NO MOTION,Background Subtraction (MOG2),0,0
2026-07-08 17:57:39.953,448,NO MOTION,Background Subtraction (MOG2),0,0
2026-07-08 17:57:39.986,449,NO MOTION,Background Subtraction (MOG2),0,0
2026-07-08 17:57:40.017,450,NO MOTION,Background Subtraction (MOG2),0,0
2026-07-08 17:57:40.040,451,NO MOTION,Background Subtraction (MOG2),0,0
2026-07-08 17:57:40.079,452,NO MOTION,Background Subtraction (MOG2),0,0
2026-07-08 17:57:40.112,453,NO MOTION,Background Subtraction (MOG2),0,0
2026-07-08 17:57:40.138,454,NO MOTION,Background Subtraction (MOG2),0,0
2026-07-08 17:57:40.172,455,NO MOTION,Background Subtraction (MOG2),0,0
2026-07-08 17:57:40.202,456,NO MOTION,Background Subtraction (MOG2),0,0
2026-07-08 17:57:40.235,457,NO MOTION,Background Subtraction (MOG2),0,0
2026-07-08 17:57:40.266,458,NO MOTION,Background Subtraction (MOG2),0,0
2026-07-08 17:57:40.290,459,NO MOTION,Background Subtraction (MOG2),0,0
2026-07-08 17:57:40.329,460,NO MOTION,Background Subtraction (MOG2),0,0
2026-07-08 17:57:40.363,461,NO MOTION,Background Subtraction (MOG2),0,0
2026-07-08 17:57:40.394,462,NO MOTION,Background Subtraction (MOG2),0,0
2026-07-08 17:57:40.422,463,NO MOTION,Background Subtraction (MOG2),0,0
2026-07-08 17:57:40.456,464,NO MOTION,Background Subtraction (MOG2),0,0
2026-07-08 17:57:40.489,465,NO MOTION,Background Subtraction (MOG2),0,0
2026-07-08 17:57:40.519,466,NO MOTION,Background Subtraction (MOG2),0,0
2026-07-08 17:57:40.551,467,NO MOTION,Background Subtraction (MOG2),0,0
2026-07-08 17:57:40.582,468,NO MOTION,Background Subtraction (MOG2),0,0
2026-07-08 17:57:40.606,469,NO MOTION,Background Subtraction (MOG2),0,0
2026-07-08 17:57:40.639,470,NO MOTION,Background Subtraction (MOG2),0,0
2026-07-08 17:57:40.686,471,NO MOTION,Background Subtraction (MOG2),0,0
2026-07-08 17:57:40.719,472,NO MOTION,Background Subtraction (MOG2),0,0
2026-07-08 17:57:40.752,473,NO MOTION,Background Subtraction (MOG2),0,0
2026-07-08 17:57:40.806,474,NO MOTION,Background Subtraction (MOG2),0,0
2026-07-08 17:57:40.832,475,NO MOTION,Background Subtraction (MOG2),0,0
2026-07-08 17:57:40.856,476,NO MOTION,Background Subtraction (MOG2),0,0
2026-07-08 17:57:40.879,477,NO MOTION,Background Subtraction (MOG2),0,0
2026-07-08 17:57:40.908,478,NO MOTION,Background Subtraction (MOG2),0,0
2026-07-08 17:57:40.938,479,NO MOTION,Background Subtraction (MOG2),0,0
2026-07-08 17:57:40.976,480,MOTION DETECTED,Background Subtraction (MOG2),1,1
2026-07-08 17:57:41.005,481,NO MOTION,Background Subtraction (MOG2),0,0
2026-07-08 17:57:41.034,482,NO MOTION,Background Subtraction (MOG2),0,0
2026-07-08 17:57:41.062,483,NO MOTION,Background Subtraction (MOG2),0,0
2026-07-08 17:57:41.087,484,NO MOTION,Background Subtraction (MOG2),0,0
2026-07-08 17:57:41.119,485,NO MOTION,Background Subtraction (MOG2),0,0
2026-07-08 17:57:41.154,486,NO MOTION,Background Subtraction (MOG2),0,0
2026-07-08 17:57:41.423,487,NO MOTION,Background Subtraction (MOG2),0,0
2026-07-08 17:57:41.494,488,NO MOTION,Background Subtraction (MOG2),0,0
2026-07-08 17:57:41.523,489,NO MOTION,Background Subtraction (MOG2),0,0
2026-07-08 17:57:41.546,490,NO MOTION,Background Subtraction (MOG2),0,0
2026-07-08 17:57:41.582,491,NO MOTION,Background Subtraction (MOG2),0,0
2026-07-08 17:57:41.611,492,NO MOTION,Background Subtraction (MOG2),0,0
2026-07-08 17:57:41.651,493,NO MOTION,Background Subtraction (MOG2),0,0
2026-07-08 17:57:41.681,494,NO MOTION,Background Subtraction (MOG2),0,0
2026-07-08 17:57:41.713,495,NO MOTION,Background Subtraction (MOG2),0,0
2026-07-08 17:57:41.744,496,NO MOTION,Background Subtraction (MOG2),0,0
2026-07-08 17:57:41.780,497,NO MOTION,Background Subtraction (MOG2),0,0
2026-07-08 17:57:41.808,498,NO MOTION,Background Subtraction (MOG2),0,0
2026-07-08 17:57:41.840,499,NO MOTION,Background Subtraction (MOG2),0,0
2026-07-08 17:57:41.875,500,NO MOTION,Background Subtraction (MOG2),0,0
2026-07-08 17:57:41.903,501,NO MOTION,Background Subtraction (MOG2),0,0
2026-07-08 17:57:41.935,502,NO MOTION,Background Subtraction (MOG2),0,0
2026-07-08 17:57:41.963,503,NO MOTION,Background Subtraction (MOG2),0,0
2026-07-08 17:57:41.990,504,NO MOTION,Background Subtraction (MOG2),0,0
2026-07-08 17:57:42.021,505,NO MOTION,Background Subtraction (MOG2),0,0
2026-07-08 17:57:42.056,506,NO MOTION,Background Subtraction (MOG2),0,0
2026-07-08 17:57:42.087,507,NO MOTION,Background Subtraction (MOG2),0,0
2026-07-08 17:57:42.118,508,NO MOTION,Background Subtraction (MOG2),0,0
2026-07-08 17:57:42.182,509,NO MOTION,Background Subtraction (MOG2),0,0
2026-07-08 17:57:42.206,510,NO MOTION,Background Subtraction (MOG2),0,0
2026-07-08 17:57:42.231,511,NO MOTION,Background Subtraction (MOG2),0,0
2026-07-08 17:57:42.255,512,NO MOTION,Background Subtraction (MOG2),0,0
2026-07-08 17:57:42.279,513,NO MOTION,Background Subtraction (MOG2),0,0
2026-07-08 17:57:42.309,514,NO MOTION,Background Subtraction (MOG2),0,0
2026-07-08 17:57:42.332,515,NO MOTION,Background Subtraction (MOG2),0,0
2026-07-08 17:57:42.346,516,NO MOTION,Background Subtraction (MOG2),0,0
2026-07-08 17:57:42.369,517,NO MOTION,Background Subtraction (MOG2),0,0
2026-07-08 17:57:42.389,518,NO MOTION,Background Subtraction (MOG2),0,0
2026-07-08 17:57:42.407,519,NO MOTION,Background Subtraction (MOG2),0,0
2026-07-08 17:57:42.428,520,NO MOTION,Background Subtraction (MOG2),0,0
2026-07-08 17:57:42.442,521,NO MOTION,Background Subtraction (MOG2),0,0
2026-07-08 17:57:42.463,522,NO MOTION,Background Subtraction (MOG2),0,0
2026-07-08 17:57:42.484,523,NO MOTION,Background Subtraction (MOG2),0,0
2026-07-08 17:57:42.503,524,NO MOTION,Background Subtraction (MOG2),0,0
2026-07-08 17:57:42.519,525,NO MOTION,Background Subtraction (MOG2),0,0
2026-07-08 17:57:42.540,526,NO MOTION,Background Subtraction (MOG2),0,0
2026-07-08 17:57:42.562,527,NO MOTION,Background Subtraction (MOG2),0,0
2026-07-08 17:57:42.584,528,NO MOTION,Background Subtraction (MOG2),0,0
2026-07-08 17:57:42.594,529,NO MOTION,Background Subtraction (MOG2),0,0
2026-07-08 17:57:42.633,530,NO MOTION,Background Subtraction (MOG2),0,0
2026-07-08 17:57:42.651,531,NO MOTION,Background Subtraction (MOG2),0,0
2026-07-08 17:57:42.669,532,NO MOTION,Background Subtraction (MOG2),0,0
2026-07-08 17:57:42.696,533,NO MOTION,Background Subtraction (MOG2),0,0
2026-07-08 17:57:42.728,534,NO MOTION,Background Subtraction (MOG2),0,0
2026-07-08 17:57:42.745,535,NO MOTION,Background Subtraction (MOG2),0,0
2026-07-08 17:57:42.763,536,NO MOTION,Background Subtraction (MOG2),0,0
2026-07-08 17:57:42.786,537,NO MOTION,Background Subtraction (MOG2),0,0
2026-07-08 17:57:42.815,538,NO MOTION,Background Subtraction (MOG2),0,0
2026-07-08 17:57:42.834,539,NO MOTION,Background Subtraction (MOG2),0,0
2026-07-08 17:57:42.850,540,NO MOTION,Background Subtraction (MOG2),0,0
2026-07-08 17:57:42.878,541,NO MOTION,Background Subtraction (MOG2),0,0
2026-07-08 17:57:42.899,542,NO MOTION,Background Subtraction (MOG2),0,0
2026-07-08 17:57:42.919,543,NO MOTION,Background Subtraction (MOG2),0,0
2026-07-08 17:57:42.939,544,NO MOTION,Background Subtraction (MOG2),0,0
2026-07-08 17:57:42.963,545,NO MOTION,Background Subtraction (MOG2),0,0
2026-07-08 17:57:42.988,546,MOTION DETECTED,Background Subtraction (MOG2),1,1
2026-07-08 17:57:43.019,547,MOTION DETECTED,Background Subtraction (MOG2),1,1
2026-07-08 17:57:43.060,548,MOTION DETECTED,Background Subtraction (MOG2),1,1
2026-07-08 17:57:43.092,549,MOTION DETECTED,Background Subtraction (MOG2),1,1
2026-07-08 17:57:43.125,550,MOTION DETECTED,Background Subtraction (MOG2),1,1
2026-07-08 17:57:43.161,551,MOTION DETECTED,Background Subtraction (MOG2),1,1
2026-07-08 17:57:43.221,552,MOTION DETECTED,Background Subtraction (MOG2),1,1
2026-07-08 17:57:43.256,553,MOTION DETECTED,Background Subtraction (MOG2),2,2
2026-07-08 17:57:43.290,554,MOTION DETECTED,Background Subtraction (MOG2),2,2
2026-07-08 17:57:43.312,555,MOTION DETECTED,Background Subtraction (MOG2),2,2
2026-07-08 17:57:43.347,556,MOTION DETECTED,Background Subtraction (MOG2),2,2
2026-07-08 17:57:43.373,557,MOTION DETECTED,Background Subtraction (MOG2),1,1
2026-07-08 17:57:43.410,558,MOTION DETECTED,Background Subtraction (MOG2),1,1
2026-07-08 17:57:43.437,559,MOTION DETECTED,Background Subtraction (MOG2),1,1
2026-07-08 17:57:43.463,560,MOTION DETECTED,Background Subtraction (MOG2),1,1
2026-07-08 17:57:43.506,561,MOTION DETECTED,Background Subtraction (MOG2),2,2
2026-07-08 17:57:43.533,562,MOTION DETECTED,Background Subtraction (MOG2),1,1
2026-07-08 17:57:43.567,563,MOTION DETECTED,Background Subtraction (MOG2),1,1
2026-07-08 17:57:43.591,564,MOTION DETECTED,Background Subtraction (MOG2),1,1
2026-07-08 17:57:43.623,565,MOTION DETECTED,Background Subtraction (MOG2),1,1
2026-07-08 17:57:43.656,566,MOTION DETECTED,Background Subtraction (MOG2),1,1
2026-07-08 17:57:43.690,567,MOTION DETECTED,Background Subtraction (MOG2),1,1
2026-07-08 17:57:43.723,568,MOTION DETECTED,Background Subtraction (MOG2),1,1
2026-07-08 17:57:43.758,569,MOTION DETECTED,Background Subtraction (MOG2),1,1
2026-07-08 17:57:43.790,570,MOTION DETECTED,Background Subtraction (MOG2),1,1
2026-07-08 17:57:43.816,571,MOTION DETECTED,Background Subtraction (MOG2),1,1
2026-07-08 17:57:43.842,572,MOTION DETECTED,Background Subtraction (MOG2),1,1
2026-07-08 17:57:43.872,573,MOTION DETECTED,Background Subtraction (MOG2),1,1
2026-07-08 17:57:43.906,574,MOTION DETECTED,Background Subtraction (MOG2),1,1
2026-07-08 17:57:43.941,575,MOTION DETECTED,Background Subtraction (MOG2),1,1
2026-07-08 17:57:43.972,576,MOTION DETECTED,Background Subtraction (MOG2),1,1
2026-07-08 17:57:44.010,577,MOTION DETECTED,Background Subtraction (MOG2),1,1
2026-07-08 17:57:44.039,578,MOTION DETECTED,Background Subtraction (MOG2),1,1
2026-07-08 17:57:44.064,579,MOTION DETECTED,Background Subtraction (MOG2),1,1
2026-07-08 17:57:44.104,580,MOTION DETECTED,Background Subtraction (MOG2),1,1
2026-07-08 17:57:44.130,581,MOTION DETECTED,Background Subtraction (MOG2),2,2
2026-07-08 17:57:44.156,582,MOTION DETECTED,Background Subtraction (MOG2),2,2
2026-07-08 17:57:44.191,583,MOTION DETECTED,Background Subtraction (MOG2),2,2
2026-07-08 17:57:44.224,584,MOTION DETECTED,Background Subtraction (MOG2),2,2
2026-07-08 17:57:44.255,585,MOTION DETECTED,Background Subtraction (MOG2),2,2
2026-07-08 17:57:44.294,586,MOTION DETECTED,Background Subtraction (MOG2),1,1
2026-07-08 17:57:44.325,587,MOTION DETECTED,Background Subtraction (MOG2),2,2
2026-07-08 17:57:44.359,588,MOTION DETECTED,Background Subtraction (MOG2),2,2
2026-07-08 17:57:44.407,589,MOTION DETECTED,Background Subtraction (MOG2),3,3
2026-07-08 17:57:44.445,590,MOTION DETECTED,Background Subtraction (MOG2),3,3
2026-07-08 17:57:44.474,591,MOTION DETECTED,Background Subtraction (MOG2),3,3
2026-07-08 17:57:44.502,592,MOTION DETECTED,Background Subtraction (MOG2),2,2
2026-07-08 17:57:44.524,593,MOTION DETECTED,Background Subtraction (MOG2),2,2
2026-07-08 17:57:44.550,594,MOTION DETECTED,Background Subtraction (MOG2),2,2
2026-07-08 17:57:44.575,595,MOTION DETECTED,Background Subtraction (MOG2),2,2
2026-07-08 17:57:44.600,596,MOTION DETECTED,Background Subtraction (MOG2),2,2
2026-07-08 17:57:44.630,597,MOTION DETECTED,Background Subtraction (MOG2),2,2
2026-07-08 17:57:44.654,598,MOTION DETECTED,Background Subtraction (MOG2),2,2
2026-07-08 17:57:44.690,599,MOTION DETECTED,Background Subtraction (MOG2),2,2
2026-07-08 17:57:44.724,600,MOTION DETECTED,Background Subtraction (MOG2),2,2
2026-07-08 17:57:44.761,601,MOTION DETECTED,Background Subtraction (MOG2),2,2
2026-07-08 17:57:44.823,602,MOTION DETECTED,Background Subtraction (MOG2),2,2
2026-07-08 17:57:44.863,603,MOTION DETECTED,Background Subtraction (MOG2),2,2
2026-07-08 17:57:44.898,604,MOTION DETECTED,Background Subtraction (MOG2),2,2
2026-07-08 17:57:44.931,605,MOTION DETECTED,Background Subtraction (MOG2),2,2
2026-07-08 17:57:44.959,606,MOTION DETECTED,Background Subtraction (MOG2),2,2
2026-07-08 17:57:44.995,607,MOTION DETECTED,Background Subtraction (MOG2),2,2
2026-07-08 17:57:45.045,608,MOTION DETECTED,Background Subtraction (MOG2),2,2
2026-07-08 17:57:45.090,609,MOTION DETECTED,Background Subtraction (MOG2),1,1
2026-07-08 17:57:45.126,610,MOTION DETECTED,Background Subtraction (MOG2),1,1
2026-07-08 17:57:45.159,611,MOTION DETECTED,Background Subtraction (MOG2),1,1
2026-07-08 17:57:45.192,612,MOTION DETECTED,Background Subtraction (MOG2),1,1
2026-07-08 17:57:45.228,613,MOTION DETECTED,Background Subtraction (MOG2),1,1
2026-07-08 17:57:45.273,614,MOTION DETECTED,Background Subtraction (MOG2),3,3
2026-07-08 17:57:45.308,615,MOTION DETECTED,Background Subtraction (MOG2),3,3
2026-07-08 17:57:45.349,616,MOTION DETECTED,Background Subtraction (MOG2),3,3
2026-07-08 17:57:45.379,617,MOTION DETECTED,Background Subtraction (MOG2),3,3
2026-07-08 17:57:45.413,618,MOTION DETECTED,Background Subtraction (MOG2),3,3
2026-07-08 17:57:45.442,619,MOTION DETECTED,Background Subtraction (MOG2),3,3
2026-07-08 17:57:45.475,620,MOTION DETECTED,Background Subtraction (MOG2),3,3
2026-07-08 17:57:45.509,621,MOTION DETECTED,Background Subtraction (MOG2),3,3
2026-07-08 17:57:45.542,622,MOTION DETECTED,Background Subtraction (MOG2),2,2
2026-07-08 17:57:45.578,623,MOTION DETECTED,Background Subtraction (MOG2),2,2
2026-07-08 17:57:45.613,624,MOTION DETECTED,Background Subtraction (MOG2),2,2
2026-07-08 17:57:45.644,625,MOTION DETECTED,Background Subtraction (MOG2),1,1
2026-07-08 17:57:45.675,626,MOTION DETECTED,Background Subtraction (MOG2),1,1
2026-07-08 17:57:45.708,627,MOTION DETECTED,Background Subtraction (MOG2),1,1
2026-07-08 17:57:45.736,628,NO MOTION,Background Subtraction (MOG2),0,0
2026-07-08 17:57:45.756,629,NO MOTION,Background Subtraction (MOG2),0,0
2026-07-08 17:57:45.789,630,MOTION DETECTED,Background Subtraction (MOG2),1,1
2026-07-08 17:57:45.823,631,MOTION DETECTED,Background Subtraction (MOG2),2,2
2026-07-08 17:57:45.846,632,MOTION DETECTED,Background Subtraction (MOG2),1,1
2026-07-08 17:57:45.913,633,MOTION DETECTED,Background Subtraction (MOG2),1,1
2026-07-08 17:57:45.946,634,MOTION DETECTED,Background Subtraction (MOG2),1,1
2026-07-08 17:57:45.974,635,MOTION DETECTED,Background Subtraction (MOG2),1,1
2026-07-08 17:57:46.009,636,MOTION DETECTED,Background Subtraction (MOG2),1,1
2026-07-08 17:57:46.040,637,MOTION DETECTED,Background Subtraction (MOG2),1,1
2026-07-08 17:57:46.073,638,MOTION DETECTED,Background Subtraction (MOG2),1,1
2026-07-08 17:57:46.105,639,MOTION DETECTED,Background Subtraction (MOG2),1,1
2026-07-08 17:57:46.129,640,MOTION DETECTED,Background Subtraction (MOG2),1,1
2026-07-08 17:57:46.157,641,MOTION DETECTED,Background Subtraction (MOG2),1,1
2026-07-08 17:57:46.183,642,MOTION DETECTED,Background Subtraction (MOG2),1,1
2026-07-08 17:57:46.209,643,MOTION DETECTED,Background Subtraction (MOG2),1,1
2026-07-08 17:57:46.229,644,MOTION DETECTED,Background Subtraction (MOG2),1,1
2026-07-08 17:57:46.263,645,MOTION DETECTED,Background Subtraction (MOG2),1,1
2026-07-08 17:57:46.291,646,MOTION DETECTED,Background Subtraction (MOG2),1,1
2026-07-08 17:57:46.324,647,MOTION DETECTED,Background Subtraction (MOG2),1,1
2026-07-08 17:57:46.358,648,MOTION DETECTED,Background Subtraction (MOG2),1,1
2026-07-08 17:57:46.414,649,NO MOTION,Background Subtraction (MOG2),0,0
2026-07-08 17:57:46.432,650,NO MOTION,Background Subtraction (MOG2),0,0
2026-07-08 17:57:46.464,651,NO MOTION,Background Subtraction (MOG2),0,0
2026-07-08 17:57:46.481,652,NO MOTION,Background Subtraction (MOG2),0,0
2026-07-08 17:57:46.513,653,NO MOTION,Background Subtraction (MOG2),0,0
2026-07-08 17:57:46.538,654,NO MOTION,Background Subtraction (MOG2),0,0
2026-07-08 17:57:46.572,655,NO MOTION,Background Subtraction (MOG2),0,0
2026-07-08 17:57:46.593,656,MOTION DETECTED,Background Subtraction (MOG2),1,1
2026-07-08 17:57:46.633,657,NO MOTION,Background Subtraction (MOG2),0,0
2026-07-08 17:57:46.658,658,MOTION DETECTED,Background Subtraction (MOG2),1,1
2026-07-08 17:57:46.680,659,NO MOTION,Background Subtraction (MOG2),0,0
2026-07-08 17:57:46.702,660,NO MOTION,Background Subtraction (MOG2),0,0
2026-07-08 17:57:46.724,661,NO MOTION,Background Subtraction (MOG2),0,0
2026-07-08 17:57:46.755,662,MOTION DETECTED,Background Subtraction (MOG2),1,1
2026-07-08 17:57:46.775,663,NO MOTION,Background Subtraction (MOG2),0,0
2026-07-08 17:57:46.813,664,NO MOTION,Background Subtraction (MOG2),0,0
2026-07-08 17:57:46.844,665,NO MOTION,Background Subtraction (MOG2),0,0
2026-07-08 17:57:46.867,666,NO MOTION,Background Subtraction (MOG2),0,0
2026-07-08 17:57:46.905,667,NO MOTION,Background Subtraction (MOG2),0,0
2026-07-08 17:57:46.939,668,NO MOTION,Background Subtraction (MOG2),0,0
2026-07-08 17:57:46.969,669,NO MOTION,Background Subtraction (MOG2),0,0
2026-07-08 17:57:47.002,670,NO MOTION,Background Subtraction (MOG2),0,0
2026-07-08 17:57:47.033,671,NO MOTION,Background Subtraction (MOG2),0,0
2026-07-08 17:57:47.057,672,NO MOTION,Background Subtraction (MOG2),0,0
2026-07-08 17:57:47.089,673,NO MOTION,Background Subtraction (MOG2),0,0
2026-07-08 17:57:47.123,674,NO MOTION,Background Subtraction (MOG2),0,0
2026-07-08 17:57:47.155,675,NO MOTION,Background Subtraction (MOG2),0,0
2026-07-08 17:57:47.183,676,NO MOTION,Background Subtraction (MOG2),0,0
2026-07-08 17:57:47.217,677,NO MOTION,Background Subtraction (MOG2),0,0
2026-07-08 17:57:47.242,678,NO MOTION,Background Subtraction (MOG2),0,0
2026-07-08 17:57:47.273,679,NO MOTION,Background Subtraction (MOG2),0,0
2026-07-08 17:57:47.303,680,NO MOTION,Background Subtraction (MOG2),0,0
2026-07-08 17:57:47.326,681,NO MOTION,Background Subtraction (MOG2),0,0
2026-07-08 17:57:47.367,682,NO MOTION,Background Subtraction (MOG2),0,0
2026-07-08 17:57:47.390,683,NO MOTION,Background Subtraction (MOG2),0,0
2026-07-08 17:57:47.424,684,NO MOTION,Background Subtraction (MOG2),0,0
2026-07-08 17:57:47.456,685,NO MOTION,Background Subtraction (MOG2),0,0
2026-07-08 17:57:47.486,686,NO MOTION,Background Subtraction (MOG2),0,0
2026-07-08 17:57:47.518,687,NO MOTION,Background Subtraction (MOG2),0,0
2026-07-08 17:57:47.549,688,NO MOTION,Background Subtraction (MOG2),0,0
2026-07-08 17:57:47.575,689,NO MOTION,Background Subtraction (MOG2),0,0
2026-07-08 17:57:47.607,690,MOTION DETECTED,Background Subtraction (MOG2),1,1
2026-07-08 17:57:47.642,691,MOTION DETECTED,Background Subtraction (MOG2),1,1
2026-07-08 17:57:47.675,692,MOTION DETECTED,Background Subtraction (MOG2),1,1
2026-07-08 17:57:47.706,693,MOTION DETECTED,Background Subtraction (MOG2),1,1
2026-07-08 17:57:47.738,694,NO MOTION,Background Subtraction (MOG2),0,0
2026-07-08 17:57:47.846,695,NO MOTION,Background Subtraction (MOG2),0,0
2026-07-08 17:57:47.943,696,NO MOTION,Background Subtraction (MOG2),0,0
2026-07-08 17:57:47.974,697,NO MOTION,Background Subtraction (MOG2),0,0
2026-07-08 17:57:47.998,698,NO MOTION,Background Subtraction (MOG2),0,0
2026-07-08 17:57:48.026,699,NO MOTION,Background Subtraction (MOG2),0,0
2026-07-08 17:57:48.050,700,NO MOTION,Background Subtraction (MOG2),0,0
2026-07-08 17:57:48.068,701,NO MOTION,Background Subtraction (MOG2),0,0
2026-07-08 17:57:48.099,702,NO MOTION,Background Subtraction (MOG2),0,0
2026-07-08 17:57:48.122,703,NO MOTION,Background Subtraction (MOG2),0,0
2026-07-08 17:57:48.142,704,NO MOTION,Background Subtraction (MOG2),0,0
2026-07-08 17:57:48.163,705,NO MOTION,Background Subtraction (MOG2),0,0
2026-07-08 17:57:48.182,706,NO MOTION,Background Subtraction (MOG2),0,0
2026-07-08 17:57:48.199,707,NO MOTION,Background Subtraction (MOG2),0,0
2026-07-08 17:57:48.236,708,NO MOTION,Background Subtraction (MOG2),0,0
2026-07-08 17:57:48.268,709,NO MOTION,Background Subtraction (MOG2),0,0
2026-07-08 17:57:48.290,710,NO MOTION,Background Subtraction (MOG2),0,0
2026-07-08 17:57:48.317,711,NO MOTION,Background Subtraction (MOG2),0,0
2026-07-08 17:57:48.333,712,NO MOTION,Background Subtraction (MOG2),0,0
2026-07-08 17:57:48.359,713,NO MOTION,Background Subtraction (MOG2),0,0
2026-07-08 17:57:48.384,714,NO MOTION,Background Subtraction (MOG2),0,0
2026-07-08 17:57:48.405,715,NO MOTION,Background Subtraction (MOG2),0,0
2026-07-08 17:57:48.428,716,NO MOTION,Background Subtraction (MOG2),0,0
2026-07-08 17:57:48.450,717,NO MOTION,Background Subtraction (MOG2),0,0
2026-07-08 17:57:48.471,718,NO MOTION,Background Subtraction (MOG2),0,0
2026-07-08 17:57:48.488,719,NO MOTION,Background Subtraction (MOG2),0,0
2026-07-08 17:57:48.512,720,NO MOTION,Background Subtraction (MOG2),0,0
2026-07-08 17:57:48.537,721,NO MOTION,Background Subtraction (MOG2),0,0
2026-07-08 17:57:48.563,722,NO MOTION,Background Subtraction (MOG2),0,0
2026-07-08 17:57:48.598,723,NO MOTION,Background Subtraction (MOG2),0,0
2026-07-08 17:57:48.626,724,NO MOTION,Background Subtraction (MOG2),0,0
2026-07-08 17:57:48.650,725,NO MOTION,Background Subtraction (MOG2),0,0
2026-07-08 17:57:48.672,726,NO MOTION,Background Subtraction (MOG2),0,0
2026-07-08 17:57:48.696,727,NO MOTION,Background Subtraction (MOG2),0,0
2026-07-08 17:57:48.731,728,NO MOTION,Background Subtraction (MOG2),0,0
2026-07-08 17:57:48.785,729,NO MOTION,Background Subtraction (MOG2),0,0
2026-07-08 17:57:48.813,730,NO MOTION,Background Subtraction (MOG2),0,0
2026-07-08 17:57:48.841,731,NO MOTION,Background Subtraction (MOG2),0,0
2026-07-08 17:57:48.861,732,NO MOTION,Background Subtraction (MOG2),0,0
2026-07-08 17:57:48.888,733,NO MOTION,Background Subtraction (MOG2),0,0
2026-07-08 17:57:48.913,734,NO MOTION,Background Subtraction (MOG2),0,0
2026-07-08 17:57:48.944,735,NO MOTION,Background Subtraction (MOG2),0,0
2026-07-08 17:57:48.968,736,NO MOTION,Background Subtraction (MOG2),0,0
2026-07-08 17:57:48.989,737,NO MOTION,Background Subtraction (MOG2),0,0
2026-07-08 17:57:49.012,738,NO MOTION,Background Subtraction (MOG2),0,0
2026-07-08 17:57:49.042,739,NO MOTION,Background Subtraction (MOG2),0,0
2026-07-08 17:57:49.078,740,NO MOTION,Background Subtraction (MOG2),0,0
2026-07-08 17:57:49.112,741,NO MOTION,Background Subtraction (MOG2),0,0
2026-07-08 17:57:49.138,742,MOTION DETECTED,Background Subtraction (MOG2),1,1
2026-07-08 17:57:49.175,743,MOTION DETECTED,Background Subtraction (MOG2),1,1
2026-07-08 17:57:49.207,744,MOTION DETECTED,Background Subtraction (MOG2),1,1
2026-07-08 17:57:49.240,745,MOTION DETECTED,Background Subtraction (MOG2),1,1
2026-07-08 17:57:49.273,746,MOTION DETECTED,Background Subtraction (MOG2),1,1
2026-07-08 17:57:49.307,747,MOTION DETECTED,Background Subtraction (MOG2),1,1
2026-07-08 17:57:49.334,748,MOTION DETECTED,Background Subtraction (MOG2),1,1
2026-07-08 17:57:49.356,749,NO MOTION,Background Subtraction (MOG2),0,0
2026-07-08 17:57:49.380,750,NO MOTION,Background Subtraction (MOG2),0,0
2026-07-08 17:57:49.400,751,NO MOTION,Background Subtraction (MOG2),0,0
2026-07-08 17:57:49.428,752,MOTION DETECTED,Background Subtraction (MOG2),1,1
2026-07-08 17:57:49.447,753,MOTION DETECTED,Background Subtraction (MOG2),1,1
2026-07-08 17:57:49.476,754,MOTION DETECTED,Background Subtraction (MOG2),2,2
2026-07-08 17:57:49.500,755,MOTION DETECTED,Background Subtraction (MOG2),1,1
2026-07-08 17:57:49.526,756,MOTION DETECTED,Background Subtraction (MOG2),1,1
2026-07-08 17:57:49.553,757,MOTION DETECTED,Background Subtraction (MOG2),1,1
2026-07-08 17:57:49.577,758,MOTION DETECTED,Background Subtraction (MOG2),1,1
2026-07-08 17:57:49.599,759,MOTION DETECTED,Background Subtraction (MOG2),1,1
2026-07-08 17:57:49.627,760,MOTION DETECTED,Background Subtraction (MOG2),1,1
2026-07-08 17:57:49.647,761,MOTION DETECTED,Background Subtraction (MOG2),1,1
2026-07-08 17:57:49.690,762,MOTION DETECTED,Background Subtraction (MOG2),1,1
2026-07-08 17:57:49.717,763,NO MOTION,Background Subtraction (MOG2),0,0
2026-07-08 17:57:49.741,764,MOTION DETECTED,Background Subtraction (MOG2),1,1
2026-07-08 17:57:49.773,765,MOTION DETECTED,Background Subtraction (MOG2),1,1
2026-07-08 17:57:49.806,766,MOTION DETECTED,Background Subtraction (MOG2),1,1
2026-07-08 17:57:49.832,767,MOTION DETECTED,Background Subtraction (MOG2),1,1
2026-07-08 17:57:49.858,768,MOTION DETECTED,Background Subtraction (MOG2),1,1
2026-07-08 17:57:49.891,769,MOTION DETECTED,Background Subtraction (MOG2),1,1
2026-07-08 17:57:49.921,770,MOTION DETECTED,Background Subtraction (MOG2),1,1
2026-07-08 17:57:49.954,771,MOTION DETECTED,Background Subtraction (MOG2),1,1
2026-07-08 17:57:49.980,772,MOTION DETECTED,Background Subtraction (MOG2),1,1
2026-07-08 17:57:50.007,773,MOTION DETECTED,Background Subtraction (MOG2),1,1
2026-07-08 17:57:50.039,774,MOTION DETECTED,Background Subtraction (MOG2),1,1
2026-07-08 17:57:50.063,775,MOTION DETECTED,Background Subtraction (MOG2),1,1
2026-07-08 17:57:50.091,776,NO MOTION,Background Subtraction (MOG2),0,0
2026-07-08 17:57:50.115,777,NO MOTION,Background Subtraction (MOG2),0,0
2026-07-08 17:57:50.150,778,NO MOTION,Background Subtraction (MOG2),0,0
2026-07-08 17:57:50.169,779,NO MOTION,Background Subtraction (MOG2),0,0
2026-07-08 17:57:50.199,780,NO MOTION,Background Subtraction (MOG2),0,0
2026-07-08 17:57:50.217,781,NO MOTION,Background Subtraction (MOG2),0,0
2026-07-08 17:57:50.246,782,NO MOTION,Background Subtraction (MOG2),0,0
2026-07-08 17:57:50.278,783,NO MOTION,Background Subtraction (MOG2),0,0
2026-07-08 17:57:50.304,784,NO MOTION,Background Subtraction (MOG2),0,0
2026-07-08 17:57:50.333,785,NO MOTION,Background Subtraction (MOG2),0,0
2026-07-08 17:57:50.363,786,NO MOTION,Background Subtraction (MOG2),0,0
2026-07-08 17:57:50.387,787,NO MOTION,Background Subtraction (MOG2),0,0
2026-07-08 17:57:50.413,788,NO MOTION,Background Subtraction (MOG2),0,0
2026-07-08 17:57:50.443,789,NO MOTION,Background Subtraction (MOG2),0,0
2026-07-08 17:57:50.478,790,NO MOTION,Background Subtraction (MOG2),0,0
2026-07-08 17:57:50.509,791,NO MOTION,Background Subtraction (MOG2),0,0
2026-07-08 17:57:50.536,792,NO MOTION,Background Subtraction (MOG2),0,0
2026-07-08 17:57:50.572,793,NO MOTION,Background Subtraction (MOG2),0,0
2026-07-08 17:57:50.604,794,NO MOTION,Background Subtraction (MOG2),0,0
2026-07-08 17:57:50.638,795,NO MOTION,Background Subtraction (MOG2),0,0
2026-07-08 17:57:50.672,796,NO MOTION,Background Subtraction (MOG2),0,0
2026-07-08 17:57:50.704,797,NO MOTION,Background Subtraction (MOG2),0,0
2026-07-08 17:57:50.736,798,NO MOTION,Background Subtraction (MOG2),0,0
2026-07-08 17:57:50.767,799,NO MOTION,Background Subtraction (MOG2),0,0
2026-07-08 17:57:50.789,800,NO MOTION,Background Subtraction (MOG2),0,0
2026-07-08 17:57:50.815,801,NO MOTION,Background Subtraction (MOG2),0,0
2026-07-08 17:57:50.840,802,NO MOTION,Background Subtraction (MOG2),0,0
2026-07-08 17:58:01.936,1,MOTION DETECTED,Background Subtraction (KNN),1,1
2026-07-08 17:58:02.026,2,MOTION DETECTED,Background Subtraction (KNN),1,1
2026-07-08 17:58:02.072,3,MOTION DETECTED,Background Subtraction (KNN),1,1
2026-07-08 17:58:02.122,4,MOTION DETECTED,Background Subtraction (KNN),1,1
2026-07-08 17:58:02.152,5,NO MOTION,Background Subtraction (KNN),0,0
2026-07-08 17:58:02.181,6,NO MOTION,Background Subtraction (KNN),0,0
2026-07-08 17:58:02.212,7,NO MOTION,Background Subtraction (KNN),0,0
2026-07-08 17:58:02.240,8,NO MOTION,Background Subtraction (KNN),0,0
2026-07-08 17:58:02.277,9,NO MOTION,Background Subtraction (KNN),0,0
2026-07-08 17:58:02.307,10,NO MOTION,Background Subtraction (KNN),0,0
2026-07-08 17:58:02.331,11,NO MOTION,Background Subtraction (KNN),0,0
2026-07-08 17:58:02.356,12,NO MOTION,Background Subtraction (KNN),0,0
2026-07-08 17:58:02.384,13,NO MOTION,Background Subtraction (KNN),0,0
2026-07-08 17:58:02.415,14,NO MOTION,Background Subtraction (KNN),0,0
2026-07-08 17:58:02.448,15,NO MOTION,Background Subtraction (KNN),0,0
2026-07-08 17:58:02.477,16,NO MOTION,Background Subtraction (KNN),0,0
2026-07-08 17:58:02.513,17,NO MOTION,Background Subtraction (KNN),0,0
2026-07-08 17:58:02.546,18,NO MOTION,Background Subtraction (KNN),0,0
2026-07-08 17:58:02.568,19,NO MOTION,Background Subtraction (KNN),0,0
2026-07-08 17:58:02.613,20,NO MOTION,Background Subtraction (KNN),0,0
2026-07-08 17:58:02.639,21,NO MOTION,Background Subtraction (KNN),0,0
2026-07-08 17:58:02.669,22,NO MOTION,Background Subtraction (KNN),0,0
2026-07-08 17:58:02.696,23,NO MOTION,Background Subtraction (KNN),0,0
2026-07-08 17:58:02.725,24,NO MOTION,Background Subtraction (KNN),0,0
2026-07-08 17:58:02.747,25,NO MOTION,Background Subtraction (KNN),0,0
2026-07-08 17:58:02.780,26,NO MOTION,Background Subtraction (KNN),0,0
2026-07-08 17:58:02.810,27,NO MOTION,Background Subtraction (KNN),0,0
2026-07-08 17:58:02.841,28,NO MOTION,Background Subtraction (KNN),0,0
2026-07-08 17:58:02.863,29,NO MOTION,Background Subtraction (KNN),0,0
2026-07-08 17:58:02.894,30,NO MOTION,Background Subtraction (KNN),0,0
2026-07-08 17:58:02.917,31,NO MOTION,Background Subtraction (KNN),0,0
2026-07-08 17:58:02.940,32,NO MOTION,Background Subtraction (KNN),0,0
2026-07-08 17:58:02.965,33,NO MOTION,Background Subtraction (KNN),0,0
2026-07-08 17:58:02.996,34,NO MOTION,Background Subtraction (KNN),0,0
2026-07-08 17:58:03.031,35,NO MOTION,Background Subtraction (KNN),0,0
2026-07-08 17:58:03.060,36,NO MOTION,Background Subtraction (KNN),0,0
2026-07-08 17:58:03.095,37,NO MOTION,Background Subtraction (KNN),0,0
2026-07-08 17:58:03.124,38,NO MOTION,Background Subtraction (KNN),0,0
2026-07-08 17:58:03.144,39,NO MOTION,Background Subtraction (KNN),0,0
2026-07-08 17:58:03.175,40,NO MOTION,Background Subtraction (KNN),0,0
2026-07-08 17:58:03.214,41,MOTION DETECTED,Background Subtraction (KNN),1,1
2026-07-08 17:58:03.249,42,MOTION DETECTED,Background Subtraction (KNN),1,1
2026-07-08 17:58:03.279,43,NO MOTION,Background Subtraction (KNN),0,0
2026-07-08 17:58:03.302,44,NO MOTION,Background Subtraction (KNN),0,0
2026-07-08 17:58:03.343,45,NO MOTION,Background Subtraction (KNN),0,0
2026-07-08 17:58:03.371,46,NO MOTION,Background Subtraction (KNN),0,0
2026-07-08 17:58:03.402,47,NO MOTION,Background Subtraction (KNN),0,0
2026-07-08 17:58:03.429,48,NO MOTION,Background Subtraction (KNN),0,0
2026-07-08 17:58:03.455,49,NO MOTION,Background Subtraction (KNN),0,0
2026-07-08 17:58:03.480,50,NO MOTION,Background Subtraction (KNN),0,0
2026-07-08 17:58:03.505,51,NO MOTION,Background Subtraction (KNN),0,0
2026-07-08 17:58:03.531,52,NO MOTION,Background Subtraction (KNN),0,0
2026-07-08 17:58:03.557,53,NO MOTION,Background Subtraction (KNN),0,0
2026-07-08 17:58:03.586,54,NO MOTION,Background Subtraction (KNN),0,0
2026-07-08 17:58:03.613,55,NO MOTION,Background Subtraction (KNN),0,0
2026-07-08 17:58:03.656,56,MOTION DETECTED,Background Subtraction (KNN),1,1
2026-07-08 17:58:03.692,57,MOTION DETECTED,Background Subtraction (KNN),1,1
2026-07-08 17:58:03.728,58,MOTION DETECTED,Background Subtraction (KNN),1,1
2026-07-08 17:58:03.760,59,MOTION DETECTED,Background Subtraction (KNN),1,1
2026-07-08 17:58:03.794,60,MOTION DETECTED,Background Subtraction (KNN),1,1
2026-07-08 17:58:03.839,61,MOTION DETECTED,Background Subtraction (KNN),1,1
2026-07-08 17:58:03.875,62,MOTION DETECTED,Background Subtraction (KNN),1,1
2026-07-08 17:58:03.907,63,MOTION DETECTED,Background Subtraction (KNN),1,1
2026-07-08 17:58:03.940,64,MOTION DETECTED,Background Subtraction (KNN),1,1
2026-07-08 17:58:03.969,65,MOTION DETECTED,Background Subtraction (KNN),1,1
2026-07-08 17:58:03.998,66,MOTION DETECTED,Background Subtraction (KNN),1,1
2026-07-08 17:58:04.026,67,MOTION DETECTED,Background Subtraction (KNN),1,1
2026-07-08 17:58:04.048,68,MOTION DETECTED,Background Subtraction (KNN),1,1
2026-07-08 17:58:04.083,69,MOTION DETECTED,Background Subtraction (KNN),1,1
2026-07-08 17:58:04.107,70,MOTION DETECTED,Background Subtraction (KNN),1,1
2026-07-08 17:58:04.142,71,MOTION DETECTED,Background Subtraction (KNN),1,1
2026-07-08 17:58:04.173,72,MOTION DETECTED,Background Subtraction (KNN),1,1
2026-07-08 17:58:04.206,73,MOTION DETECTED,Background Subtraction (KNN),1,1
2026-07-08 17:58:04.240,74,MOTION DETECTED,Background Subtraction (KNN),1,1
2026-07-08 17:58:04.274,75,MOTION DETECTED,Background Subtraction (KNN),1,1
2026-07-08 17:58:04.306,76,MOTION DETECTED,Background Subtraction (KNN),1,1
2026-07-08 17:58:04.340,77,MOTION DETECTED,Background Subtraction (KNN),1,1
2026-07-08 17:58:04.377,78,MOTION DETECTED,Background Subtraction (KNN),1,1
2026-07-08 17:58:04.406,79,MOTION DETECTED,Background Subtraction (KNN),1,1
2026-07-08 17:58:04.436,80,MOTION DETECTED,Background Subtraction (KNN),1,1
2026-07-08 17:58:04.466,81,MOTION DETECTED,Background Subtraction (KNN),1,1
2026-07-08 17:58:04.491,82,MOTION DETECTED,Background Subtraction (KNN),1,1
2026-07-08 17:58:04.528,83,MOTION DETECTED,Background Subtraction (KNN),1,1
2026-07-08 17:58:04.578,84,MOTION DETECTED,Background Subtraction (KNN),1,1
2026-07-08 17:58:04.613,85,MOTION DETECTED,Background Subtraction (KNN),1,1
2026-07-08 17:58:04.645,86,MOTION DETECTED,Background Subtraction (KNN),1,1
2026-07-08 17:58:04.679,87,MOTION DETECTED,Background Subtraction (KNN),1,1
2026-07-08 17:58:04.714,88,MOTION DETECTED,Background Subtraction (KNN),1,1
2026-07-08 17:58:04.743,89,MOTION DETECTED,Background Subtraction (KNN),1,1
2026-07-08 17:58:04.774,90,MOTION DETECTED,Background Subtraction (KNN),1,1
2026-07-08 17:58:04.810,91,MOTION DETECTED,Background Subtraction (KNN),1,1
2026-07-08 17:58:04.842,92,MOTION DETECTED,Background Subtraction (KNN),1,1
2026-07-08 17:58:04.865,93,MOTION DETECTED,Background Subtraction (KNN),1,1
2026-07-08 17:58:04.907,94,MOTION DETECTED,Background Subtraction (KNN),1,1
2026-07-08 17:58:04.942,95,MOTION DETECTED,Background Subtraction (KNN),1,1
2026-07-08 17:58:04.976,96,MOTION DETECTED,Background Subtraction (KNN),1,1
2026-07-08 17:58:05.008,97,MOTION DETECTED,Background Subtraction (KNN),1,1
2026-07-08 17:58:05.031,98,NO MOTION,Background Subtraction (KNN),0,0
2026-07-08 17:58:05.070,99,NO MOTION,Background Subtraction (KNN),0,0
2026-07-08 17:58:05.109,100,MOTION DETECTED,Background Subtraction (KNN),1,1
2026-07-08 17:58:05.136,101,MOTION DETECTED,Background Subtraction (KNN),2,2
2026-07-08 17:58:05.164,102,MOTION DETECTED,Background Subtraction (KNN),2,2
2026-07-08 17:58:05.194,103,MOTION DETECTED,Background Subtraction (KNN),2,2
2026-07-08 17:58:05.224,104,MOTION DETECTED,Background Subtraction (KNN),1,1
2026-07-08 17:58:05.257,105,MOTION DETECTED,Background Subtraction (KNN),1,1
2026-07-08 17:58:05.284,106,MOTION DETECTED,Background Subtraction (KNN),1,1
2026-07-08 17:58:05.315,107,MOTION DETECTED,Background Subtraction (KNN),1,1
2026-07-08 17:58:05.340,108,MOTION DETECTED,Background Subtraction (KNN),1,1
2026-07-08 17:58:05.370,109,MOTION DETECTED,Background Subtraction (KNN),1,1
2026-07-08 17:58:05.394,110,MOTION DETECTED,Background Subtraction (KNN),1,1
2026-07-08 17:58:05.436,111,MOTION DETECTED,Background Subtraction (KNN),1,1
2026-07-08 17:58:05.460,112,MOTION DETECTED,Background Subtraction (KNN),1,1
2026-07-08 17:58:05.486,113,MOTION DETECTED,Background Subtraction (KNN),1,1
2026-07-08 17:58:05.518,114,MOTION DETECTED,Background Subtraction (KNN),2,2
2026-07-08 17:58:05.549,115,MOTION DETECTED,Background Subtraction (KNN),1,1
2026-07-08 17:58:05.576,116,MOTION DETECTED,Background Subtraction (KNN),2,2
2026-07-08 17:58:05.604,117,MOTION DETECTED,Background Subtraction (KNN),2,2
2026-07-08 17:58:05.633,118,MOTION DETECTED,Background Subtraction (KNN),2,2
2026-07-08 17:58:05.656,119,MOTION DETECTED,Background Subtraction (KNN),1,1
2026-07-08 17:58:05.691,120,MOTION DETECTED,Background Subtraction (KNN),1,1
2026-07-08 17:58:05.718,121,MOTION DETECTED,Background Subtraction (KNN),1,1
2026-07-08 17:58:05.742,122,MOTION DETECTED,Background Subtraction (KNN),1,1
2026-07-08 17:58:05.765,123,MOTION DETECTED,Background Subtraction (KNN),1,1
2026-07-08 17:58:05.794,124,MOTION DETECTED,Background Subtraction (KNN),1,1
2026-07-08 17:58:05.817,125,MOTION DETECTED,Background Subtraction (KNN),1,1
2026-07-08 17:58:05.840,126,NO MOTION,Background Subtraction (KNN),0,0
2026-07-08 17:58:05.864,127,NO MOTION,Background Subtraction (KNN),0,0
2026-07-08 17:58:05.884,128,NO MOTION,Background Subtraction (KNN),0,0
2026-07-08 17:58:05.904,129,NO MOTION,Background Subtraction (KNN),0,0
2026-07-08 17:58:05.924,130,NO MOTION,Background Subtraction (KNN),0,0
2026-07-08 17:58:05.943,131,NO MOTION,Background Subtraction (KNN),0,0
2026-07-08 17:58:05.964,132,NO MOTION,Background Subtraction (KNN),0,0
2026-07-08 17:58:05.983,133,NO MOTION,Background Subtraction (KNN),0,0
2026-07-08 17:58:06.012,134,NO MOTION,Background Subtraction (KNN),0,0
2026-07-08 17:58:06.037,135,NO MOTION,Background Subtraction (KNN),0,0
2026-07-08 17:58:06.067,136,NO MOTION,Background Subtraction (KNN),0,0
2026-07-08 17:58:06.086,137,NO MOTION,Background Subtraction (KNN),0,0
2026-07-08 17:58:06.104,138,NO MOTION,Background Subtraction (KNN),0,0
2026-07-08 17:58:06.128,139,NO MOTION,Background Subtraction (KNN),0,0
2026-07-08 17:58:06.150,140,NO MOTION,Background Subtraction (KNN),0,0
2026-07-08 17:58:06.169,141,NO MOTION,Background Subtraction (KNN),0,0
2026-07-08 17:58:06.189,142,MOTION DETECTED,Background Subtraction (KNN),1,1
2026-07-08 17:58:06.223,143,MOTION DETECTED,Background Subtraction (KNN),1,1
2026-07-08 17:58:06.245,144,MOTION DETECTED,Background Subtraction (KNN),1,1
2026-07-08 17:58:06.273,145,MOTION DETECTED,Background Subtraction (KNN),1,1
2026-07-08 17:58:06.302,146,MOTION DETECTED,Background Subtraction (KNN),1,1
2026-07-08 17:58:06.335,147,MOTION DETECTED,Background Subtraction (KNN),1,1
2026-07-08 17:58:06.364,148,MOTION DETECTED,Background Subtraction (KNN),1,1
2026-07-08 17:58:06.405,149,MOTION DETECTED,Background Subtraction (KNN),1,1
2026-07-08 17:58:06.439,150,MOTION DETECTED,Background Subtraction (KNN),1,1
2026-07-08 17:58:06.473,151,MOTION DETECTED,Background Subtraction (KNN),1,1
2026-07-08 17:58:06.507,152,MOTION DETECTED,Background Subtraction (KNN),1,1
2026-07-08 17:58:06.542,153,MOTION DETECTED,Background Subtraction (KNN),1,1
2026-07-08 17:58:06.577,154,MOTION DETECTED,Background Subtraction (KNN),1,1
2026-07-08 17:58:06.601,155,MOTION DETECTED,Background Subtraction (KNN),1,1
2026-07-08 17:58:06.642,156,MOTION DETECTED,Background Subtraction (KNN),1,1
2026-07-08 17:58:06.692,157,MOTION DETECTED,Background Subtraction (KNN),1,1
2026-07-08 17:58:06.729,158,MOTION DETECTED,Background Subtraction (KNN),1,1
2026-07-08 17:58:06.772,159,MOTION DETECTED,Background Subtraction (KNN),1,1
2026-07-08 17:58:06.800,160,MOTION DETECTED,Background Subtraction (KNN),1,1
2026-07-08 17:58:06.831,161,MOTION DETECTED,Background Subtraction (KNN),1,1
2026-07-08 17:58:06.860,162,MOTION DETECTED,Background Subtraction (KNN),1,1
2026-07-08 17:58:06.894,163,MOTION DETECTED,Background Subtraction (KNN),1,1
2026-07-08 17:58:06.922,164,MOTION DETECTED,Background Subtraction (KNN),1,1
2026-07-08 17:58:06.959,165,MOTION DETECTED,Background Subtraction (KNN),1,1
2026-07-08 17:58:06.992,166,MOTION DETECTED,Background Subtraction (KNN),1,1
2026-07-08 17:58:07.026,167,MOTION DETECTED,Background Subtraction (KNN),1,1
2026-07-08 17:58:07.062,168,MOTION DETECTED,Background Subtraction (KNN),1,1
2026-07-08 17:58:07.092,169,MOTION DETECTED,Background Subtraction (KNN),1,1
2026-07-08 17:58:07.120,170,MOTION DETECTED,Background Subtraction (KNN),1,1
2026-07-08 17:58:07.141,171,MOTION DETECTED,Background Subtraction (KNN),1,1
2026-07-08 17:58:07.176,172,MOTION DETECTED,Background Subtraction (KNN),1,1
2026-07-08 17:58:07.212,173,MOTION DETECTED,Background Subtraction (KNN),1,1
2026-07-08 17:58:07.241,174,MOTION DETECTED,Background Subtraction (KNN),1,1
2026-07-08 17:58:07.274,175,MOTION DETECTED,Background Subtraction (KNN),1,1
2026-07-08 17:58:07.311,176,MOTION DETECTED,Background Subtraction (KNN),1,1
2026-07-08 17:58:07.342,177,MOTION DETECTED,Background Subtraction (KNN),1,1
2026-07-08 17:58:07.391,178,MOTION DETECTED,Background Subtraction (KNN),1,1
2026-07-08 17:58:07.416,179,MOTION DETECTED,Background Subtraction (KNN),1,1
2026-07-08 17:58:07.449,180,MOTION DETECTED,Background Subtraction (KNN),1,1
2026-07-08 17:58:07.474,181,MOTION DETECTED,Background Subtraction (KNN),1,1
2026-07-08 17:58:07.522,182,MOTION DETECTED,Background Subtraction (KNN),1,1
2026-07-08 17:58:07.548,183,NO MOTION,Background Subtraction (KNN),0,0
2026-07-08 17:58:07.569,184,NO MOTION,Background Subtraction (KNN),0,0
2026-07-08 17:58:07.592,185,NO MOTION,Background Subtraction (KNN),0,0
2026-07-08 17:58:07.613,186,NO MOTION,Background Subtraction (KNN),0,0
2026-07-08 17:58:07.631,187,NO MOTION,Background Subtraction (KNN),0,0
2026-07-08 17:58:07.658,188,MOTION DETECTED,Background Subtraction (KNN),1,1
2026-07-08 17:58:07.680,189,NO MOTION,Background Subtraction (KNN),0,0
2026-07-08 17:58:07.705,190,MOTION DETECTED,Background Subtraction (KNN),1,1
2026-07-08 17:58:07.739,191,MOTION DETECTED,Background Subtraction (KNN),2,2
2026-07-08 17:58:07.775,192,MOTION DETECTED,Background Subtraction (KNN),2,2
2026-07-08 17:58:07.809,193,MOTION DETECTED,Background Subtraction (KNN),1,1
2026-07-08 17:58:07.841,194,MOTION DETECTED,Background Subtraction (KNN),2,2
2026-07-08 17:58:07.877,195,MOTION DETECTED,Background Subtraction (KNN),1,1
2026-07-08 17:58:07.908,196,MOTION DETECTED,Background Subtraction (KNN),2,2
2026-07-08 17:58:07.939,197,MOTION DETECTED,Background Subtraction (KNN),2,2
2026-07-08 17:58:07.975,198,MOTION DETECTED,Background Subtraction (KNN),2,2
2026-07-08 17:58:08.006,199,MOTION DETECTED,Background Subtraction (KNN),1,1
2026-07-08 17:58:08.072,200,MOTION DETECTED,Background Subtraction (KNN),2,2
2026-07-08 17:58:08.098,201,MOTION DETECTED,Background Subtraction (KNN),1,1
2026-07-08 17:58:08.130,202,MOTION DETECTED,Background Subtraction (KNN),1,1
2026-07-08 17:58:08.161,203,MOTION DETECTED,Background Subtraction (KNN),1,1
2026-07-08 17:58:08.192,204,MOTION DETECTED,Background Subtraction (KNN),1,1
2026-07-08 17:58:08.225,205,MOTION DETECTED,Background Subtraction (KNN),1,1
2026-07-08 17:58:08.251,206,MOTION DETECTED,Background Subtraction (KNN),1,1
2026-07-08 17:58:08.294,207,MOTION DETECTED,Background Subtraction (KNN),1,1
2026-07-08 17:58:08.325,208,MOTION DETECTED,Background Subtraction (KNN),1,1
2026-07-08 17:58:08.363,209,MOTION DETECTED,Background Subtraction (KNN),1,1
2026-07-08 17:58:08.392,210,MOTION DETECTED,Background Subtraction (KNN),1,1
2026-07-08 17:58:08.422,211,MOTION DETECTED,Background Subtraction (KNN),1,1
2026-07-08 17:58:08.449,212,MOTION DETECTED,Background Subtraction (KNN),1,1
2026-07-08 17:58:08.468,213,NO MOTION,Background Subtraction (KNN),0,0
2026-07-08 17:58:08.489,214,NO MOTION,Background Subtraction (KNN),0,0
2026-07-08 17:58:08.519,215,NO MOTION,Background Subtraction (KNN),0,0
2026-07-08 17:58:08.544,216,MOTION DETECTED,Background Subtraction (KNN),1,1
2026-07-08 17:58:08.566,217,MOTION DETECTED,Background Subtraction (KNN),1,1
2026-07-08 17:58:08.591,218,MOTION DETECTED,Background Subtraction (KNN),1,1
2026-07-08 17:58:08.612,219,MOTION DETECTED,Background Subtraction (KNN),1,1
2026-07-08 17:58:08.644,220,NO MOTION,Background Subtraction (KNN),0,0
2026-07-08 17:58:08.665,221,NO MOTION,Background Subtraction (KNN),0,0
2026-07-08 17:58:08.682,222,NO MOTION,Background Subtraction (KNN),0,0
2026-07-08 17:58:08.703,223,NO MOTION,Background Subtraction (KNN),0,0
2026-07-08 17:58:08.732,224,NO MOTION,Background Subtraction (KNN),0,0
2026-07-08 17:58:08.764,225,NO MOTION,Background Subtraction (KNN),0,0
2026-07-08 17:58:08.796,226,NO MOTION,Background Subtraction (KNN),0,0
2026-07-08 17:58:08.827,227,NO MOTION,Background Subtraction (KNN),0,0
2026-07-08 17:58:08.842,228,NO MOTION,Background Subtraction (KNN),0,0
2026-07-08 17:58:08.866,229,NO MOTION,Background Subtraction (KNN),0,0
2026-07-08 17:58:08.895,230,NO MOTION,Background Subtraction (KNN),0,0
2026-07-08 17:58:08.931,231,NO MOTION,Background Subtraction (KNN),0,0
2026-07-08 17:58:08.963,232,NO MOTION,Background Subtraction (KNN),0,0
2026-07-08 17:58:08.995,233,NO MOTION,Background Subtraction (KNN),0,0
2026-07-08 17:58:09.022,234,NO MOTION,Background Subtraction (KNN),0,0
2026-07-08 17:58:09.052,235,NO MOTION,Background Subtraction (KNN),0,0
2026-07-08 17:58:09.073,236,NO MOTION,Background Subtraction (KNN),0,0
2026-07-08 17:58:09.100,237,NO MOTION,Background Subtraction (KNN),0,0
2026-07-08 17:58:09.120,238,NO MOTION,Background Subtraction (KNN),0,0
2026-07-08 17:58:09.140,239,NO MOTION,Background Subtraction (KNN),0,0
2026-07-08 17:58:09.163,240,NO MOTION,Background Subtraction (KNN),0,0
2026-07-08 17:58:09.189,241,NO MOTION,Background Subtraction (KNN),0,0
2026-07-08 17:58:09.218,242,NO MOTION,Background Subtraction (KNN),0,0
2026-07-08 17:58:09.252,243,NO MOTION,Background Subtraction (KNN),0,0
2026-07-08 17:58:09.284,244,NO MOTION,Background Subtraction (KNN),0,0
2026-07-08 17:58:09.304,245,NO MOTION,Background Subtraction (KNN),0,0
2026-07-08 17:58:09.332,246,NO MOTION,Background Subtraction (KNN),0,0
2026-07-08 17:58:09.363,247,NO MOTION,Background Subtraction (KNN),0,0
2026-07-08 17:58:09.386,248,NO MOTION,Background Subtraction (KNN),0,0
2026-07-08 17:58:09.423,249,NO MOTION,Background Subtraction (KNN),0,0
2026-07-08 17:58:09.446,250,NO MOTION,Background Subtraction (KNN),0,0
2026-07-08 17:58:09.480,251,NO MOTION,Background Subtraction (KNN),0,0
2026-07-08 17:58:09.513,252,NO MOTION,Background Subtraction (KNN),0,0
2026-07-08 17:58:09.538,253,NO MOTION,Background Subtraction (KNN),0,0
2026-07-08 17:58:09.570,254,NO MOTION,Background Subtraction (KNN),0,0
2026-07-08 17:58:09.601,255,NO MOTION,Background Subtraction (KNN),0,0
2026-07-08 17:58:09.622,256,NO MOTION,Background Subtraction (KNN),0,0
2026-07-08 17:58:09.640,257,NO MOTION,Background Subtraction (KNN),0,0
2026-07-08 17:58:09.665,258,NO MOTION,Background Subtraction (KNN),0,0
2026-07-08 17:58:09.695,259,NO MOTION,Background Subtraction (KNN),0,0
2026-07-08 17:58:09.714,260,NO MOTION,Background Subtraction (KNN),0,0
2026-07-08 17:58:09.752,261,NO MOTION,Background Subtraction (KNN),0,0
2026-07-08 17:58:09.785,262,NO MOTION,Background Subtraction (KNN),0,0
2026-07-08 17:58:09.807,263,NO MOTION,Background Subtraction (KNN),0,0
2026-07-08 17:58:09.831,264,NO MOTION,Background Subtraction (KNN),0,0
2026-07-08 17:58:09.865,265,NO MOTION,Background Subtraction (KNN),0,0
2026-07-08 17:58:09.889,266,NO MOTION,Background Subtraction (KNN),0,0
2026-07-08 17:58:09.921,267,NO MOTION,Background Subtraction (KNN),0,0
2026-07-08 17:58:09.946,268,NO MOTION,Background Subtraction (KNN),0,0
2026-07-08 17:58:09.973,269,NO MOTION,Background Subtraction (KNN),0,0
2026-07-08 17:58:09.992,270,NO MOTION,Background Subtraction (KNN),0,0
2026-07-08 17:58:10.023,271,NO MOTION,Background Subtraction (KNN),0,0
2026-07-08 17:58:10.044,272,NO MOTION,Background Subtraction (KNN),0,0
2026-07-08 17:58:10.070,273,NO MOTION,Background Subtraction (KNN),0,0
2026-07-08 17:58:10.101,274,NO MOTION,Background Subtraction (KNN),0,0
2026-07-08 17:58:10.122,275,NO MOTION,Background Subtraction (KNN),0,0
2026-07-08 17:58:10.147,276,NO MOTION,Background Subtraction (KNN),0,0
2026-07-08 17:58:10.166,277,NO MOTION,Background Subtraction (KNN),0,0
2026-07-08 17:58:10.193,278,NO MOTION,Background Subtraction (KNN),0,0
2026-07-08 17:58:10.214,279,NO MOTION,Background Subtraction (KNN),0,0
2026-07-08 17:58:10.236,280,NO MOTION,Background Subtraction (KNN),0,0
2026-07-08 17:58:10.256,281,NO MOTION,Background Subtraction (KNN),0,0
2026-07-08 17:58:10.277,282,NO MOTION,Background Subtraction (KNN),0,0
2026-07-08 17:58:10.293,283,NO MOTION,Background Subtraction (KNN),0,0
2026-07-08 17:58:10.323,284,NO MOTION,Background Subtraction (KNN),0,0
2026-07-08 17:58:10.352,285,NO MOTION,Background Subtraction (KNN),0,0
2026-07-08 17:58:10.373,286,NO MOTION,Background Subtraction (KNN),0,0
2026-07-08 17:58:10.396,287,NO MOTION,Background Subtraction (KNN),0,0
2026-07-08 17:58:10.416,288,NO MOTION,Background Subtraction (KNN),0,0
2026-07-08 17:58:10.440,289,NO MOTION,Background Subtraction (KNN),0,0
2026-07-08 17:58:10.463,290,NO MOTION,Background Subtraction (KNN),0,0
2026-07-08 17:58:10.485,291,NO MOTION,Background Subtraction (KNN),0,0
2026-07-08 17:58:10.506,292,NO MOTION,Background Subtraction (KNN),0,0
2026-07-08 17:58:10.529,293,NO MOTION,Background Subtraction (KNN),0,0
2026-07-08 17:58:10.545,294,NO MOTION,Background Subtraction (KNN),0,0
2026-07-08 17:58:10.563,295,NO MOTION,Background Subtraction (KNN),0,0
2026-07-08 17:58:10.579,296,NO MOTION,Background Subtraction (KNN),0,0
2026-07-08 17:58:10.593,297,NO MOTION,Background Subtraction (KNN),0,0
2026-07-08 17:58:10.612,298,NO MOTION,Background Subtraction (KNN),0,0
2026-07-08 17:58:10.646,299,NO MOTION,Background Subtraction (KNN),0,0
2026-07-08 17:58:10.676,300,NO MOTION,Background Subtraction (KNN),0,0
2026-07-08 17:58:10.713,301,NO MOTION,Background Subtraction (KNN),0,0
2026-07-08 17:58:10.735,302,NO MOTION,Background Subtraction (KNN),0,0
2026-07-08 17:58:10.768,303,NO MOTION,Background Subtraction (KNN),0,0
2026-07-08 17:58:10.803,304,NO MOTION,Background Subtraction (KNN),0,0
2026-07-08 17:58:10.834,305,NO MOTION,Background Subtraction (KNN),0,0
2026-07-08 17:58:10.852,306,NO MOTION,Background Subtraction (KNN),0,0
2026-07-08 17:58:10.870,307,NO MOTION,Background Subtraction (KNN),0,0
2026-07-08 17:58:10.889,308,NO MOTION,Background Subtraction (KNN),0,0
2026-07-08 17:58:10.906,309,NO MOTION,Background Subtraction (KNN),0,0
2026-07-08 17:58:10.922,310,NO MOTION,Background Subtraction (KNN),0,0
2026-07-08 17:58:10.939,311,NO MOTION,Background Subtraction (KNN),0,0
2026-07-08 17:58:10.965,312,NO MOTION,Background Subtraction (KNN),0,0
2026-07-08 17:58:10.983,313,NO MOTION,Background Subtraction (KNN),0,0
2026-07-08 17:58:11.002,314,NO MOTION,Background Subtraction (KNN),0,0
2026-07-08 17:58:11.019,315,NO MOTION,Background Subtraction (KNN),0,0
2026-07-08 17:58:11.033,316,NO MOTION,Background Subtraction (KNN),0,0
2026-07-08 17:58:11.056,317,NO MOTION,Background Subtraction (KNN),0,0
2026-07-08 17:58:11.073,318,NO MOTION,Background Subtraction (KNN),0,0
2026-07-08 17:58:11.091,319,NO MOTION,Background Subtraction (KNN),0,0
2026-07-08 17:58:11.113,320,NO MOTION,Background Subtraction (KNN),0,0
2026-07-08 17:58:11.148,321,NO MOTION,Background Subtraction (KNN),0,0
2026-07-08 17:58:11.181,322,NO MOTION,Background Subtraction (KNN),0,0
2026-07-08 17:58:11.196,323,NO MOTION,Background Subtraction (KNN),0,0
2026-07-08 17:58:11.225,324,NO MOTION,Background Subtraction (KNN),0,0
2026-07-08 17:58:11.261,325,NO MOTION,Background Subtraction (KNN),0,0
2026-07-08 17:58:11.280,326,NO MOTION,Background Subtraction (KNN),0,0
2026-07-08 17:58:11.301,327,NO MOTION,Background Subtraction (KNN),0,0
2026-07-08 17:58:11.312,328,NO MOTION,Background Subtraction (KNN),0,0
2026-07-08 17:58:11.336,329,NO MOTION,Background Subtraction (KNN),0,0
2026-07-08 17:58:11.368,330,NO MOTION,Background Subtraction (KNN),0,0
2026-07-08 17:58:11.383,331,NO MOTION,Background Subtraction (KNN),0,0
2026-07-08 17:58:11.403,332,NO MOTION,Background Subtraction (KNN),0,0
2026-07-08 17:58:11.421,333,NO MOTION,Background Subtraction (KNN),0,0
2026-07-08 17:58:11.440,334,NO MOTION,Background Subtraction (KNN),0,0
2026-07-08 17:58:11.467,335,NO MOTION,Background Subtraction (KNN),0,0
2026-07-08 17:58:11.485,336,NO MOTION,Background Subtraction (KNN),0,0
2026-07-08 17:58:11.506,337,MOTION DETECTED,Background Subtraction (KNN),1,1
2026-07-08 17:58:11.529,338,MOTION DETECTED,Background Subtraction (KNN),1,1
2026-07-08 17:58:11.556,339,MOTION DETECTED,Background Subtraction (KNN),1,1
2026-07-08 17:58:11.587,340,MOTION DETECTED,Background Subtraction (KNN),1,1
2026-07-08 17:58:11.609,341,MOTION DETECTED,Background Subtraction (KNN),1,1
2026-07-08 17:58:11.636,342,MOTION DETECTED,Background Subtraction (KNN),1,1
2026-07-08 17:58:11.667,343,MOTION DETECTED,Background Subtraction (KNN),1,1
2026-07-08 17:58:11.687,344,MOTION DETECTED,Background Subtraction (KNN),1,1
2026-07-08 17:58:11.723,345,MOTION DETECTED,Background Subtraction (KNN),1,1
2026-07-08 17:58:11.755,346,MOTION DETECTED,Background Subtraction (KNN),1,1
2026-07-08 17:58:11.790,347,MOTION DETECTED,Background Subtraction (KNN),1,1
2026-07-08 17:58:11.822,348,MOTION DETECTED,Background Subtraction (KNN),1,1
2026-07-08 17:58:11.853,349,MOTION DETECTED,Background Subtraction (KNN),1,1
2026-07-08 17:58:11.883,350,MOTION DETECTED,Background Subtraction (KNN),1,1
2026-07-08 17:58:11.926,351,MOTION DETECTED,Background Subtraction (KNN),1,1
2026-07-08 17:58:11.958,352,MOTION DETECTED,Background Subtraction (KNN),1,1
2026-07-08 17:58:11.978,353,NO MOTION,Background Subtraction (KNN),0,0
2026-07-08 17:58:12.003,354,NO MOTION,Background Subtraction (KNN),0,0
2026-07-08 17:58:12.026,355,NO MOTION,Background Subtraction (KNN),0,0
2026-07-08 17:58:12.044,356,NO MOTION,Background Subtraction (KNN),0,0
2026-07-08 17:58:12.062,357,NO MOTION,Background Subtraction (KNN),0,0
2026-07-08 17:58:12.084,358,NO MOTION,Background Subtraction (KNN),0,0
2026-07-08 17:58:12.106,359,NO MOTION,Background Subtraction (KNN),0,0
2026-07-08 17:58:12.129,360,NO MOTION,Background Subtraction (KNN),0,0
2026-07-08 17:58:12.143,361,NO MOTION,Background Subtraction (KNN),0,0
2026-07-08 17:58:12.166,362,NO MOTION,Background Subtraction (KNN),0,0
2026-07-08 17:58:12.183,363,NO MOTION,Background Subtraction (KNN),0,0
2026-07-08 17:58:12.199,364,NO MOTION,Background Subtraction (KNN),0,0
2026-07-08 17:58:12.223,365,NO MOTION,Background Subtraction (KNN),0,0
2026-07-08 17:58:12.252,366,NO MOTION,Background Subtraction (KNN),0,0
2026-07-08 17:58:12.281,367,NO MOTION,Background Subtraction (KNN),0,0
2026-07-08 17:58:12.302,368,NO MOTION,Background Subtraction (KNN),0,0
2026-07-08 17:58:12.329,369,NO MOTION,Background Subtraction (KNN),0,0
2026-07-08 17:58:12.363,370,NO MOTION,Background Subtraction (KNN),0,0
2026-07-08 17:58:12.389,371,NO MOTION,Background Subtraction (KNN),0,0
2026-07-08 17:58:12.415,372,NO MOTION,Background Subtraction (KNN),0,0
2026-07-08 17:58:12.441,373,NO MOTION,Background Subtraction (KNN),0,0
2026-07-08 17:58:12.487,374,NO MOTION,Background Subtraction (KNN),0,0
2026-07-08 17:58:12.518,375,NO MOTION,Background Subtraction (KNN),0,0
2026-07-08 17:58:12.551,376,NO MOTION,Background Subtraction (KNN),0,0
2026-07-08 17:58:12.572,377,NO MOTION,Background Subtraction (KNN),0,0
2026-07-08 17:58:12.594,378,NO MOTION,Background Subtraction (KNN),0,0
2026-07-08 17:58:12.624,379,NO MOTION,Background Subtraction (KNN),0,0
2026-07-08 17:58:12.649,380,NO MOTION,Background Subtraction (KNN),0,0
2026-07-08 17:58:12.674,381,NO MOTION,Background Subtraction (KNN),0,0
2026-07-08 17:58:12.694,382,NO MOTION,Background Subtraction (KNN),0,0
2026-07-08 17:58:12.713,383,NO MOTION,Background Subtraction (KNN),0,0
2026-07-08 17:58:12.730,384,NO MOTION,Background Subtraction (KNN),0,0
2026-07-08 17:58:12.748,385,NO MOTION,Background Subtraction (KNN),0,0
2026-07-08 17:58:12.769,386,NO MOTION,Background Subtraction (KNN),0,0
2026-07-08 17:58:12.789,387,NO MOTION,Background Subtraction (KNN),0,0
2026-07-08 17:58:12.810,388,NO MOTION,Background Subtraction (KNN),0,0
2026-07-08 17:58:12.825,389,NO MOTION,Background Subtraction (KNN),0,0
2026-07-08 17:58:12.847,390,NO MOTION,Background Subtraction (KNN),0,0
2026-07-08 17:58:12.867,391,NO MOTION,Background Subtraction (KNN),0,0
2026-07-08 17:58:12.883,392,NO MOTION,Background Subtraction (KNN),0,0
2026-07-08 17:58:12.907,393,NO MOTION,Background Subtraction (KNN),0,0
2026-07-08 17:58:12.925,394,NO MOTION,Background Subtraction (KNN),0,0
2026-07-08 17:58:12.945,395,NO MOTION,Background Subtraction (KNN),0,0
2026-07-08 17:58:12.964,396,NO MOTION,Background Subtraction (KNN),0,0
2026-07-08 17:58:12.982,397,NO MOTION,Background Subtraction (KNN),0,0
2026-07-08 17:58:13.003,398,NO MOTION,Background Subtraction (KNN),0,0
2026-07-08 17:58:13.022,399,NO MOTION,Background Subtraction (KNN),0,0
2026-07-08 17:58:13.036,400,NO MOTION,Background Subtraction (KNN),0,0
2026-07-08 17:58:13.057,401,NO MOTION,Background Subtraction (KNN),0,0
2026-07-08 17:58:13.077,402,NO MOTION,Background Subtraction (KNN),0,0
2026-07-08 17:58:13.090,403,NO MOTION,Background Subtraction (KNN),0,0
2026-07-08 17:58:13.113,404,NO MOTION,Background Subtraction (KNN),0,0
2026-07-08 17:58:13.133,405,MOTION DETECTED,Background Subtraction (KNN),1,1
2026-07-08 17:58:13.154,406,MOTION DETECTED,Background Subtraction (KNN),1,1
2026-07-08 17:58:13.172,407,NO MOTION,Background Subtraction (KNN),0,0
2026-07-08 17:58:13.191,408,NO MOTION,Background Subtraction (KNN),0,0
2026-07-08 17:58:13.219,409,NO MOTION,Background Subtraction (KNN),0,0
2026-07-08 17:58:13.250,410,NO MOTION,Background Subtraction (KNN),0,0
2026-07-08 17:58:13.265,411,NO MOTION,Background Subtraction (KNN),0,0
2026-07-08 17:58:13.287,412,NO MOTION,Background Subtraction (KNN),0,0
2026-07-08 17:58:13.301,413,NO MOTION,Background Subtraction (KNN),0,0
2026-07-08 17:58:13.330,414,NO MOTION,Background Subtraction (KNN),0,0
2026-07-08 17:58:13.363,415,NO MOTION,Background Subtraction (KNN),0,0
2026-07-08 17:58:13.384,416,NO MOTION,Background Subtraction (KNN),0,0
2026-07-08 17:58:13.417,417,NO MOTION,Background Subtraction (KNN),0,0
2026-07-08 17:58:13.431,418,NO MOTION,Background Subtraction (KNN),0,0
2026-07-08 17:58:13.451,419,NO MOTION,Background Subtraction (KNN),0,0
2026-07-08 17:58:13.469,420,NO MOTION,Background Subtraction (KNN),0,0
2026-07-08 17:58:13.518,421,NO MOTION,Background Subtraction (KNN),0,0
2026-07-08 17:58:13.546,422,NO MOTION,Background Subtraction (KNN),0,0
2026-07-08 17:58:13.562,423,NO MOTION,Background Subtraction (KNN),0,0
2026-07-08 17:58:13.598,424,NO MOTION,Background Subtraction (KNN),0,0
2026-07-08 17:58:13.615,425,NO MOTION,Background Subtraction (KNN),0,0
2026-07-08 17:58:13.635,426,NO MOTION,Background Subtraction (KNN),0,0
2026-07-08 17:58:13.654,427,NO MOTION,Background Subtraction (KNN),0,0
2026-07-08 17:58:13.682,428,NO MOTION,Background Subtraction (KNN),0,0
2026-07-08 17:58:13.715,429,NO MOTION,Background Subtraction (KNN),0,0
2026-07-08 17:58:13.735,430,NO MOTION,Background Subtraction (KNN),0,0
2026-07-08 17:58:13.756,431,NO MOTION,Background Subtraction (KNN),0,0
2026-07-08 17:58:13.786,432,NO MOTION,Background Subtraction (KNN),0,0
2026-07-08 17:58:13.818,433,NO MOTION,Background Subtraction (KNN),0,0
2026-07-08 17:58:13.850,434,NO MOTION,Background Subtraction (KNN),0,0
2026-07-08 17:58:13.868,435,NO MOTION,Background Subtraction (KNN),0,0
2026-07-08 17:58:13.897,436,NO MOTION,Background Subtraction (KNN),0,0
2026-07-08 17:58:13.937,437,NO MOTION,Background Subtraction (KNN),0,0
2026-07-08 17:58:13.956,438,NO MOTION,Background Subtraction (KNN),0,0
2026-07-08 17:58:13.985,439,NO MOTION,Background Subtraction (KNN),0,0
2026-07-08 17:58:14.006,440,NO MOTION,Background Subtraction (KNN),0,0
2026-07-08 17:58:14.033,441,NO MOTION,Background Subtraction (KNN),0,0
2026-07-08 17:58:14.064,442,NO MOTION,Background Subtraction (KNN),0,0
2026-07-08 17:58:14.084,443,NO MOTION,Background Subtraction (KNN),0,0
2026-07-08 17:58:14.120,444,NO MOTION,Background Subtraction (KNN),0,0
2026-07-08 17:58:14.152,445,NO MOTION,Background Subtraction (KNN),0,0
2026-07-08 17:58:14.174,446,NO MOTION,Background Subtraction (KNN),0,0
2026-07-08 17:58:14.201,447,NO MOTION,Background Subtraction (KNN),0,0
2026-07-08 17:58:14.223,448,NO MOTION,Background Subtraction (KNN),0,0
2026-07-08 17:58:14.246,449,NO MOTION,Background Subtraction (KNN),0,0
2026-07-08 17:58:14.271,450,NO MOTION,Background Subtraction (KNN),0,0
2026-07-08 17:58:14.303,451,NO MOTION,Background Subtraction (KNN),0,0
2026-07-08 17:58:14.335,452,NO MOTION,Background Subtraction (KNN),0,0
2026-07-08 17:58:14.367,453,NO MOTION,Background Subtraction (KNN),0,0
2026-07-08 17:58:14.390,454,NO MOTION,Background Subtraction (KNN),0,0
2026-07-08 17:58:14.416,455,NO MOTION,Background Subtraction (KNN),0,0
2026-07-08 17:58:14.454,456,NO MOTION,Background Subtraction (KNN),0,0
2026-07-08 17:58:14.487,457,NO MOTION,Background Subtraction (KNN),0,0
2026-07-08 17:58:14.649,458,NO MOTION,Background Subtraction (KNN),0,0
2026-07-08 17:58:14.672,459,NO MOTION,Background Subtraction (KNN),0,0
2026-07-08 17:58:14.696,460,NO MOTION,Background Subtraction (KNN),0,0
2026-07-08 17:58:14.741,461,NO MOTION,Background Subtraction (KNN),0,0
2026-07-08 17:58:14.770,462,NO MOTION,Background Subtraction (KNN),0,0
2026-07-08 17:58:14.801,463,NO MOTION,Background Subtraction (KNN),0,0
2026-07-08 17:58:14.823,464,NO MOTION,Background Subtraction (KNN),0,0
2026-07-08 17:58:14.847,465,NO MOTION,Background Subtraction (KNN),0,0
2026-07-08 17:58:14.889,466,NO MOTION,Background Subtraction (KNN),0,0
2026-07-08 17:58:14.911,467,NO MOTION,Background Subtraction (KNN),0,0
2026-07-08 17:58:14.937,468,NO MOTION,Background Subtraction (KNN),0,0
2026-07-08 17:58:14.969,469,NO MOTION,Background Subtraction (KNN),0,0
2026-07-08 17:58:15.000,470,NO MOTION,Background Subtraction (KNN),0,0
2026-07-08 17:58:15.020,471,NO MOTION,Background Subtraction (KNN),0,0
2026-07-08 17:58:15.047,472,NO MOTION,Background Subtraction (KNN),0,0
2026-07-08 17:58:15.072,473,NO MOTION,Background Subtraction (KNN),0,0
2026-07-08 17:58:15.103,474,NO MOTION,Background Subtraction (KNN),0,0
2026-07-08 17:58:15.135,475,NO MOTION,Background Subtraction (KNN),0,0
2026-07-08 17:58:15.155,476,NO MOTION,Background Subtraction (KNN),0,0
2026-07-08 17:58:15.174,477,NO MOTION,Background Subtraction (KNN),0,0
2026-07-08 17:58:15.213,478,NO MOTION,Background Subtraction (KNN),0,0
2026-07-08 17:58:15.235,479,NO MOTION,Background Subtraction (KNN),0,0
2026-07-08 17:58:15.270,480,NO MOTION,Background Subtraction (KNN),0,0
2026-07-08 17:58:15.302,481,NO MOTION,Background Subtraction (KNN),0,0
2026-07-08 17:58:15.335,482,NO MOTION,Background Subtraction (KNN),0,0
2026-07-08 17:58:15.356,483,NO MOTION,Background Subtraction (KNN),0,0
2026-07-08 17:58:15.376,484,NO MOTION,Background Subtraction (KNN),0,0
2026-07-08 17:58:15.407,485,NO MOTION,Background Subtraction (KNN),0,0
2026-07-08 17:58:15.437,486,NO MOTION,Background Subtraction (KNN),0,0
2026-07-08 17:58:15.469,487,NO MOTION,Background Subtraction (KNN),0,0
2026-07-08 17:58:15.502,488,NO MOTION,Background Subtraction (KNN),0,0
2026-07-08 17:58:15.532,489,NO MOTION,Background Subtraction (KNN),0,0
2026-07-08 17:58:15.571,490,NO MOTION,Background Subtraction (KNN),0,0
2026-07-08 17:58:15.593,491,NO MOTION,Background Subtraction (KNN),0,0
2026-07-08 17:58:15.619,492,NO MOTION,Background Subtraction (KNN),0,0
2026-07-08 17:58:15.646,493,NO MOTION,Background Subtraction (KNN),0,0
2026-07-08 17:58:15.674,494,NO MOTION,Background Subtraction (KNN),0,0
2026-07-08 17:58:15.699,495,NO MOTION,Background Subtraction (KNN),0,0
2026-07-08 17:58:15.723,496,NO MOTION,Background Subtraction (KNN),0,0
2026-07-08 17:58:15.752,497,NO MOTION,Background Subtraction (KNN),0,0
2026-07-08 17:58:15.788,498,NO MOTION,Background Subtraction (KNN),0,0
2026-07-08 17:58:15.818,499,NO MOTION,Background Subtraction (KNN),0,0
2026-07-08 17:58:15.848,500,NO MOTION,Background Subtraction (KNN),0,0
2026-07-08 17:58:15.865,501,NO MOTION,Background Subtraction (KNN),0,0
2026-07-08 17:58:15.894,502,NO MOTION,Background Subtraction (KNN),0,0
2026-07-08 17:58:15.917,503,NO MOTION,Background Subtraction (KNN),0,0
2026-07-08 17:58:15.952,504,NO MOTION,Background Subtraction (KNN),0,0
2026-07-08 17:58:15.984,505,NO MOTION,Background Subtraction (KNN),0,0
2026-07-08 17:58:16.014,506,NO MOTION,Background Subtraction (KNN),0,0
2026-07-08 17:58:16.046,507,NO MOTION,Background Subtraction (KNN),0,0
2026-07-08 17:58:16.070,508,NO MOTION,Background Subtraction (KNN),0,0
2026-07-08 17:58:16.090,509,NO MOTION,Background Subtraction (KNN),0,0
2026-07-08 17:58:16.120,510,NO MOTION,Background Subtraction (KNN),0,0
2026-07-08 17:58:16.152,511,NO MOTION,Background Subtraction (KNN),0,0
2026-07-08 17:58:16.173,512,NO MOTION,Background Subtraction (KNN),0,0
2026-07-08 17:58:16.198,513,NO MOTION,Background Subtraction (KNN),0,0
2026-07-08 17:58:16.253,514,NO MOTION,Background Subtraction (KNN),0,0
2026-07-08 17:58:16.278,515,NO MOTION,Background Subtraction (KNN),0,0
2026-07-08 17:58:16.303,516,NO MOTION,Background Subtraction (KNN),0,0
2026-07-08 17:58:16.334,517,NO MOTION,Background Subtraction (KNN),0,0
2026-07-08 17:58:16.356,518,NO MOTION,Background Subtraction (KNN),0,0
2026-07-08 17:58:16.377,519,NO MOTION,Background Subtraction (KNN),0,0
2026-07-08 17:58:16.413,520,NO MOTION,Background Subtraction (KNN),0,0
2026-07-08 17:58:16.445,521,NO MOTION,Background Subtraction (KNN),0,0
2026-07-08 17:58:16.488,522,NO MOTION,Background Subtraction (KNN),0,0
2026-07-08 17:58:16.507,523,NO MOTION,Background Subtraction (KNN),0,0
2026-07-08 17:58:16.526,524,NO MOTION,Background Subtraction (KNN),0,0
2026-07-08 17:58:16.562,525,NO MOTION,Background Subtraction (KNN),0,0
2026-07-08 17:58:16.593,526,NO MOTION,Background Subtraction (KNN),0,0
2026-07-08 17:58:16.623,527,NO MOTION,Background Subtraction (KNN),0,0
2026-07-08 17:58:16.645,528,NO MOTION,Background Subtraction (KNN),0,0
2026-07-08 17:58:16.686,529,NO MOTION,Background Subtraction (KNN),0,0
2026-07-08 17:58:16.718,530,NO MOTION,Background Subtraction (KNN),0,0
2026-07-08 17:58:16.740,531,NO MOTION,Background Subtraction (KNN),0,0
2026-07-08 17:58:16.765,532,NO MOTION,Background Subtraction (KNN),0,0
2026-07-08 17:58:16.790,533,NO MOTION,Background Subtraction (KNN),0,0
2026-07-08 17:58:16.821,534,NO MOTION,Background Subtraction (KNN),0,0
2026-07-08 17:58:16.852,535,NO MOTION,Background Subtraction (KNN),0,0
2026-07-08 17:58:16.873,536,NO MOTION,Background Subtraction (KNN),0,0
2026-07-08 17:58:16.902,537,NO MOTION,Background Subtraction (KNN),0,0
2026-07-08 17:58:16.933,538,NO MOTION,Background Subtraction (KNN),0,0
2026-07-08 17:58:16.957,539,NO MOTION,Background Subtraction (KNN),0,0
2026-07-08 17:58:16.982,540,NO MOTION,Background Subtraction (KNN),0,0
2026-07-08 17:58:17.017,541,NO MOTION,Background Subtraction (KNN),0,0
2026-07-08 17:58:17.040,542,NO MOTION,Background Subtraction (KNN),0,0
2026-07-08 17:58:17.080,543,NO MOTION,Background Subtraction (KNN),0,0
2026-07-08 17:58:17.105,544,NO MOTION,Background Subtraction (KNN),0,0
2026-07-08 17:58:17.130,545,MOTION DETECTED,Background Subtraction (KNN),1,1
2026-07-08 17:58:17.164,546,MOTION DETECTED,Background Subtraction (KNN),1,1
2026-07-08 17:58:17.197,547,MOTION DETECTED,Background Subtraction (KNN),1,1
2026-07-08 17:58:17.226,548,MOTION DETECTED,Background Subtraction (KNN),1,1
2026-07-08 17:58:17.259,549,MOTION DETECTED,Background Subtraction (KNN),1,1
2026-07-08 17:58:17.293,550,MOTION DETECTED,Background Subtraction (KNN),1,1
2026-07-08 17:58:17.328,551,MOTION DETECTED,Background Subtraction (KNN),1,1
2026-07-08 17:58:17.359,552,MOTION DETECTED,Background Subtraction (KNN),1,1
2026-07-08 17:58:17.387,553,MOTION DETECTED,Background Subtraction (KNN),2,2
2026-07-08 17:58:17.423,554,MOTION DETECTED,Background Subtraction (KNN),2,2
2026-07-08 17:58:17.456,555,MOTION DETECTED,Background Subtraction (KNN),1,1
2026-07-08 17:58:17.495,556,MOTION DETECTED,Background Subtraction (KNN),1,1
2026-07-08 17:58:17.524,557,MOTION DETECTED,Background Subtraction (KNN),1,1
2026-07-08 17:58:17.586,558,MOTION DETECTED,Background Subtraction (KNN),1,1
2026-07-08 17:58:17.622,559,MOTION DETECTED,Background Subtraction (KNN),2,2
2026-07-08 17:58:17.659,560,MOTION DETECTED,Background Subtraction (KNN),1,1
2026-07-08 17:58:17.685,561,MOTION DETECTED,Background Subtraction (KNN),1,1
2026-07-08 17:58:17.730,562,MOTION DETECTED,Background Subtraction (KNN),1,1
2026-07-08 17:58:17.761,563,MOTION DETECTED,Background Subtraction (KNN),1,1
2026-07-08 17:58:17.798,564,MOTION DETECTED,Background Subtraction (KNN),1,1
2026-07-08 17:58:17.840,565,MOTION DETECTED,Background Subtraction (KNN),1,1
2026-07-08 17:58:17.877,566,MOTION DETECTED,Background Subtraction (KNN),1,1
2026-07-08 17:58:17.908,567,MOTION DETECTED,Background Subtraction (KNN),1,1
2026-07-08 17:58:17.942,568,MOTION DETECTED,Background Subtraction (KNN),1,1
2026-07-08 17:58:17.963,569,MOTION DETECTED,Background Subtraction (KNN),1,1
2026-07-08 17:58:17.994,570,MOTION DETECTED,Background Subtraction (KNN),1,1
2026-07-08 17:58:18.027,571,MOTION DETECTED,Background Subtraction (KNN),1,1
2026-07-08 17:58:18.056,572,MOTION DETECTED,Background Subtraction (KNN),1,1
2026-07-08 17:58:18.085,573,MOTION DETECTED,Background Subtraction (KNN),1,1
2026-07-08 17:58:18.125,574,MOTION DETECTED,Background Subtraction (KNN),1,1
2026-07-08 17:58:18.159,575,MOTION DETECTED,Background Subtraction (KNN),1,1
2026-07-08 17:58:18.190,576,MOTION DETECTED,Background Subtraction (KNN),1,1
2026-07-08 17:58:18.225,577,MOTION DETECTED,Background Subtraction (KNN),2,2
2026-07-08 17:58:18.252,578,MOTION DETECTED,Background Subtraction (KNN),2,2
2026-07-08 17:58:18.284,579,MOTION DETECTED,Background Subtraction (KNN),1,1
2026-07-08 17:58:18.308,580,MOTION DETECTED,Background Subtraction (KNN),2,2
2026-07-08 17:58:18.341,581,MOTION DETECTED,Background Subtraction (KNN),2,2
2026-07-08 17:58:18.374,582,MOTION DETECTED,Background Subtraction (KNN),2,2
2026-07-08 17:58:18.407,583,MOTION DETECTED,Background Subtraction (KNN),2,2
2026-07-08 17:58:18.443,584,MOTION DETECTED,Background Subtraction (KNN),2,2
2026-07-08 17:58:18.475,585,MOTION DETECTED,Background Subtraction (KNN),2,2
2026-07-08 17:58:18.505,586,MOTION DETECTED,Background Subtraction (KNN),2,2
2026-07-08 17:58:18.541,587,MOTION DETECTED,Background Subtraction (KNN),2,2
2026-07-08 17:58:18.568,588,MOTION DETECTED,Background Subtraction (KNN),2,2
2026-07-08 17:58:18.592,589,MOTION DETECTED,Background Subtraction (KNN),3,3
2026-07-08 17:58:18.627,590,MOTION DETECTED,Background Subtraction (KNN),2,2
2026-07-08 17:58:18.647,591,MOTION DETECTED,Background Subtraction (KNN),3,3
2026-07-08 17:58:18.679,592,MOTION DETECTED,Background Subtraction (KNN),3,3
2026-07-08 17:58:18.708,593,MOTION DETECTED,Background Subtraction (KNN),3,3
2026-07-08 17:58:18.741,594,MOTION DETECTED,Background Subtraction (KNN),3,3
2026-07-08 17:58:18.778,595,MOTION DETECTED,Background Subtraction (KNN),3,3
2026-07-08 17:58:18.813,596,MOTION DETECTED,Background Subtraction (KNN),3,3
2026-07-08 17:58:18.842,597,MOTION DETECTED,Background Subtraction (KNN),3,3
2026-07-08 17:58:18.875,598,MOTION DETECTED,Background Subtraction (KNN),3,3
2026-07-08 17:58:18.908,599,MOTION DETECTED,Background Subtraction (KNN),3,3
2026-07-08 17:58:18.958,600,MOTION DETECTED,Background Subtraction (KNN),3,3
2026-07-08 17:58:18.983,601,MOTION DETECTED,Background Subtraction (KNN),2,2
2026-07-08 17:58:19.013,602,MOTION DETECTED,Background Subtraction (KNN),3,3
2026-07-08 17:58:19.041,603,MOTION DETECTED,Background Subtraction (KNN),2,2
2026-07-08 17:58:19.074,604,MOTION DETECTED,Background Subtraction (KNN),3,3
2026-07-08 17:58:19.102,605,MOTION DETECTED,Background Subtraction (KNN),3,3
2026-07-08 17:58:19.139,606,MOTION DETECTED,Background Subtraction (KNN),3,3
2026-07-08 17:58:19.175,607,MOTION DETECTED,Background Subtraction (KNN),3,3
2026-07-08 17:58:19.208,608,MOTION DETECTED,Background Subtraction (KNN),3,3
2026-07-08 17:58:19.241,609,MOTION DETECTED,Background Subtraction (KNN),3,3
2026-07-08 17:58:19.275,610,MOTION DETECTED,Background Subtraction (KNN),3,3
2026-07-08 17:58:19.295,611,MOTION DETECTED,Background Subtraction (KNN),3,3
2026-07-08 17:58:19.327,612,MOTION DETECTED,Background Subtraction (KNN),3,3
2026-07-08 17:58:19.358,613,MOTION DETECTED,Background Subtraction (KNN),3,3
2026-07-08 17:58:19.389,614,MOTION DETECTED,Background Subtraction (KNN),3,3
2026-07-08 17:58:19.420,615,MOTION DETECTED,Background Subtraction (KNN),3,3
2026-07-08 17:58:19.460,616,MOTION DETECTED,Background Subtraction (KNN),3,3
2026-07-08 17:58:19.491,617,MOTION DETECTED,Background Subtraction (KNN),2,2
2026-07-08 17:58:19.525,618,MOTION DETECTED,Background Subtraction (KNN),2,2
2026-07-08 17:58:19.558,619,MOTION DETECTED,Background Subtraction (KNN),2,2
2026-07-08 17:58:19.591,620,MOTION DETECTED,Background Subtraction (KNN),2,2
2026-07-08 17:58:19.615,621,MOTION DETECTED,Background Subtraction (KNN),2,2
2026-07-08 17:58:19.641,622,MOTION DETECTED,Background Subtraction (KNN),2,2
2026-07-08 17:58:19.666,623,MOTION DETECTED,Background Subtraction (KNN),2,2
2026-07-08 17:58:19.701,624,MOTION DETECTED,Background Subtraction (KNN),2,2
2026-07-08 17:58:19.743,625,MOTION DETECTED,Background Subtraction (KNN),3,3
2026-07-08 17:58:19.774,626,MOTION DETECTED,Background Subtraction (KNN),2,2
2026-07-08 17:58:19.808,627,MOTION DETECTED,Background Subtraction (KNN),2,2
2026-07-08 17:58:19.836,628,MOTION DETECTED,Background Subtraction (KNN),2,2
2026-07-08 17:58:19.868,629,MOTION DETECTED,Background Subtraction (KNN),2,2
2026-07-08 17:58:19.907,630,MOTION DETECTED,Background Subtraction (KNN),2,2
2026-07-08 17:58:19.942,631,MOTION DETECTED,Background Subtraction (KNN),2,2
2026-07-08 17:58:19.974,632,MOTION DETECTED,Background Subtraction (KNN),2,2
2026-07-08 17:58:20.006,633,MOTION DETECTED,Background Subtraction (KNN),1,1
2026-07-08 17:58:20.041,634,MOTION DETECTED,Background Subtraction (KNN),1,1
2026-07-08 17:58:20.073,635,MOTION DETECTED,Background Subtraction (KNN),1,1
2026-07-08 17:58:20.110,636,MOTION DETECTED,Background Subtraction (KNN),1,1
2026-07-08 17:58:20.143,637,MOTION DETECTED,Background Subtraction (KNN),1,1
2026-07-08 17:58:20.177,638,MOTION DETECTED,Background Subtraction (KNN),1,1
2026-07-08 17:58:20.213,639,MOTION DETECTED,Background Subtraction (KNN),1,1
2026-07-08 17:58:20.242,640,MOTION DETECTED,Background Subtraction (KNN),1,1
2026-07-08 17:58:20.269,641,MOTION DETECTED,Background Subtraction (KNN),1,1
2026-07-08 17:58:20.297,642,MOTION DETECTED,Background Subtraction (KNN),1,1
2026-07-08 17:58:20.325,643,MOTION DETECTED,Background Subtraction (KNN),1,1
2026-07-08 17:58:20.350,644,MOTION DETECTED,Background Subtraction (KNN),1,1
2026-07-08 17:58:20.377,645,MOTION DETECTED,Background Subtraction (KNN),1,1
2026-07-08 17:58:20.410,646,MOTION DETECTED,Background Subtraction (KNN),1,1
2026-07-08 17:58:20.442,647,MOTION DETECTED,Background Subtraction (KNN),1,1
2026-07-08 17:58:20.474,648,MOTION DETECTED,Background Subtraction (KNN),1,1
2026-07-08 17:58:20.508,649,MOTION DETECTED,Background Subtraction (KNN),2,2
2026-07-08 17:58:20.543,650,MOTION DETECTED,Background Subtraction (KNN),1,1
2026-07-08 17:58:20.574,651,MOTION DETECTED,Background Subtraction (KNN),1,1
2026-07-08 17:58:20.610,652,MOTION DETECTED,Background Subtraction (KNN),1,1
2026-07-08 17:58:20.643,653,MOTION DETECTED,Background Subtraction (KNN),1,1
2026-07-08 17:58:20.674,654,MOTION DETECTED,Background Subtraction (KNN),1,1
2026-07-08 17:58:20.707,655,MOTION DETECTED,Background Subtraction (KNN),1,1
2026-07-08 17:58:20.749,656,MOTION DETECTED,Background Subtraction (KNN),1,1
2026-07-08 17:58:20.785,657,MOTION DETECTED,Background Subtraction (KNN),1,1
2026-07-08 17:58:20.817,658,MOTION DETECTED,Background Subtraction (KNN),1,1
2026-07-08 17:58:20.848,659,MOTION DETECTED,Background Subtraction (KNN),1,1
2026-07-08 17:58:20.866,660,NO MOTION,Background Subtraction (KNN),0,0
2026-07-08 17:58:20.894,661,NO MOTION,Background Subtraction (KNN),0,0
2026-07-08 17:58:20.918,662,NO MOTION,Background Subtraction (KNN),0,0
2026-07-08 17:58:20.951,663,NO MOTION,Background Subtraction (KNN),0,0
2026-07-08 17:58:20.971,664,NO MOTION,Background Subtraction (KNN),0,0
2026-07-08 17:58:21.000,665,NO MOTION,Background Subtraction (KNN),0,0
2026-07-08 17:58:21.021,666,NO MOTION,Background Subtraction (KNN),0,0
2026-07-08 17:58:21.047,667,NO MOTION,Background Subtraction (KNN),0,0
2026-07-08 17:58:21.072,668,NO MOTION,Background Subtraction (KNN),0,0
2026-07-08 17:58:21.102,669,NO MOTION,Background Subtraction (KNN),0,0
2026-07-08 17:58:21.134,670,NO MOTION,Background Subtraction (KNN),0,0
2026-07-08 17:58:21.398,671,NO MOTION,Background Subtraction (KNN),0,0
2026-07-08 17:58:21.474,672,NO MOTION,Background Subtraction (KNN),0,0
2026-07-08 17:58:21.506,673,NO MOTION,Background Subtraction (KNN),0,0
2026-07-08 17:58:21.532,674,NO MOTION,Background Subtraction (KNN),0,0
2026-07-08 17:58:21.564,675,NO MOTION,Background Subtraction (KNN),0,0
2026-07-08 17:58:21.599,676,NO MOTION,Background Subtraction (KNN),0,0
2026-07-08 17:58:21.625,677,NO MOTION,Background Subtraction (KNN),0,0
2026-07-08 17:58:21.659,678,NO MOTION,Background Subtraction (KNN),0,0
2026-07-08 17:58:21.700,679,NO MOTION,Background Subtraction (KNN),0,0
2026-07-08 17:58:21.725,680,NO MOTION,Background Subtraction (KNN),0,0
2026-07-08 17:58:21.750,681,NO MOTION,Background Subtraction (KNN),0,0
2026-07-08 17:58:21.774,682,NO MOTION,Background Subtraction (KNN),0,0
2026-07-08 17:58:21.807,683,NO MOTION,Background Subtraction (KNN),0,0
2026-07-08 17:58:21.840,684,NO MOTION,Background Subtraction (KNN),0,0
2026-07-08 17:58:21.872,685,NO MOTION,Background Subtraction (KNN),0,0
2026-07-08 17:58:21.903,686,NO MOTION,Background Subtraction (KNN),0,0
2026-07-08 17:58:21.927,687,NO MOTION,Background Subtraction (KNN),0,0
2026-07-08 17:58:21.954,688,NO MOTION,Background Subtraction (KNN),0,0
2026-07-08 17:58:21.979,689,NO MOTION,Background Subtraction (KNN),0,0
2026-07-08 17:58:22.005,690,NO MOTION,Background Subtraction (KNN),0,0
2026-07-08 17:58:22.027,691,NO MOTION,Background Subtraction (KNN),0,0
2026-07-08 17:58:22.047,692,NO MOTION,Background Subtraction (KNN),0,0
2026-07-08 17:58:22.068,693,NO MOTION,Background Subtraction (KNN),0,0
2026-07-08 17:58:22.093,694,MOTION DETECTED,Background Subtraction (KNN),1,1
2026-07-08 17:58:22.125,695,MOTION DETECTED,Background Subtraction (KNN),1,1
2026-07-08 17:58:22.147,696,NO MOTION,Background Subtraction (KNN),0,0
2026-07-08 17:58:22.172,697,NO MOTION,Background Subtraction (KNN),0,0
2026-07-08 17:58:22.197,698,NO MOTION,Background Subtraction (KNN),0,0
2026-07-08 17:58:22.235,699,NO MOTION,Background Subtraction (KNN),0,0
2026-07-08 17:58:22.257,700,NO MOTION,Background Subtraction (KNN),0,0
2026-07-08 17:58:22.286,701,NO MOTION,Background Subtraction (KNN),0,0
2026-07-08 17:58:22.319,702,NO MOTION,Background Subtraction (KNN),0,0
2026-07-08 17:58:22.338,703,NO MOTION,Background Subtraction (KNN),0,0
2026-07-08 17:58:22.368,704,NO MOTION,Background Subtraction (KNN),0,0
2026-07-08 17:58:22.389,705,NO MOTION,Background Subtraction (KNN),0,0
2026-07-08 17:58:22.413,706,MOTION DETECTED,Background Subtraction (KNN),1,1
2026-07-08 17:58:22.433,707,NO MOTION,Background Subtraction (KNN),0,0
2026-07-08 17:58:22.456,708,NO MOTION,Background Subtraction (KNN),0,0
2026-07-08 17:58:22.476,709,NO MOTION,Background Subtraction (KNN),0,0
2026-07-08 17:58:22.499,710,NO MOTION,Background Subtraction (KNN),0,0
2026-07-08 17:58:22.536,711,MOTION DETECTED,Background Subtraction (KNN),1,1
2026-07-08 17:58:22.564,712,NO MOTION,Background Subtraction (KNN),0,0
2026-07-08 17:58:22.599,713,NO MOTION,Background Subtraction (KNN),0,0
2026-07-08 17:58:22.629,714,MOTION DETECTED,Background Subtraction (KNN),1,1
2026-07-08 17:58:22.653,715,MOTION DETECTED,Background Subtraction (KNN),1,1
2026-07-08 17:58:22.676,716,NO MOTION,Background Subtraction (KNN),0,0
2026-07-08 17:58:22.698,717,NO MOTION,Background Subtraction (KNN),0,0
2026-07-08 17:58:22.718,718,NO MOTION,Background Subtraction (KNN),0,0
2026-07-08 17:58:22.739,719,NO MOTION,Background Subtraction (KNN),0,0
2026-07-08 17:58:22.756,720,NO MOTION,Background Subtraction (KNN),0,0
2026-07-08 17:58:22.779,721,NO MOTION,Background Subtraction (KNN),0,0
2026-07-08 17:58:22.800,722,NO MOTION,Background Subtraction (KNN),0,0
2026-07-08 17:58:22.820,723,NO MOTION,Background Subtraction (KNN),0,0
2026-07-08 17:58:22.838,724,NO MOTION,Background Subtraction (KNN),0,0
2026-07-08 17:58:22.856,725,NO MOTION,Background Subtraction (KNN),0,0
2026-07-08 17:58:22.877,726,NO MOTION,Background Subtraction (KNN),0,0
2026-07-08 17:58:22.912,727,NO MOTION,Background Subtraction (KNN),0,0
2026-07-08 17:58:22.932,728,NO MOTION,Background Subtraction (KNN),0,0
2026-07-08 17:58:22.966,729,NO MOTION,Background Subtraction (KNN),0,0
2026-07-08 17:58:22.999,730,NO MOTION,Background Subtraction (KNN),0,0
2026-07-08 17:58:23.020,731,NO MOTION,Background Subtraction (KNN),0,0
2026-07-08 17:58:23.039,732,NO MOTION,Background Subtraction (KNN),0,0
2026-07-08 17:58:23.064,733,NO MOTION,Background Subtraction (KNN),0,0
2026-07-08 17:58:23.092,734,NO MOTION,Background Subtraction (KNN),0,0
2026-07-08 17:58:23.122,735,NO MOTION,Background Subtraction (KNN),0,0
2026-07-08 17:58:23.155,736,NO MOTION,Background Subtraction (KNN),0,0
2026-07-08 17:58:23.187,737,NO MOTION,Background Subtraction (KNN),0,0
2026-07-08 17:58:23.219,738,NO MOTION,Background Subtraction (KNN),0,0
2026-07-08 17:58:23.244,739,NO MOTION,Background Subtraction (KNN),0,0
2026-07-08 17:58:23.274,740,NO MOTION,Background Subtraction (KNN),0,0
2026-07-08 17:58:23.307,741,NO MOTION,Background Subtraction (KNN),0,0
2026-07-08 17:58:23.336,742,NO MOTION,Background Subtraction (KNN),0,0
2026-07-08 17:58:23.368,743,NO MOTION,Background Subtraction (KNN),0,0
2026-07-08 17:58:23.400,744,NO MOTION,Background Subtraction (KNN),0,0
2026-07-08 17:58:23.426,745,NO MOTION,Background Subtraction (KNN),0,0
2026-07-08 17:58:23.440,746,NO MOTION,Background Subtraction (KNN),0,0
2026-07-08 17:58:23.474,747,NO MOTION,Background Subtraction (KNN),0,0
2026-07-08 18:03:21.895,1,NO MOTION,Background Subtraction (MOG2) + HOG Human Detection,0,0
2026-07-08 18:03:21.970,2,NO MOTION,Background Subtraction (MOG2) + HOG Human Detection,0,0
2026-07-08 18:03:21.996,3,NO MOTION,Background Subtraction (MOG2) + HOG Human Detection,0,0
2026-07-08 18:03:22.017,4,NO MOTION,Background Subtraction (MOG2) + HOG Human Detection,0,0
2026-07-08 18:03:22.042,5,NO MOTION,Background Subtraction (MOG2) + HOG Human Detection,0,0
2026-07-08 18:03:22.067,6,NO MOTION,Background Subtraction (MOG2) + HOG Human Detection,0,0
2026-07-08 18:03:22.092,7,NO MOTION,Background Subtraction (MOG2) + HOG Human Detection,0,0
2026-07-08 18:03:22.752,8,MOTION DETECTED,Background Subtraction (MOG2) + HOG Human Detection,1,9
2026-07-08 18:03:23.432,9,MOTION DETECTED,Background Subtraction (MOG2) + HOG Human Detection,1,9
2026-07-08 18:03:23.859,10,MOTION DETECTED,Background Subtraction (MOG2) + HOG Human Detection,1,9
2026-07-08 18:03:24.255,11,MOTION DETECTED,Background Subtraction (MOG2) + HOG Human Detection,2,11
2026-07-08 18:03:24.695,12,MOTION DETECTED,Background Subtraction (MOG2) + HOG Human Detection,1,9
2026-07-08 18:03:25.132,13,MOTION DETECTED,Background Subtraction (MOG2) + HOG Human Detection,1,10
2026-07-08 18:03:25.153,14,NO MOTION,Background Subtraction (MOG2) + HOG Human Detection,0,0
2026-07-08 18:03:25.172,15,NO MOTION,Background Subtraction (MOG2) + HOG Human Detection,0,0
2026-07-08 18:03:25.602,16,MOTION DETECTED,Background Subtraction (MOG2) + HOG Human Detection,1,9
2026-07-08 18:03:25.619,17,NO MOTION,Background Subtraction (MOG2) + HOG Human Detection,0,0
2026-07-08 18:03:25.638,18,NO MOTION,Background Subtraction (MOG2) + HOG Human Detection,0,0
2026-07-08 18:03:25.652,19,NO MOTION,Background Subtraction (MOG2) + HOG Human Detection,0,0
2026-07-08 18:03:25.715,20,NO MOTION,Background Subtraction (MOG2) + HOG Human Detection,0,0
2026-07-08 18:03:26.113,21,MOTION DETECTED,Background Subtraction (MOG2) + HOG Human Detection,1,9
2026-07-08 18:03:26.163,22,NO MOTION,Background Subtraction (MOG2) + HOG Human Detection,0,0
2026-07-08 18:03:26.554,23,MOTION DETECTED,Background Subtraction (MOG2) + HOG Human Detection,1,7
2026-07-08 18:03:27.021,24,MOTION DETECTED,Background Subtraction (MOG2) + HOG Human Detection,1,8
2026-07-08 18:03:27.427,25,MOTION DETECTED,Background Subtraction (MOG2) + HOG Human Detection,1,9
2026-07-08 18:03:27.845,26,MOTION DETECTED,Background Subtraction (MOG2) + HOG Human Detection,2,10
2026-07-08 18:03:28.304,27,MOTION DETECTED,Background Subtraction (MOG2) + HOG Human Detection,2,8
2026-07-08 18:03:28.788,28,MOTION DETECTED,Background Subtraction (MOG2) + HOG Human Detection,2,10
2026-07-08 18:03:29.221,29,MOTION DETECTED,Background Subtraction (MOG2) + HOG Human Detection,3,9
2026-07-08 18:03:29.646,30,MOTION DETECTED,Background Subtraction (MOG2) + HOG Human Detection,3,9
2026-07-08 18:03:30.072,31,MOTION DETECTED,Background Subtraction (MOG2) + HOG Human Detection,2,11
2026-07-08 18:03:30.492,32,MOTION DETECTED,Background Subtraction (MOG2) + HOG Human Detection,2,10
2026-07-08 18:03:30.960,33,MOTION DETECTED,Background Subtraction (MOG2) + HOG Human Detection,2,12
2026-07-08 18:03:31.418,34,MOTION DETECTED,Background Subtraction (MOG2) + HOG Human Detection,2,12
2026-07-08 18:03:31.824,35,MOTION DETECTED,Background Subtraction (MOG2) + HOG Human Detection,2,11
2026-07-08 18:03:32.244,36,MOTION DETECTED,Background Subtraction (MOG2) + HOG Human Detection,3,10
2026-07-08 18:03:32.726,37,MOTION DETECTED,Background Subtraction (MOG2) + HOG Human Detection,5,10
2026-07-08 18:03:33.162,38,MOTION DETECTED,Background Subtraction (MOG2) + HOG Human Detection,4,10
2026-07-08 18:03:33.643,39,MOTION DETECTED,Background Subtraction (MOG2) + HOG Human Detection,4,10
2026-07-08 18:03:34.118,40,MOTION DETECTED,Background Subtraction (MOG2) + HOG Human Detection,4,10
2026-07-08 18:03:34.599,41,MOTION DETECTED,Background Subtraction (MOG2) + HOG Human Detection,4,11
2026-07-08 18:03:35.066,42,MOTION DETECTED,Background Subtraction (MOG2) + HOG Human Detection,5,12
2026-07-08 18:03:35.567,43,MOTION DETECTED,Background Subtraction (MOG2) + HOG Human Detection,4,11
2026-07-08 18:03:36.021,44,MOTION DETECTED,Background Subtraction (MOG2) + HOG Human Detection,5,11
2026-07-08 18:03:36.484,45,MOTION DETECTED,Background Subtraction (MOG2) + HOG Human Detection,4,9
2026-07-08 18:03:36.987,46,MOTION DETECTED,Background Subtraction (MOG2) + HOG Human Detection,4,9
2026-07-08 18:03:37.407,47,MOTION DETECTED,Background Subtraction (MOG2) + HOG Human Detection,4,8
2026-07-08 18:03:37.891,48,MOTION DETECTED,Background Subtraction (MOG2) + HOG Human Detection,3,10
2026-07-08 18:03:38.373,49,MOTION DETECTED,Background Subtraction (MOG2) + HOG Human Detection,2,11
2026-07-08 18:03:38.818,50,MOTION DETECTED,Background Subtraction (MOG2) + HOG Human Detection,3,12
2026-07-08 18:03:39.245,51,MOTION DETECTED,Background Subtraction (MOG2) + HOG Human Detection,2,12
2026-07-08 18:03:39.681,52,MOTION DETECTED,Background Subtraction (MOG2) + HOG Human Detection,2,9
2026-07-08 18:03:40.128,53,MOTION DETECTED,Background Subtraction (MOG2) + HOG Human Detection,3,10
2026-07-08 18:03:40.610,54,MOTION DETECTED,Background Subtraction (MOG2) + HOG Human Detection,4,11
2026-07-08 18:03:41.092,55,MOTION DETECTED,Background Subtraction (MOG2) + HOG Human Detection,3,8
2026-07-08 18:03:41.588,56,MOTION DETECTED,Background Subtraction (MOG2) + HOG Human Detection,2,8
2026-07-08 18:03:42.068,57,MOTION DETECTED,Background Subtraction (MOG2) + HOG Human Detection,3,9
2026-07-08 18:03:42.557,58,MOTION DETECTED,Background Subtraction (MOG2) + HOG Human Detection,3,10
2026-07-08 18:03:43.021,59,MOTION DETECTED,Background Subtraction (MOG2) + HOG Human Detection,4,8
2026-07-08 18:03:43.448,60,MOTION DETECTED,Background Subtraction (MOG2) + HOG Human Detection,5,10
2026-07-08 18:03:43.895,61,MOTION DETECTED,Background Subtraction (MOG2) + HOG Human Detection,3,11
2026-07-08 18:03:44.323,62,MOTION DETECTED,Background Subtraction (MOG2) + HOG Human Detection,3,10
2026-07-08 18:03:44.776,63,MOTION DETECTED,Background Subtraction (MOG2) + HOG Human Detection,5,9
2026-07-08 18:03:45.243,64,MOTION DETECTED,Background Subtraction (MOG2) + HOG Human Detection,5,10
2026-07-08 18:03:45.953,65,MOTION DETECTED,Background Subtraction (MOG2) + HOG Human Detection,5,9
2026-07-08 18:03:46.438,66,MOTION DETECTED,Background Subtraction (MOG2) + HOG Human Detection,7,9
2026-07-08 18:03:46.892,67,MOTION DETECTED,Background Subtraction (MOG2) + HOG Human Detection,7,10
2026-07-08 18:03:47.309,68,MOTION DETECTED,Background Subtraction (MOG2) + HOG Human Detection,7,10
2026-07-08 18:03:47.768,69,MOTION DETECTED,Background Subtraction (MOG2) + HOG Human Detection,7,10
2026-07-08 18:03:48.228,70,MOTION DETECTED,Background Subtraction (MOG2) + HOG Human Detection,9,12
2026-07-08 18:03:48.693,71,MOTION DETECTED,Background Subtraction (MOG2) + HOG Human Detection,8,10
2026-07-08 18:03:49.183,72,MOTION DETECTED,Background Subtraction (MOG2) + HOG Human Detection,9,10
2026-07-08 18:03:49.588,73,MOTION DETECTED,Background Subtraction (MOG2) + HOG Human Detection,7,8
2026-07-08 18:03:50.037,74,MOTION DETECTED,Background Subtraction (MOG2) + HOG Human Detection,8,9
2026-07-08 18:03:50.503,75,MOTION DETECTED,Background Subtraction (MOG2) + HOG Human Detection,8,8
2026-07-08 18:04:32.098,1,NO MOTION,Background Subtraction (MOG2),0,0
2026-07-08 18:04:32.152,2,NO MOTION,Background Subtraction (MOG2),0,0
2026-07-08 18:04:32.174,3,NO MOTION,Background Subtraction (MOG2),0,0
2026-07-08 18:04:32.196,4,NO MOTION,Background Subtraction (MOG2),0,0
2026-07-08 18:04:32.216,5,NO MOTION,Background Subtraction (MOG2),0,0
2026-07-08 18:04:32.252,6,NO MOTION,Background Subtraction (MOG2),0,0
2026-07-08 18:04:32.273,7,NO MOTION,Background Subtraction (MOG2),0,0
2026-07-08 18:04:32.302,8,MOTION DETECTED,Background Subtraction (MOG2),1,1
2026-07-08 18:04:32.334,9,MOTION DETECTED,Background Subtraction (MOG2),1,1
2026-07-08 18:04:32.368,10,MOTION DETECTED,Background Subtraction (MOG2),1,1
2026-07-08 18:04:32.400,11,MOTION DETECTED,Background Subtraction (MOG2),2,2
2026-07-08 18:04:32.432,12,MOTION DETECTED,Background Subtraction (MOG2),1,1
2026-07-08 18:04:32.462,13,MOTION DETECTED,Background Subtraction (MOG2),1,1
2026-07-08 18:04:32.495,14,NO MOTION,Background Subtraction (MOG2),0,0
2026-07-08 18:04:32.522,15,NO MOTION,Background Subtraction (MOG2),0,0
2026-07-08 18:04:32.551,16,MOTION DETECTED,Background Subtraction (MOG2),1,1
2026-07-08 18:04:32.573,17,NO MOTION,Background Subtraction (MOG2),0,0
2026-07-08 18:04:32.596,18,NO MOTION,Background Subtraction (MOG2),0,0
2026-07-08 18:04:32.615,19,NO MOTION,Background Subtraction (MOG2),0,0
2026-07-08 18:04:32.639,20,NO MOTION,Background Subtraction (MOG2),0,0
2026-07-08 18:04:32.668,21,MOTION DETECTED,Background Subtraction (MOG2),1,1
2026-07-08 18:04:32.690,22,NO MOTION,Background Subtraction (MOG2),0,0
2026-07-08 18:04:32.720,23,MOTION DETECTED,Background Subtraction (MOG2),1,1
2026-07-08 18:04:32.752,24,MOTION DETECTED,Background Subtraction (MOG2),1,1
2026-07-08 18:04:32.775,25,MOTION DETECTED,Background Subtraction (MOG2),1,1
2026-07-08 18:04:32.801,26,MOTION DETECTED,Background Subtraction (MOG2),2,2
2026-07-08 18:04:32.832,27,MOTION DETECTED,Background Subtraction (MOG2),2,2
2026-07-08 18:04:32.855,28,MOTION DETECTED,Background Subtraction (MOG2),2,2
2026-07-08 18:04:32.883,29,MOTION DETECTED,Background Subtraction (MOG2),3,3
2026-07-08 18:04:32.909,30,MOTION DETECTED,Background Subtraction (MOG2),3,3
2026-07-08 18:04:32.934,31,MOTION DETECTED,Background Subtraction (MOG2),2,2
2026-07-08 18:04:32.961,32,MOTION DETECTED,Background Subtraction (MOG2),2,2
2026-07-08 18:04:32.991,33,MOTION DETECTED,Background Subtraction (MOG2),2,2
2026-07-08 18:04:33.021,34,MOTION DETECTED,Background Subtraction (MOG2),2,2
2026-07-08 18:04:33.052,35,MOTION DETECTED,Background Subtraction (MOG2),2,2
2026-07-08 18:04:33.084,36,MOTION DETECTED,Background Subtraction (MOG2),3,3
2026-07-08 18:04:33.121,37,MOTION DETECTED,Background Subtraction (MOG2),5,5
2026-07-08 18:04:33.170,38,MOTION DETECTED,Background Subtraction (MOG2),4,4
2026-07-08 18:04:33.294,39,MOTION DETECTED,Background Subtraction (MOG2),4,4
2026-07-08 18:04:33.326,40,MOTION DETECTED,Background Subtraction (MOG2),4,4
2026-07-08 18:04:33.359,41,MOTION DETECTED,Background Subtraction (MOG2),4,4
2026-07-08 18:04:33.389,42,MOTION DETECTED,Background Subtraction (MOG2),5,5
2026-07-08 18:04:33.418,43,MOTION DETECTED,Background Subtraction (MOG2),4,4
2026-07-08 18:04:33.445,44,MOTION DETECTED,Background Subtraction (MOG2),5,5
2026-07-08 18:04:33.473,45,MOTION DETECTED,Background Subtraction (MOG2),4,4
2026-07-08 18:04:33.499,46,MOTION DETECTED,Background Subtraction (MOG2),4,4
2026-07-08 18:04:33.522,47,MOTION DETECTED,Background Subtraction (MOG2),4,4
2026-07-08 18:04:33.551,48,MOTION DETECTED,Background Subtraction (MOG2),3,3
2026-07-08 18:04:33.579,49,MOTION DETECTED,Background Subtraction (MOG2),2,2
2026-07-08 18:04:33.609,50,MOTION DETECTED,Background Subtraction (MOG2),3,3
2026-07-08 18:04:33.636,51,MOTION DETECTED,Background Subtraction (MOG2),2,2
2026-07-08 18:04:33.663,52,MOTION DETECTED,Background Subtraction (MOG2),2,2
2026-07-08 18:04:33.687,53,MOTION DETECTED,Background Subtraction (MOG2),3,3
2026-07-08 18:04:33.715,54,MOTION DETECTED,Background Subtraction (MOG2),4,4
2026-07-08 18:04:33.742,55,MOTION DETECTED,Background Subtraction (MOG2),3,3
2026-07-08 18:04:33.768,56,MOTION DETECTED,Background Subtraction (MOG2),2,2
2026-07-08 18:04:33.793,57,MOTION DETECTED,Background Subtraction (MOG2),3,3
2026-07-08 18:04:33.819,58,MOTION DETECTED,Background Subtraction (MOG2),3,3
2026-07-08 18:04:33.848,59,MOTION DETECTED,Background Subtraction (MOG2),4,4
2026-07-08 18:04:33.875,60,MOTION DETECTED,Background Subtraction (MOG2),5,5
2026-07-08 18:04:33.901,61,MOTION DETECTED,Background Subtraction (MOG2),3,3
2026-07-08 18:04:33.939,62,MOTION DETECTED,Background Subtraction (MOG2),3,3
2026-07-08 18:04:33.965,63,MOTION DETECTED,Background Subtraction (MOG2),5,5
2026-07-08 18:04:33.998,64,MOTION DETECTED,Background Subtraction (MOG2),5,5
2026-07-08 18:04:34.020,65,MOTION DETECTED,Background Subtraction (MOG2),5,5
2026-07-08 18:04:34.052,66,MOTION DETECTED,Background Subtraction (MOG2),7,7
2026-07-08 18:04:34.080,67,MOTION DETECTED,Background Subtraction (MOG2),7,7
2026-07-08 18:04:34.116,68,MOTION DETECTED,Background Subtraction (MOG2),7,7
2026-07-08 18:04:34.143,69,MOTION DETECTED,Background Subtraction (MOG2),7,7
2026-07-08 18:04:34.176,70,MOTION DETECTED,Background Subtraction (MOG2),9,9
2026-07-08 18:04:34.209,71,MOTION DETECTED,Background Subtraction (MOG2),8,8
2026-07-08 18:04:34.242,72,MOTION DETECTED,Background Subtraction (MOG2),9,9
2026-07-08 18:04:34.269,73,MOTION DETECTED,Background Subtraction (MOG2),7,7
2026-07-08 18:04:34.297,74,MOTION DETECTED,Background Subtraction (MOG2),8,8
2026-07-08 18:04:34.325,75,MOTION DETECTED,Background Subtraction (MOG2),8,8
2026-07-08 18:04:34.349,76,MOTION DETECTED,Background Subtraction (MOG2),7,7
2026-07-08 18:04:34.390,77,MOTION DETECTED,Background Subtraction (MOG2),7,7
2026-07-08 18:04:34.424,78,MOTION DETECTED,Background Subtraction (MOG2),7,7
2026-07-08 18:04:34.453,79,MOTION DETECTED,Background Subtraction (MOG2),7,7
2026-07-08 18:04:34.474,80,MOTION DETECTED,Background Subtraction (MOG2),7,7
2026-07-08 18:04:34.497,81,MOTION DETECTED,Background Subtraction (MOG2),7,7
2026-07-08 18:04:34.530,82,MOTION DETECTED,Background Subtraction (MOG2),7,7
2026-07-08 18:04:34.560,83,MOTION DETECTED,Background Subtraction (MOG2),11,11
2026-07-08 18:04:34.595,84,MOTION DETECTED,Background Subtraction (MOG2),12,12
2026-07-08 18:04:34.615,85,MOTION DETECTED,Background Subtraction (MOG2),9,9
2026-07-08 18:04:34.635,86,MOTION DETECTED,Background Subtraction (MOG2),10,10
2026-07-08 18:04:34.654,87,MOTION DETECTED,Background Subtraction (MOG2),11,11
2026-07-08 18:04:34.694,88,MOTION DETECTED,Background Subtraction (MOG2),12,12
2026-07-08 18:04:34.730,89,MOTION DETECTED,Background Subtraction (MOG2),9,9
2026-07-08 18:04:34.758,90,MOTION DETECTED,Background Subtraction (MOG2),10,10
2026-07-08 18:04:34.782,91,MOTION DETECTED,Background Subtraction (MOG2),10,10
2026-07-08 18:04:34.815,92,MOTION DETECTED,Background Subtraction (MOG2),10,10
2026-07-08 18:04:34.845,93,MOTION DETECTED,Background Subtraction (MOG2),10,10
2026-07-08 18:04:34.868,94,MOTION DETECTED,Background Subtraction (MOG2),8,8
2026-07-08 18:04:34.902,95,MOTION DETECTED,Background Subtraction (MOG2),8,8
2026-07-08 18:04:34.933,96,MOTION DETECTED,Background Subtraction (MOG2),9,9
2026-07-08 18:04:34.964,97,MOTION DETECTED,Background Subtraction (MOG2),9,9
2026-07-08 18:04:34.994,98,MOTION DETECTED,Background Subtraction (MOG2),7,7
2026-07-08 18:04:35.019,99,MOTION DETECTED,Background Subtraction (MOG2),8,8
2026-07-08 18:04:35.038,100,MOTION DETECTED,Background Subtraction (MOG2),7,7
2026-07-08 18:04:35.072,101,MOTION DETECTED,Background Subtraction (MOG2),8,8
2026-07-08 18:04:35.100,102,MOTION DETECTED,Background Subtraction (MOG2),9,9
2026-07-08 18:04:35.126,103,MOTION DETECTED,Background Subtraction (MOG2),8,8
2026-07-08 18:04:35.152,104,MOTION DETECTED,Background Subtraction (MOG2),12,12
2026-07-08 18:04:35.174,105,MOTION DETECTED,Background Subtraction (MOG2),12,12
2026-07-08 18:04:35.202,106,MOTION DETECTED,Background Subtraction (MOG2),13,13
2026-07-08 18:04:35.226,107,MOTION DETECTED,Background Subtraction (MOG2),11,11
2026-07-08 18:04:35.248,108,MOTION DETECTED,Background Subtraction (MOG2),12,12
2026-07-08 18:04:35.282,109,MOTION DETECTED,Background Subtraction (MOG2),13,13
2026-07-08 18:04:35.313,110,MOTION DETECTED,Background Subtraction (MOG2),12,12
2026-07-08 18:04:35.341,111,MOTION DETECTED,Background Subtraction (MOG2),11,11
2026-07-08 18:04:35.367,112,MOTION DETECTED,Background Subtraction (MOG2),11,11
2026-07-08 18:04:35.398,113,MOTION DETECTED,Background Subtraction (MOG2),11,11
2026-07-08 18:04:35.419,114,MOTION DETECTED,Background Subtraction (MOG2),12,12
2026-07-08 18:04:35.441,115,MOTION DETECTED,Background Subtraction (MOG2),11,11
2026-07-08 18:04:35.467,116,MOTION DETECTED,Background Subtraction (MOG2),13,13
2026-07-08 18:04:35.488,117,MOTION DETECTED,Background Subtraction (MOG2),14,14
2026-07-08 18:04:35.516,118,MOTION DETECTED,Background Subtraction (MOG2),13,13
2026-07-08 18:04:35.540,119,MOTION DETECTED,Background Subtraction (MOG2),12,12
2026-07-08 18:04:35.561,120,MOTION DETECTED,Background Subtraction (MOG2),14,14
2026-07-08 18:04:35.587,121,MOTION DETECTED,Background Subtraction (MOG2),14,14
2026-07-08 18:04:35.611,122,MOTION DETECTED,Background Subtraction (MOG2),12,12
2026-07-08 18:04:35.637,123,MOTION DETECTED,Background Subtraction (MOG2),13,13
2026-07-08 18:04:35.659,124,MOTION DETECTED,Background Subtraction (MOG2),13,13
2026-07-08 18:04:35.682,125,MOTION DETECTED,Background Subtraction (MOG2),13,13
2026-07-08 18:04:35.705,126,MOTION DETECTED,Background Subtraction (MOG2),11,11
2026-07-08 18:04:35.729,127,MOTION DETECTED,Background Subtraction (MOG2),10,10
2026-07-08 18:04:35.751,128,MOTION DETECTED,Background Subtraction (MOG2),11,11
2026-07-08 18:04:35.773,129,MOTION DETECTED,Background Subtraction (MOG2),9,9
2026-07-08 18:04:35.805,130,MOTION DETECTED,Background Subtraction (MOG2),11,11
2026-07-08 18:04:35.831,131,MOTION DETECTED,Background Subtraction (MOG2),9,9
2026-07-08 18:04:35.865,132,MOTION DETECTED,Background Subtraction (MOG2),9,9
2026-07-08 18:04:35.889,133,MOTION DETECTED,Background Subtraction (MOG2),8,8
2026-07-08 18:04:35.917,134,MOTION DETECTED,Background Subtraction (MOG2),8,8
2026-07-08 18:04:35.948,135,MOTION DETECTED,Background Subtraction (MOG2),9,9
2026-07-08 18:04:35.976,136,MOTION DETECTED,Background Subtraction (MOG2),13,13
2026-07-08 18:04:36.003,137,MOTION DETECTED,Background Subtraction (MOG2),11,11
2026-07-08 18:04:36.026,138,MOTION DETECTED,Background Subtraction (MOG2),11,11
2026-07-08 18:04:36.049,139,MOTION DETECTED,Background Subtraction (MOG2),9,9
2026-07-08 18:04:36.072,140,MOTION DETECTED,Background Subtraction (MOG2),10,10
2026-07-08 18:04:36.096,141,MOTION DETECTED,Background Subtraction (MOG2),6,6
2026-07-08 18:04:36.117,142,MOTION DETECTED,Background Subtraction (MOG2),7,7
2026-07-08 18:04:36.161,143,MOTION DETECTED,Background Subtraction (MOG2),6,6
2026-07-08 18:04:36.186,144,MOTION DETECTED,Background Subtraction (MOG2),5,5
2026-07-08 18:04:36.205,145,MOTION DETECTED,Background Subtraction (MOG2),6,6
2026-07-08 18:04:36.231,146,MOTION DETECTED,Background Subtraction (MOG2),6,6
2026-07-08 18:04:36.263,147,MOTION DETECTED,Background Subtraction (MOG2),6,6
2026-07-08 18:04:36.283,148,MOTION DETECTED,Background Subtraction (MOG2),6,6
2026-07-08 18:04:36.308,149,MOTION DETECTED,Background Subtraction (MOG2),8,8
2026-07-08 18:04:36.330,150,MOTION DETECTED,Background Subtraction (MOG2),6,6
2026-07-08 18:04:36.351,151,MOTION DETECTED,Background Subtraction (MOG2),7,7
2026-07-08 18:04:36.375,152,MOTION DETECTED,Background Subtraction (MOG2),5,5
2026-07-08 18:04:36.402,153,MOTION DETECTED,Background Subtraction (MOG2),6,6
2026-07-08 18:04:36.425,154,MOTION DETECTED,Background Subtraction (MOG2),7,7
2026-07-08 18:04:36.449,155,MOTION DETECTED,Background Subtraction (MOG2),5,5
2026-07-08 18:04:36.473,156,MOTION DETECTED,Background Subtraction (MOG2),6,6
2026-07-08 18:04:36.496,157,MOTION DETECTED,Background Subtraction (MOG2),6,6
2026-07-08 18:04:36.522,158,MOTION DETECTED,Background Subtraction (MOG2),6,6
2026-07-08 18:04:36.546,159,MOTION DETECTED,Background Subtraction (MOG2),7,7
2026-07-08 18:04:36.578,160,MOTION DETECTED,Background Subtraction (MOG2),6,6
2026-07-08 18:04:36.598,161,MOTION DETECTED,Background Subtraction (MOG2),8,8
2026-07-08 18:04:36.620,162,MOTION DETECTED,Background Subtraction (MOG2),7,7
2026-07-08 18:04:36.645,163,MOTION DETECTED,Background Subtraction (MOG2),6,6
2026-07-08 18:04:36.670,164,MOTION DETECTED,Background Subtraction (MOG2),8,8
2026-07-08 18:04:36.692,165,MOTION DETECTED,Background Subtraction (MOG2),8,8
2026-07-08 18:04:36.709,166,MOTION DETECTED,Background Subtraction (MOG2),8,8
2026-07-08 18:04:36.742,167,MOTION DETECTED,Background Subtraction (MOG2),8,8
2026-07-08 18:04:36.756,168,MOTION DETECTED,Background Subtraction (MOG2),7,7
2026-07-08 18:04:36.799,169,MOTION DETECTED,Background Subtraction (MOG2),9,9
2026-07-08 18:04:36.831,170,MOTION DETECTED,Background Subtraction (MOG2),10,10
2026-07-08 18:04:36.856,171,MOTION DETECTED,Background Subtraction (MOG2),9,9
2026-07-08 18:04:36.883,172,MOTION DETECTED,Background Subtraction (MOG2),9,9
2026-07-08 18:04:36.916,173,MOTION DETECTED,Background Subtraction (MOG2),8,8
2026-07-08 18:04:36.941,174,MOTION DETECTED,Background Subtraction (MOG2),8,8
2026-07-08 18:04:36.968,175,MOTION DETECTED,Background Subtraction (MOG2),8,8
2026-07-08 18:04:36.990,176,MOTION DETECTED,Background Subtraction (MOG2),8,8
2026-07-08 18:04:37.005,177,MOTION DETECTED,Background Subtraction (MOG2),8,8
2026-07-08 18:04:37.048,178,MOTION DETECTED,Background Subtraction (MOG2),9,9
2026-07-08 18:04:37.069,179,MOTION DETECTED,Background Subtraction (MOG2),9,9
2026-07-08 18:04:37.090,180,MOTION DETECTED,Background Subtraction (MOG2),7,7
2026-07-08 18:04:37.112,181,MOTION DETECTED,Background Subtraction (MOG2),7,7
2026-07-08 18:04:37.143,182,MOTION DETECTED,Background Subtraction (MOG2),8,8
2026-07-08 18:04:37.165,183,MOTION DETECTED,Background Subtraction (MOG2),8,8
2026-07-08 18:04:37.189,184,MOTION DETECTED,Background Subtraction (MOG2),9,9
2026-07-08 18:04:37.215,185,MOTION DETECTED,Background Subtraction (MOG2),12,12
2026-07-08 18:04:37.235,186,MOTION DETECTED,Background Subtraction (MOG2),9,9
2026-07-08 18:04:37.264,187,MOTION DETECTED,Background Subtraction (MOG2),11,11
2026-07-08 18:04:37.292,188,MOTION DETECTED,Background Subtraction (MOG2),11,11
2026-07-08 18:04:37.326,189,MOTION DETECTED,Background Subtraction (MOG2),11,11
2026-07-08 18:04:37.364,190,MOTION DETECTED,Background Subtraction (MOG2),10,10
2026-07-08 18:04:37.386,191,MOTION DETECTED,Background Subtraction (MOG2),10,10
2026-07-08 18:04:37.409,192,MOTION DETECTED,Background Subtraction (MOG2),10,10
2026-07-08 18:04:37.431,193,MOTION DETECTED,Background Subtraction (MOG2),10,10
2026-07-08 18:04:37.457,194,MOTION DETECTED,Background Subtraction (MOG2),10,10
2026-07-08 18:04:37.482,195,MOTION DETECTED,Background Subtraction (MOG2),12,12
2026-07-08 18:04:37.514,196,MOTION DETECTED,Background Subtraction (MOG2),9,9
2026-07-08 18:04:37.537,197,MOTION DETECTED,Background Subtraction (MOG2),10,10
2026-07-08 18:04:37.559,198,MOTION DETECTED,Background Subtraction (MOG2),10,10
2026-07-08 18:04:37.614,199,MOTION DETECTED,Background Subtraction (MOG2),10,10
2026-07-08 18:04:37.645,200,MOTION DETECTED,Background Subtraction (MOG2),9,9
2026-07-08 18:04:37.668,201,MOTION DETECTED,Background Subtraction (MOG2),7,7
2026-07-08 18:04:37.692,202,MOTION DETECTED,Background Subtraction (MOG2),6,6
2026-07-08 18:04:37.717,203,MOTION DETECTED,Background Subtraction (MOG2),7,7
2026-07-08 18:04:37.735,204,MOTION DETECTED,Background Subtraction (MOG2),7,7
2026-07-08 18:04:37.774,205,MOTION DETECTED,Background Subtraction (MOG2),7,7
2026-07-08 18:04:37.798,206,MOTION DETECTED,Background Subtraction (MOG2),6,6
2026-07-08 18:04:37.830,207,MOTION DETECTED,Background Subtraction (MOG2),7,7
2026-07-08 18:04:37.854,208,MOTION DETECTED,Background Subtraction (MOG2),8,8
2026-07-08 18:04:37.887,209,MOTION DETECTED,Background Subtraction (MOG2),7,7
2026-07-08 18:04:37.929,210,MOTION DETECTED,Background Subtraction (MOG2),6,6
2026-07-08 18:04:37.951,211,MOTION DETECTED,Background Subtraction (MOG2),8,8
2026-07-08 18:04:37.982,212,MOTION DETECTED,Background Subtraction (MOG2),8,8
2026-07-08 18:04:38.009,213,MOTION DETECTED,Background Subtraction (MOG2),10,10
2026-07-08 18:04:38.034,214,MOTION DETECTED,Background Subtraction (MOG2),13,13
2026-07-08 18:04:38.054,215,MOTION DETECTED,Background Subtraction (MOG2),13,13
2026-07-08 18:04:38.073,216,MOTION DETECTED,Background Subtraction (MOG2),11,11
2026-07-08 18:04:38.102,217,MOTION DETECTED,Background Subtraction (MOG2),10,10
2026-07-08 18:04:38.122,218,MOTION DETECTED,Background Subtraction (MOG2),7,7
2026-07-08 18:04:38.156,219,MOTION DETECTED,Background Subtraction (MOG2),5,5
2026-07-08 18:04:38.185,220,MOTION DETECTED,Background Subtraction (MOG2),5,5
2026-07-08 18:04:38.206,221,MOTION DETECTED,Background Subtraction (MOG2),4,4
2026-07-08 18:04:38.238,222,MOTION DETECTED,Background Subtraction (MOG2),3,3
2026-07-08 18:04:38.261,223,MOTION DETECTED,Background Subtraction (MOG2),2,2
2026-07-08 18:04:38.285,224,MOTION DETECTED,Background Subtraction (MOG2),3,3
2026-07-08 18:04:38.314,225,MOTION DETECTED,Background Subtraction (MOG2),3,3
2026-07-08 18:04:38.337,226,MOTION DETECTED,Background Subtraction (MOG2),3,3
2026-07-08 18:04:38.365,227,MOTION DETECTED,Background Subtraction (MOG2),3,3
2026-07-08 18:04:38.388,228,MOTION DETECTED,Background Subtraction (MOG2),3,3
2026-07-08 18:04:38.410,229,MOTION DETECTED,Background Subtraction (MOG2),3,3
2026-07-08 18:04:38.436,230,MOTION DETECTED,Background Subtraction (MOG2),3,3
2026-07-08 18:04:38.462,231,MOTION DETECTED,Background Subtraction (MOG2),3,3
2026-07-08 18:04:38.484,232,MOTION DETECTED,Background Subtraction (MOG2),3,3
2026-07-08 18:04:38.506,233,MOTION DETECTED,Background Subtraction (MOG2),3,3
2026-07-08 18:04:38.536,234,MOTION DETECTED,Background Subtraction (MOG2),4,4
2026-07-08 18:04:38.561,235,MOTION DETECTED,Background Subtraction (MOG2),3,3
2026-07-08 18:04:38.584,236,MOTION DETECTED,Background Subtraction (MOG2),1,1
2026-07-08 18:04:38.607,237,MOTION DETECTED,Background Subtraction (MOG2),1,1
2026-07-08 18:04:38.632,238,MOTION DETECTED,Background Subtraction (MOG2),2,2
2026-07-08 18:04:38.661,239,MOTION DETECTED,Background Subtraction (MOG2),3,3
2026-07-08 18:04:38.683,240,MOTION DETECTED,Background Subtraction (MOG2),3,3
2026-07-08 18:04:38.704,241,MOTION DETECTED,Background Subtraction (MOG2),2,2
2026-07-08 18:04:38.726,242,MOTION DETECTED,Background Subtraction (MOG2),2,2
2026-07-08 18:04:38.747,243,MOTION DETECTED,Background Subtraction (MOG2),2,2
2026-07-08 18:04:38.770,244,MOTION DETECTED,Background Subtraction (MOG2),2,2
2026-07-08 18:04:38.787,245,MOTION DETECTED,Background Subtraction (MOG2),2,2
2026-07-08 18:04:38.810,246,MOTION DETECTED,Background Subtraction (MOG2),3,3
2026-07-08 18:04:38.832,247,MOTION DETECTED,Background Subtraction (MOG2),4,4
2026-07-08 18:04:38.855,248,MOTION DETECTED,Background Subtraction (MOG2),3,3
2026-07-08 18:04:38.878,249,MOTION DETECTED,Background Subtraction (MOG2),3,3
2026-07-08 18:04:38.901,250,MOTION DETECTED,Background Subtraction (MOG2),2,2
2026-07-08 18:04:38.921,251,MOTION DETECTED,Background Subtraction (MOG2),4,4
2026-07-08 18:04:38.946,252,MOTION DETECTED,Background Subtraction (MOG2),3,3
2026-07-08 18:04:38.969,253,MOTION DETECTED,Background Subtraction (MOG2),3,3
2026-07-08 18:04:39.000,254,MOTION DETECTED,Background Subtraction (MOG2),2,2
2026-07-08 18:04:39.027,255,MOTION DETECTED,Background Subtraction (MOG2),2,2
2026-07-08 18:04:39.050,256,MOTION DETECTED,Background Subtraction (MOG2),3,3
2026-07-08 18:04:39.068,257,MOTION DETECTED,Background Subtraction (MOG2),3,3
2026-07-08 18:04:39.112,258,MOTION DETECTED,Background Subtraction (MOG2),3,3
2026-07-08 18:04:39.132,259,MOTION DETECTED,Background Subtraction (MOG2),1,1
2026-07-08 18:04:39.161,260,MOTION DETECTED,Background Subtraction (MOG2),3,3
2026-07-08 18:04:39.182,261,MOTION DETECTED,Background Subtraction (MOG2),3,3
2026-07-08 18:04:39.211,262,MOTION DETECTED,Background Subtraction (MOG2),3,3
2026-07-08 18:04:39.231,263,MOTION DETECTED,Background Subtraction (MOG2),3,3
2026-07-08 18:04:39.251,264,MOTION DETECTED,Background Subtraction (MOG2),3,3
2026-07-08 18:04:39.274,265,MOTION DETECTED,Background Subtraction (MOG2),4,4
2026-07-08 18:04:39.299,266,MOTION DETECTED,Background Subtraction (MOG2),4,4
2026-07-08 18:04:39.321,267,MOTION DETECTED,Background Subtraction (MOG2),4,4
2026-07-08 18:04:39.345,268,MOTION DETECTED,Background Subtraction (MOG2),3,3
2026-07-08 18:04:39.368,269,MOTION DETECTED,Background Subtraction (MOG2),3,3
2026-07-08 18:04:39.393,270,MOTION DETECTED,Background Subtraction (MOG2),2,2
2026-07-08 18:04:39.415,271,MOTION DETECTED,Background Subtraction (MOG2),2,2
2026-07-08 18:04:39.445,272,MOTION DETECTED,Background Subtraction (MOG2),3,3
2026-07-08 18:04:39.466,273,MOTION DETECTED,Background Subtraction (MOG2),2,2
2026-07-08 18:04:39.497,274,MOTION DETECTED,Background Subtraction (MOG2),2,2
2026-07-08 18:04:39.517,275,MOTION DETECTED,Background Subtraction (MOG2),2,2
2026-07-08 18:04:39.539,276,MOTION DETECTED,Background Subtraction (MOG2),3,3
2026-07-08 18:04:39.568,277,MOTION DETECTED,Background Subtraction (MOG2),2,2
2026-07-08 18:04:39.591,278,MOTION DETECTED,Background Subtraction (MOG2),3,3
2026-07-08 18:04:39.615,279,MOTION DETECTED,Background Subtraction (MOG2),3,3
2026-07-08 18:04:39.638,280,MOTION DETECTED,Background Subtraction (MOG2),4,4
2026-07-08 18:04:39.659,281,MOTION DETECTED,Background Subtraction (MOG2),4,4
2026-07-08 18:04:39.684,282,MOTION DETECTED,Background Subtraction (MOG2),4,4
2026-07-08 18:04:39.711,283,MOTION DETECTED,Background Subtraction (MOG2),4,4
2026-07-08 18:04:39.732,284,MOTION DETECTED,Background Subtraction (MOG2),4,4
2026-07-08 18:04:39.754,285,MOTION DETECTED,Background Subtraction (MOG2),4,4
2026-07-08 18:04:39.781,286,MOTION DETECTED,Background Subtraction (MOG2),5,5
2026-07-08 18:04:39.809,287,MOTION DETECTED,Background Subtraction (MOG2),4,4
2026-07-08 18:04:39.833,288,MOTION DETECTED,Background Subtraction (MOG2),4,4
2026-07-08 18:04:39.854,289,MOTION DETECTED,Background Subtraction (MOG2),3,3
2026-07-08 18:04:39.877,290,MOTION DETECTED,Background Subtraction (MOG2),3,3
2026-07-08 18:04:39.900,291,MOTION DETECTED,Background Subtraction (MOG2),4,4
2026-07-08 18:04:39.921,292,MOTION DETECTED,Background Subtraction (MOG2),3,3
2026-07-08 18:04:39.942,293,MOTION DETECTED,Background Subtraction (MOG2),4,4
2026-07-08 18:04:39.965,294,MOTION DETECTED,Background Subtraction (MOG2),3,3
2026-07-08 18:04:39.987,295,MOTION DETECTED,Background Subtraction (MOG2),4,4
2026-07-08 18:04:40.009,296,MOTION DETECTED,Background Subtraction (MOG2),4,4
2026-07-08 18:04:40.033,297,MOTION DETECTED,Background Subtraction (MOG2),5,5
2026-07-08 18:04:40.062,298,MOTION DETECTED,Background Subtraction (MOG2),4,4
2026-07-08 18:04:40.082,299,MOTION DETECTED,Background Subtraction (MOG2),4,4
2026-07-08 18:04:40.103,300,MOTION DETECTED,Background Subtraction (MOG2),5,5
2026-07-08 18:04:40.121,301,MOTION DETECTED,Background Subtraction (MOG2),5,5
2026-07-08 18:04:40.146,302,MOTION DETECTED,Background Subtraction (MOG2),5,5
2026-07-08 18:04:40.169,303,MOTION DETECTED,Background Subtraction (MOG2),5,5
2026-07-08 18:04:40.190,304,MOTION DETECTED,Background Subtraction (MOG2),5,5
2026-07-08 18:04:40.211,305,MOTION DETECTED,Background Subtraction (MOG2),3,3
2026-07-08 18:04:40.234,306,MOTION DETECTED,Background Subtraction (MOG2),4,4
2026-07-08 18:04:40.255,307,MOTION DETECTED,Background Subtraction (MOG2),2,2
2026-07-08 18:04:40.280,308,MOTION DETECTED,Background Subtraction (MOG2),3,3
2026-07-08 18:04:40.301,309,MOTION DETECTED,Background Subtraction (MOG2),3,3
2026-07-08 18:04:40.322,310,MOTION DETECTED,Background Subtraction (MOG2),3,3
2026-07-08 18:04:40.345,311,MOTION DETECTED,Background Subtraction (MOG2),4,4
2026-07-08 18:04:40.375,312,MOTION DETECTED,Background Subtraction (MOG2),4,4
2026-07-08 18:04:40.400,313,MOTION DETECTED,Background Subtraction (MOG2),4,4
2026-07-08 18:04:40.426,314,MOTION DETECTED,Background Subtraction (MOG2),4,4
2026-07-08 18:04:40.450,315,MOTION DETECTED,Background Subtraction (MOG2),3,3
2026-07-08 18:04:40.473,316,MOTION DETECTED,Background Subtraction (MOG2),4,4
2026-07-08 18:04:40.493,317,MOTION DETECTED,Background Subtraction (MOG2),5,5
2026-07-08 18:04:40.515,318,MOTION DETECTED,Background Subtraction (MOG2),6,6
2026-07-08 18:04:40.538,319,MOTION DETECTED,Background Subtraction (MOG2),6,6
2026-07-08 18:04:40.564,320,MOTION DETECTED,Background Subtraction (MOG2),5,5
2026-07-08 18:04:40.585,321,MOTION DETECTED,Background Subtraction (MOG2),4,4
2026-07-08 18:04:40.610,322,MOTION DETECTED,Background Subtraction (MOG2),4,4
2026-07-08 18:04:40.631,323,MOTION DETECTED,Background Subtraction (MOG2),4,4
2026-07-08 18:04:40.668,324,MOTION DETECTED,Background Subtraction (MOG2),3,3
2026-07-08 18:04:40.699,325,MOTION DETECTED,Background Subtraction (MOG2),4,4
2026-07-08 18:04:40.737,326,MOTION DETECTED,Background Subtraction (MOG2),5,5
2026-07-08 18:04:40.764,327,MOTION DETECTED,Background Subtraction (MOG2),3,3
2026-07-08 18:04:40.789,328,MOTION DETECTED,Background Subtraction (MOG2),5,5
2026-07-08 18:04:40.814,329,MOTION DETECTED,Background Subtraction (MOG2),7,7
2026-07-08 18:04:40.846,330,MOTION DETECTED,Background Subtraction (MOG2),6,6
2026-07-08 18:04:40.867,331,MOTION DETECTED,Background Subtraction (MOG2),7,7
2026-07-08 18:04:40.888,332,MOTION DETECTED,Background Subtraction (MOG2),10,10
2026-07-08 18:04:40.910,333,MOTION DETECTED,Background Subtraction (MOG2),8,8
2026-07-08 18:04:40.930,334,MOTION DETECTED,Background Subtraction (MOG2),7,7
2026-07-08 18:04:40.951,335,MOTION DETECTED,Background Subtraction (MOG2),8,8
2026-07-08 18:04:40.977,336,MOTION DETECTED,Background Subtraction (MOG2),8,8
2026-07-08 18:04:41.014,337,MOTION DETECTED,Background Subtraction (MOG2),9,9
2026-07-08 18:04:41.040,338,MOTION DETECTED,Background Subtraction (MOG2),8,8
2026-07-08 18:04:41.061,339,MOTION DETECTED,Background Subtraction (MOG2),7,7
2026-07-08 18:04:41.083,340,MOTION DETECTED,Background Subtraction (MOG2),8,8
2026-07-08 18:04:41.102,341,MOTION DETECTED,Background Subtraction (MOG2),8,8
2026-07-08 18:04:41.126,342,MOTION DETECTED,Background Subtraction (MOG2),8,8
2026-07-08 18:04:41.145,343,MOTION DETECTED,Background Subtraction (MOG2),7,7
2026-07-08 18:04:41.170,344,MOTION DETECTED,Background Subtraction (MOG2),7,7
2026-07-08 18:04:41.192,345,MOTION DETECTED,Background Subtraction (MOG2),6,6
2026-07-08 18:04:41.214,346,MOTION DETECTED,Background Subtraction (MOG2),6,6
2026-07-08 18:04:41.241,347,MOTION DETECTED,Background Subtraction (MOG2),5,5
2026-07-08 18:04:41.262,348,MOTION DETECTED,Background Subtraction (MOG2),6,6
2026-07-08 18:04:41.283,349,MOTION DETECTED,Background Subtraction (MOG2),6,6
2026-07-08 18:04:41.306,350,MOTION DETECTED,Background Subtraction (MOG2),5,5
2026-07-08 18:04:41.331,351,MOTION DETECTED,Background Subtraction (MOG2),5,5
2026-07-08 18:04:41.351,352,MOTION DETECTED,Background Subtraction (MOG2),5,5
2026-07-08 18:04:41.375,353,MOTION DETECTED,Background Subtraction (MOG2),5,5
2026-07-08 18:04:41.398,354,MOTION DETECTED,Background Subtraction (MOG2),5,5
2026-07-08 18:04:41.425,355,MOTION DETECTED,Background Subtraction (MOG2),7,7
2026-07-08 18:04:41.448,356,MOTION DETECTED,Background Subtraction (MOG2),7,7
2026-07-08 18:04:41.470,357,MOTION DETECTED,Background Subtraction (MOG2),8,8
2026-07-08 18:04:41.495,358,MOTION DETECTED,Background Subtraction (MOG2),7,7
2026-07-08 18:04:41.527,359,MOTION DETECTED,Background Subtraction (MOG2),6,6
2026-07-08 18:04:41.549,360,MOTION DETECTED,Background Subtraction (MOG2),6,6
2026-07-08 18:04:41.577,361,MOTION DETECTED,Background Subtraction (MOG2),7,7
2026-07-08 18:04:41.599,362,MOTION DETECTED,Background Subtraction (MOG2),5,5
2026-07-08 18:04:41.621,363,MOTION DETECTED,Background Subtraction (MOG2),5,5
2026-07-08 18:04:41.647,364,MOTION DETECTED,Background Subtraction (MOG2),5,5
2026-07-08 18:04:41.667,365,MOTION DETECTED,Background Subtraction (MOG2),7,7
2026-07-08 18:04:41.690,366,MOTION DETECTED,Background Subtraction (MOG2),6,6
2026-07-08 18:04:41.709,367,MOTION DETECTED,Background Subtraction (MOG2),7,7
2026-07-08 18:04:41.734,368,MOTION DETECTED,Background Subtraction (MOG2),5,5
2026-07-08 18:04:41.757,369,MOTION DETECTED,Background Subtraction (MOG2),6,6
2026-07-08 18:04:41.781,370,MOTION DETECTED,Background Subtraction (MOG2),5,5
2026-07-08 18:04:41.805,371,MOTION DETECTED,Background Subtraction (MOG2),5,5
2026-07-08 18:04:41.829,372,MOTION DETECTED,Background Subtraction (MOG2),5,5
2026-07-08 18:04:41.852,373,MOTION DETECTED,Background Subtraction (MOG2),4,4
2026-07-08 18:04:41.881,374,MOTION DETECTED,Background Subtraction (MOG2),6,6
2026-07-08 18:04:41.905,375,MOTION DETECTED,Background Subtraction (MOG2),4,4
2026-07-08 18:04:41.930,376,MOTION DETECTED,Background Subtraction (MOG2),4,4
2026-07-08 18:04:41.955,377,MOTION DETECTED,Background Subtraction (MOG2),4,4
2026-07-08 18:04:41.972,378,MOTION DETECTED,Background Subtraction (MOG2),4,4
2026-07-08 18:04:42.000,379,MOTION DETECTED,Background Subtraction (MOG2),5,5
2026-07-08 18:04:42.022,380,MOTION DETECTED,Background Subtraction (MOG2),5,5
2026-07-08 18:04:42.044,381,MOTION DETECTED,Background Subtraction (MOG2),7,7
2026-07-08 18:04:42.066,382,MOTION DETECTED,Background Subtraction (MOG2),7,7
2026-07-08 18:04:42.086,383,MOTION DETECTED,Background Subtraction (MOG2),8,8
2026-07-08 18:04:42.112,384,MOTION DETECTED,Background Subtraction (MOG2),8,8
2026-07-08 18:04:42.135,385,MOTION DETECTED,Background Subtraction (MOG2),5,5
2026-07-08 18:04:42.155,386,MOTION DETECTED,Background Subtraction (MOG2),4,4
2026-07-08 18:04:42.181,387,MOTION DETECTED,Background Subtraction (MOG2),4,4
2026-07-08 18:04:42.199,388,MOTION DETECTED,Background Subtraction (MOG2),4,4
2026-07-08 18:04:42.222,389,MOTION DETECTED,Background Subtraction (MOG2),5,5
2026-07-08 18:04:42.252,390,MOTION DETECTED,Background Subtraction (MOG2),5,5
2026-07-08 18:04:42.277,391,MOTION DETECTED,Background Subtraction (MOG2),5,5
2026-07-08 18:04:42.314,392,MOTION DETECTED,Background Subtraction (MOG2),4,4
2026-07-08 18:04:42.331,393,MOTION DETECTED,Background Subtraction (MOG2),4,4
2026-07-08 18:04:42.371,394,MOTION DETECTED,Background Subtraction (MOG2),5,5
2026-07-08 18:04:42.394,395,MOTION DETECTED,Background Subtraction (MOG2),4,4
2026-07-08 18:04:42.423,396,MOTION DETECTED,Background Subtraction (MOG2),4,4
2026-07-08 18:04:42.447,397,MOTION DETECTED,Background Subtraction (MOG2),4,4
2026-07-08 18:04:42.467,398,MOTION DETECTED,Background Subtraction (MOG2),3,3
2026-07-08 18:04:42.496,399,MOTION DETECTED,Background Subtraction (MOG2),4,4
2026-07-08 18:04:42.519,400,MOTION DETECTED,Background Subtraction (MOG2),3,3
2026-07-08 18:04:42.540,401,MOTION DETECTED,Background Subtraction (MOG2),5,5
2026-07-08 18:04:42.564,402,MOTION DETECTED,Background Subtraction (MOG2),5,5
2026-07-08 18:04:42.585,403,MOTION DETECTED,Background Subtraction (MOG2),5,5
2026-07-08 18:04:42.608,404,MOTION DETECTED,Background Subtraction (MOG2),4,4
2026-07-08 18:04:42.635,405,MOTION DETECTED,Background Subtraction (MOG2),4,4
2026-07-08 18:04:42.669,406,MOTION DETECTED,Background Subtraction (MOG2),4,4
2026-07-08 18:04:42.702,407,MOTION DETECTED,Background Subtraction (MOG2),3,3
2026-07-08 18:04:42.728,408,MOTION DETECTED,Background Subtraction (MOG2),3,3
2026-07-08 18:04:42.769,409,MOTION DETECTED,Background Subtraction (MOG2),3,3
2026-07-08 18:04:42.787,410,MOTION DETECTED,Background Subtraction (MOG2),3,3
2026-07-08 18:04:42.809,411,MOTION DETECTED,Background Subtraction (MOG2),3,3
2026-07-08 18:04:42.831,412,MOTION DETECTED,Background Subtraction (MOG2),3,3
2026-07-08 18:04:42.855,413,MOTION DETECTED,Background Subtraction (MOG2),3,3
2026-07-08 18:04:42.880,414,MOTION DETECTED,Background Subtraction (MOG2),4,4
2026-07-08 18:04:42.901,415,MOTION DETECTED,Background Subtraction (MOG2),3,3
2026-07-08 18:04:42.921,416,MOTION DETECTED,Background Subtraction (MOG2),3,3
2026-07-08 18:04:42.954,417,MOTION DETECTED,Background Subtraction (MOG2),3,3
2026-07-08 18:04:42.983,418,MOTION DETECTED,Background Subtraction (MOG2),3,3
2026-07-08 18:04:43.011,419,MOTION DETECTED,Background Subtraction (MOG2),2,2
2026-07-08 18:04:43.035,420,MOTION DETECTED,Background Subtraction (MOG2),2,2
2026-07-08 18:04:43.057,421,MOTION DETECTED,Background Subtraction (MOG2),1,1
2026-07-08 18:04:43.077,422,MOTION DETECTED,Background Subtraction (MOG2),1,1
2026-07-08 18:04:43.109,423,MOTION DETECTED,Background Subtraction (MOG2),1,1
2026-07-08 18:04:43.132,424,MOTION DETECTED,Background Subtraction (MOG2),2,2
2026-07-08 18:04:43.158,425,MOTION DETECTED,Background Subtraction (MOG2),2,2
2026-07-08 18:04:43.177,426,MOTION DETECTED,Background Subtraction (MOG2),2,2
2026-07-08 18:04:43.197,427,MOTION DETECTED,Background Subtraction (MOG2),2,2
2026-07-08 18:04:43.218,428,MOTION DETECTED,Background Subtraction (MOG2),2,2
2026-07-08 18:04:43.244,429,MOTION DETECTED,Background Subtraction (MOG2),1,1
2026-07-08 18:04:43.262,430,MOTION DETECTED,Background Subtraction (MOG2),1,1
2026-07-08 18:04:43.286,431,MOTION DETECTED,Background Subtraction (MOG2),1,1
2026-07-08 18:04:43.326,432,MOTION DETECTED,Background Subtraction (MOG2),1,1
2026-07-08 18:04:43.347,433,MOTION DETECTED,Background Subtraction (MOG2),1,1
2026-07-08 18:04:43.369,434,MOTION DETECTED,Background Subtraction (MOG2),1,1
2026-07-08 18:04:43.391,435,MOTION DETECTED,Background Subtraction (MOG2),2,2
2026-07-08 18:04:43.411,436,MOTION DETECTED,Background Subtraction (MOG2),1,1
2026-07-08 18:04:43.432,437,MOTION DETECTED,Background Subtraction (MOG2),1,1
2026-07-08 18:04:43.452,438,MOTION DETECTED,Background Subtraction (MOG2),2,2
2026-07-08 18:04:43.498,439,MOTION DETECTED,Background Subtraction (MOG2),2,2
2026-07-08 18:04:43.522,440,MOTION DETECTED,Background Subtraction (MOG2),1,1
2026-07-08 18:04:43.546,441,MOTION DETECTED,Background Subtraction (MOG2),1,1
2026-07-08 18:04:43.566,442,MOTION DETECTED,Background Subtraction (MOG2),1,1
2026-07-08 18:04:43.591,443,MOTION DETECTED,Background Subtraction (MOG2),1,1
2026-07-08 18:04:43.624,444,MOTION DETECTED,Background Subtraction (MOG2),1,1
2026-07-08 18:04:43.655,445,MOTION DETECTED,Background Subtraction (MOG2),2,2
2026-07-08 18:04:43.671,446,MOTION DETECTED,Background Subtraction (MOG2),4,4
2026-07-08 18:04:43.696,447,MOTION DETECTED,Background Subtraction (MOG2),4,4
2026-07-08 18:04:43.715,448,MOTION DETECTED,Background Subtraction (MOG2),3,3
2026-07-08 18:04:43.739,449,MOTION DETECTED,Background Subtraction (MOG2),4,4
2026-07-08 18:04:43.769,450,MOTION DETECTED,Background Subtraction (MOG2),4,4
2026-07-08 18:04:43.811,451,MOTION DETECTED,Background Subtraction (MOG2),5,5
2026-07-08 18:04:43.832,452,MOTION DETECTED,Background Subtraction (MOG2),6,6
2026-07-08 18:04:43.856,453,MOTION DETECTED,Background Subtraction (MOG2),6,6
2026-07-08 18:04:43.882,454,MOTION DETECTED,Background Subtraction (MOG2),7,7
2026-07-08 18:04:43.909,455,MOTION DETECTED,Background Subtraction (MOG2),7,7
2026-07-08 18:04:43.929,456,MOTION DETECTED,Background Subtraction (MOG2),6,6
2026-07-08 18:04:43.951,457,MOTION DETECTED,Background Subtraction (MOG2),6,6
2026-07-08 18:04:43.979,458,MOTION DETECTED,Background Subtraction (MOG2),5,5
2026-07-08 18:04:44.010,459,MOTION DETECTED,Background Subtraction (MOG2),5,5
2026-07-08 18:04:44.032,460,MOTION DETECTED,Background Subtraction (MOG2),6,6
2026-07-08 18:04:44.052,461,MOTION DETECTED,Background Subtraction (MOG2),5,5
2026-07-08 18:04:44.073,462,MOTION DETECTED,Background Subtraction (MOG2),6,6
2026-07-08 18:04:44.108,463,MOTION DETECTED,Background Subtraction (MOG2),6,6
2026-07-08 18:04:44.134,464,MOTION DETECTED,Background Subtraction (MOG2),6,6
2026-07-08 18:04:44.170,465,MOTION DETECTED,Background Subtraction (MOG2),6,6
2026-07-08 18:04:44.193,466,MOTION DETECTED,Background Subtraction (MOG2),6,6
2026-07-08 18:04:44.219,467,MOTION DETECTED,Background Subtraction (MOG2),7,7
2026-07-08 18:04:44.241,468,MOTION DETECTED,Background Subtraction (MOG2),7,7
2026-07-08 18:04:44.262,469,MOTION DETECTED,Background Subtraction (MOG2),7,7
2026-07-08 18:04:44.285,470,MOTION DETECTED,Background Subtraction (MOG2),7,7
2026-07-08 18:04:44.311,471,MOTION DETECTED,Background Subtraction (MOG2),7,7
2026-07-08 18:04:44.332,472,MOTION DETECTED,Background Subtraction (MOG2),6,6
2026-07-08 18:04:44.366,473,MOTION DETECTED,Background Subtraction (MOG2),8,8
2026-07-08 18:04:44.397,474,MOTION DETECTED,Background Subtraction (MOG2),7,7
2026-07-08 18:04:44.415,475,MOTION DETECTED,Background Subtraction (MOG2),6,6
2026-07-08 18:04:44.444,476,MOTION DETECTED,Background Subtraction (MOG2),6,6
2026-07-08 18:04:44.464,477,MOTION DETECTED,Background Subtraction (MOG2),6,6
2026-07-08 18:04:44.488,478,MOTION DETECTED,Background Subtraction (MOG2),6,6
2026-07-08 18:04:44.510,479,MOTION DETECTED,Background Subtraction (MOG2),6,6
2026-07-08 18:04:44.532,480,MOTION DETECTED,Background Subtraction (MOG2),6,6
2026-07-08 18:04:44.554,481,MOTION DETECTED,Background Subtraction (MOG2),6,6
2026-07-08 18:04:44.594,482,MOTION DETECTED,Background Subtraction (MOG2),5,5
2026-07-08 18:04:44.626,483,MOTION DETECTED,Background Subtraction (MOG2),6,6
2026-07-08 18:04:44.648,484,MOTION DETECTED,Background Subtraction (MOG2),4,4
2026-07-08 18:04:44.680,485,MOTION DETECTED,Background Subtraction (MOG2),6,6
2026-07-08 18:04:44.701,486,MOTION DETECTED,Background Subtraction (MOG2),6,6
2026-07-08 18:04:44.726,487,MOTION DETECTED,Background Subtraction (MOG2),6,6
2026-07-08 18:04:44.749,488,MOTION DETECTED,Background Subtraction (MOG2),5,5
2026-07-08 18:04:44.779,489,MOTION DETECTED,Background Subtraction (MOG2),4,4
2026-07-08 18:04:44.810,490,MOTION DETECTED,Background Subtraction (MOG2),4,4
2026-07-08 18:04:44.831,491,MOTION DETECTED,Background Subtraction (MOG2),4,4
2026-07-08 18:04:44.860,492,MOTION DETECTED,Background Subtraction (MOG2),4,4
2026-07-08 18:04:44.886,493,MOTION DETECTED,Background Subtraction (MOG2),5,5
2026-07-08 18:04:44.910,494,MOTION DETECTED,Background Subtraction (MOG2),6,6
2026-07-08 18:04:44.932,495,MOTION DETECTED,Background Subtraction (MOG2),5,5
2026-07-08 18:04:44.956,496,MOTION DETECTED,Background Subtraction (MOG2),4,4
2026-07-08 18:04:44.980,497,MOTION DETECTED,Background Subtraction (MOG2),4,4
2026-07-08 18:04:45.000,498,MOTION DETECTED,Background Subtraction (MOG2),5,5
2026-07-08 18:04:45.023,499,MOTION DETECTED,Background Subtraction (MOG2),4,4
2026-07-08 18:04:45.050,500,MOTION DETECTED,Background Subtraction (MOG2),5,5
2026-07-08 18:04:45.074,501,MOTION DETECTED,Background Subtraction (MOG2),5,5
2026-07-08 18:04:45.099,502,MOTION DETECTED,Background Subtraction (MOG2),5,5
2026-07-08 18:04:45.131,503,MOTION DETECTED,Background Subtraction (MOG2),5,5
2026-07-08 18:04:45.154,504,MOTION DETECTED,Background Subtraction (MOG2),6,6
2026-07-08 18:04:45.179,505,MOTION DETECTED,Background Subtraction (MOG2),6,6
2026-07-08 18:04:45.199,506,MOTION DETECTED,Background Subtraction (MOG2),7,7
2026-07-08 18:04:45.228,507,MOTION DETECTED,Background Subtraction (MOG2),4,4
2026-07-08 18:04:45.250,508,MOTION DETECTED,Background Subtraction (MOG2),4,4
2026-07-08 18:04:45.270,509,MOTION DETECTED,Background Subtraction (MOG2),4,4
2026-07-08 18:04:45.289,510,MOTION DETECTED,Background Subtraction (MOG2),4,4
2026-07-08 18:04:45.316,511,MOTION DETECTED,Background Subtraction (MOG2),4,4
2026-07-08 18:04:45.342,512,MOTION DETECTED,Background Subtraction (MOG2),3,3
2026-07-08 18:04:45.366,513,MOTION DETECTED,Background Subtraction (MOG2),3,3
2026-07-08 18:04:45.388,514,MOTION DETECTED,Background Subtraction (MOG2),3,3
2026-07-08 18:04:45.408,515,MOTION DETECTED,Background Subtraction (MOG2),4,4
2026-07-08 18:04:45.429,516,MOTION DETECTED,Background Subtraction (MOG2),3,3
2026-07-08 18:04:45.449,517,MOTION DETECTED,Background Subtraction (MOG2),4,4
2026-07-08 18:04:45.472,518,MOTION DETECTED,Background Subtraction (MOG2),5,5
2026-07-08 18:04:45.508,519,MOTION DETECTED,Background Subtraction (MOG2),5,5
2026-07-08 18:04:45.537,520,MOTION DETECTED,Background Subtraction (MOG2),5,5
2026-07-08 18:04:45.562,521,MOTION DETECTED,Background Subtraction (MOG2),5,5
2026-07-08 18:04:45.581,522,MOTION DETECTED,Background Subtraction (MOG2),6,6
2026-07-08 18:04:45.611,523,MOTION DETECTED,Background Subtraction (MOG2),5,5
2026-07-08 18:04:45.634,524,MOTION DETECTED,Background Subtraction (MOG2),5,5
2026-07-08 18:04:45.659,525,MOTION DETECTED,Background Subtraction (MOG2),6,6
2026-07-08 18:04:45.682,526,MOTION DETECTED,Background Subtraction (MOG2),5,5
2026-07-08 18:04:45.709,527,MOTION DETECTED,Background Subtraction (MOG2),5,5
2026-07-08 18:04:45.733,528,MOTION DETECTED,Background Subtraction (MOG2),5,5
2026-07-08 18:04:45.759,529,MOTION DETECTED,Background Subtraction (MOG2),5,5
2026-07-08 18:04:45.782,530,MOTION DETECTED,Background Subtraction (MOG2),4,4
2026-07-08 18:04:45.804,531,MOTION DETECTED,Background Subtraction (MOG2),4,4
2026-07-08 18:04:45.824,532,MOTION DETECTED,Background Subtraction (MOG2),4,4
2026-07-08 18:04:45.843,533,MOTION DETECTED,Background Subtraction (MOG2),3,3
2026-07-08 18:04:45.877,534,MOTION DETECTED,Background Subtraction (MOG2),4,4
2026-07-08 18:04:45.898,535,MOTION DETECTED,Background Subtraction (MOG2),4,4
2026-07-08 18:04:45.917,536,MOTION DETECTED,Background Subtraction (MOG2),3,3
2026-07-08 18:04:45.941,537,MOTION DETECTED,Background Subtraction (MOG2),3,3
2026-07-08 18:04:45.964,538,MOTION DETECTED,Background Subtraction (MOG2),3,3
2026-07-08 18:04:45.985,539,MOTION DETECTED,Background Subtraction (MOG2),4,4
2026-07-08 18:04:46.021,540,MOTION DETECTED,Background Subtraction (MOG2),3,3
2026-07-08 18:04:46.038,541,MOTION DETECTED,Background Subtraction (MOG2),3,3
2026-07-08 18:04:46.066,542,MOTION DETECTED,Background Subtraction (MOG2),4,4
2026-07-08 18:04:46.097,543,MOTION DETECTED,Background Subtraction (MOG2),3,3
2026-07-08 18:04:46.122,544,MOTION DETECTED,Background Subtraction (MOG2),4,4
2026-07-08 18:04:46.157,545,MOTION DETECTED,Background Subtraction (MOG2),5,5
2026-07-08 18:04:46.175,546,MOTION DETECTED,Background Subtraction (MOG2),4,4
2026-07-08 18:04:46.201,547,MOTION DETECTED,Background Subtraction (MOG2),5,5
2026-07-08 18:04:46.223,548,MOTION DETECTED,Background Subtraction (MOG2),6,6
2026-07-08 18:04:46.246,549,MOTION DETECTED,Background Subtraction (MOG2),6,6
2026-07-08 18:04:46.277,550,MOTION DETECTED,Background Subtraction (MOG2),4,4
2026-07-08 18:04:46.297,551,MOTION DETECTED,Background Subtraction (MOG2),4,4
2026-07-08 18:04:46.318,552,MOTION DETECTED,Background Subtraction (MOG2),4,4
2026-07-08 18:04:46.342,553,MOTION DETECTED,Background Subtraction (MOG2),4,4
2026-07-08 18:04:46.365,554,MOTION DETECTED,Background Subtraction (MOG2),5,5
2026-07-08 18:04:46.388,555,MOTION DETECTED,Background Subtraction (MOG2),6,6
2026-07-08 18:04:46.410,556,MOTION DETECTED,Background Subtraction (MOG2),6,6
2026-07-08 18:04:46.434,557,MOTION DETECTED,Background Subtraction (MOG2),6,6
2026-07-08 18:04:46.454,558,MOTION DETECTED,Background Subtraction (MOG2),6,6
2026-07-08 18:04:46.480,559,MOTION DETECTED,Background Subtraction (MOG2),6,6
2026-07-08 18:04:46.506,560,MOTION DETECTED,Background Subtraction (MOG2),6,6
2026-07-08 18:04:46.540,561,MOTION DETECTED,Background Subtraction (MOG2),6,6
2026-07-08 18:04:46.570,562,MOTION DETECTED,Background Subtraction (MOG2),6,6
2026-07-08 18:04:46.592,563,MOTION DETECTED,Background Subtraction (MOG2),6,6
2026-07-08 18:04:46.629,564,MOTION DETECTED,Background Subtraction (MOG2),7,7
2026-07-08 18:04:46.649,565,MOTION DETECTED,Background Subtraction (MOG2),5,5
2026-07-08 18:04:46.685,566,MOTION DETECTED,Background Subtraction (MOG2),5,5
2026-07-08 18:04:46.706,567,MOTION DETECTED,Background Subtraction (MOG2),5,5
2026-07-08 18:04:46.728,568,MOTION DETECTED,Background Subtraction (MOG2),4,4
2026-07-08 18:04:46.750,569,MOTION DETECTED,Background Subtraction (MOG2),4,4
2026-07-08 18:04:46.774,570,MOTION DETECTED,Background Subtraction (MOG2),4,4
2026-07-08 18:04:46.791,571,MOTION DETECTED,Background Subtraction (MOG2),6,6
2026-07-08 18:04:46.814,572,MOTION DETECTED,Background Subtraction (MOG2),5,5
2026-07-08 18:04:46.845,573,MOTION DETECTED,Background Subtraction (MOG2),5,5
2026-07-08 18:04:46.876,574,MOTION DETECTED,Background Subtraction (MOG2),6,6
2026-07-08 18:04:46.899,575,MOTION DETECTED,Background Subtraction (MOG2),6,6
2026-07-08 18:04:46.925,576,MOTION DETECTED,Background Subtraction (MOG2),5,5
2026-07-08 18:04:46.950,577,MOTION DETECTED,Background Subtraction (MOG2),5,5
2026-07-08 18:04:46.979,578,MOTION DETECTED,Background Subtraction (MOG2),6,6
2026-07-08 18:04:47.004,579,MOTION DETECTED,Background Subtraction (MOG2),6,6
2026-07-08 18:04:47.027,580,MOTION DETECTED,Background Subtraction (MOG2),4,4
2026-07-08 18:04:47.050,581,MOTION DETECTED,Background Subtraction (MOG2),4,4
2026-07-08 18:04:47.071,582,MOTION DETECTED,Background Subtraction (MOG2),3,3
2026-07-08 18:04:47.110,583,MOTION DETECTED,Background Subtraction (MOG2),4,4
2026-07-08 18:04:47.135,584,MOTION DETECTED,Background Subtraction (MOG2),4,4
2026-07-08 18:04:47.158,585,MOTION DETECTED,Background Subtraction (MOG2),4,4
2026-07-08 18:04:47.188,586,MOTION DETECTED,Background Subtraction (MOG2),5,5
2026-07-08 18:04:47.213,587,MOTION DETECTED,Background Subtraction (MOG2),6,6
2026-07-08 18:04:47.236,588,MOTION DETECTED,Background Subtraction (MOG2),7,7
2026-07-08 18:04:47.267,589,MOTION DETECTED,Background Subtraction (MOG2),7,7
2026-07-08 18:04:47.297,590,MOTION DETECTED,Background Subtraction (MOG2),10,10
2026-07-08 18:04:47.324,591,MOTION DETECTED,Background Subtraction (MOG2),8,8
2026-07-08 18:04:47.351,592,MOTION DETECTED,Background Subtraction (MOG2),7,7
2026-07-08 18:04:47.382,593,MOTION DETECTED,Background Subtraction (MOG2),7,7
2026-07-08 18:04:47.412,594,MOTION DETECTED,Background Subtraction (MOG2),7,7
2026-07-08 18:04:47.436,595,MOTION DETECTED,Background Subtraction (MOG2),5,5
2026-07-08 18:04:47.460,596,MOTION DETECTED,Background Subtraction (MOG2),5,5
2026-07-08 18:04:47.484,597,MOTION DETECTED,Background Subtraction (MOG2),6,6
2026-07-08 18:04:47.504,598,MOTION DETECTED,Background Subtraction (MOG2),7,7
2026-07-08 18:04:47.544,599,MOTION DETECTED,Background Subtraction (MOG2),7,7
2026-07-08 18:04:47.569,600,MOTION DETECTED,Background Subtraction (MOG2),5,5
2026-07-08 18:04:47.594,601,MOTION DETECTED,Background Subtraction (MOG2),5,5
2026-07-08 18:04:47.629,602,MOTION DETECTED,Background Subtraction (MOG2),7,7
2026-07-08 18:04:47.659,603,MOTION DETECTED,Background Subtraction (MOG2),7,7
2026-07-08 18:04:47.681,604,MOTION DETECTED,Background Subtraction (MOG2),7,7
2026-07-08 18:04:47.705,605,MOTION DETECTED,Background Subtraction (MOG2),6,6
2026-07-08 18:04:47.731,606,MOTION DETECTED,Background Subtraction (MOG2),6,6
2026-07-08 18:04:47.749,607,MOTION DETECTED,Background Subtraction (MOG2),7,7
2026-07-08 18:04:47.777,608,MOTION DETECTED,Background Subtraction (MOG2),6,6
2026-07-08 18:04:47.798,609,MOTION DETECTED,Background Subtraction (MOG2),6,6
2026-07-08 18:04:47.822,610,MOTION DETECTED,Background Subtraction (MOG2),7,7
2026-07-08 18:04:47.845,611,MOTION DETECTED,Background Subtraction (MOG2),7,7
2026-07-08 18:04:47.867,612,MOTION DETECTED,Background Subtraction (MOG2),7,7
2026-07-08 18:04:47.887,613,MOTION DETECTED,Background Subtraction (MOG2),8,8
2026-07-08 18:04:47.914,614,MOTION DETECTED,Background Subtraction (MOG2),7,7
2026-07-08 18:04:47.941,615,MOTION DETECTED,Background Subtraction (MOG2),8,8
2026-07-08 18:04:47.963,616,MOTION DETECTED,Background Subtraction (MOG2),9,9
2026-07-08 18:04:47.997,617,MOTION DETECTED,Background Subtraction (MOG2),10,10
2026-07-08 18:04:48.022,618,MOTION DETECTED,Background Subtraction (MOG2),10,10
2026-07-08 18:04:48.054,619,MOTION DETECTED,Background Subtraction (MOG2),10,10
2026-07-08 18:04:48.094,620,MOTION DETECTED,Background Subtraction (MOG2),10,10
2026-07-08 18:04:48.125,621,MOTION DETECTED,Background Subtraction (MOG2),9,9
2026-07-08 18:04:48.158,622,MOTION DETECTED,Background Subtraction (MOG2),9,9
2026-07-08 18:04:48.181,623,MOTION DETECTED,Background Subtraction (MOG2),8,8
2026-07-08 18:04:48.205,624,MOTION DETECTED,Background Subtraction (MOG2),9,9
2026-07-08 18:04:48.227,625,MOTION DETECTED,Background Subtraction (MOG2),11,11
2026-07-08 18:04:48.259,626,MOTION DETECTED,Background Subtraction (MOG2),11,11
2026-07-08 18:04:48.293,627,MOTION DETECTED,Background Subtraction (MOG2),8,8
2026-07-08 18:04:48.321,628,MOTION DETECTED,Background Subtraction (MOG2),9,9
2026-07-08 18:04:48.347,629,MOTION DETECTED,Background Subtraction (MOG2),9,9
2026-07-08 18:04:48.375,630,MOTION DETECTED,Background Subtraction (MOG2),9,9
2026-07-08 18:04:48.395,631,MOTION DETECTED,Background Subtraction (MOG2),7,7
2026-07-08 18:04:48.426,632,MOTION DETECTED,Background Subtraction (MOG2),7,7
2026-07-08 18:04:48.443,633,MOTION DETECTED,Background Subtraction (MOG2),9,9
2026-07-08 18:04:48.473,634,MOTION DETECTED,Background Subtraction (MOG2),6,6
2026-07-08 18:04:48.488,635,MOTION DETECTED,Background Subtraction (MOG2),9,9
2026-07-08 18:04:48.513,636,MOTION DETECTED,Background Subtraction (MOG2),7,7
2026-07-08 18:04:48.535,637,MOTION DETECTED,Background Subtraction (MOG2),7,7
2026-07-08 18:04:48.554,638,MOTION DETECTED,Background Subtraction (MOG2),8,8
2026-07-08 18:04:48.579,639,MOTION DETECTED,Background Subtraction (MOG2),7,7
2026-07-08 18:04:48.598,640,MOTION DETECTED,Background Subtraction (MOG2),5,5
2026-07-08 18:04:48.625,641,MOTION DETECTED,Background Subtraction (MOG2),5,5
2026-07-08 18:04:48.647,642,MOTION DETECTED,Background Subtraction (MOG2),6,6
2026-07-08 18:04:48.669,643,MOTION DETECTED,Background Subtraction (MOG2),5,5
2026-07-08 18:04:48.689,644,MOTION DETECTED,Background Subtraction (MOG2),5,5
2026-07-08 18:04:48.709,645,MOTION DETECTED,Background Subtraction (MOG2),5,5
2026-07-08 18:04:48.726,646,MOTION DETECTED,Background Subtraction (MOG2),4,4
2026-07-08 18:04:48.749,647,MOTION DETECTED,Background Subtraction (MOG2),6,6
2026-07-08 18:04:48.768,648,MOTION DETECTED,Background Subtraction (MOG2),6,6
2026-07-08 18:04:48.813,649,MOTION DETECTED,Background Subtraction (MOG2),6,6
2026-07-08 18:04:48.835,650,MOTION DETECTED,Background Subtraction (MOG2),5,5
2026-07-08 18:04:48.854,651,MOTION DETECTED,Background Subtraction (MOG2),5,5
2026-07-08 18:04:48.875,652,MOTION DETECTED,Background Subtraction (MOG2),5,5
2026-07-08 18:04:48.898,653,MOTION DETECTED,Background Subtraction (MOG2),5,5
2026-07-08 18:04:48.938,654,MOTION DETECTED,Background Subtraction (MOG2),5,5
2026-07-08 18:04:48.963,655,MOTION DETECTED,Background Subtraction (MOG2),5,5
2026-07-08 18:04:48.984,656,MOTION DETECTED,Background Subtraction (MOG2),5,5
2026-07-08 18:04:49.005,657,MOTION DETECTED,Background Subtraction (MOG2),4,4
2026-07-08 18:04:49.027,658,MOTION DETECTED,Background Subtraction (MOG2),5,5
2026-07-08 18:04:49.048,659,MOTION DETECTED,Background Subtraction (MOG2),5,5
2026-07-08 18:04:49.071,660,MOTION DETECTED,Background Subtraction (MOG2),5,5
2026-07-08 18:04:49.090,661,MOTION DETECTED,Background Subtraction (MOG2),6,6
2026-07-08 18:04:49.111,662,MOTION DETECTED,Background Subtraction (MOG2),5,5
2026-07-08 18:04:49.133,663,MOTION DETECTED,Background Subtraction (MOG2),6,6
2026-07-08 18:04:49.155,664,MOTION DETECTED,Background Subtraction (MOG2),5,5
2026-07-08 18:04:49.180,665,MOTION DETECTED,Background Subtraction (MOG2),4,4
2026-07-08 18:04:49.201,666,MOTION DETECTED,Background Subtraction (MOG2),4,4
2026-07-08 18:04:49.219,667,MOTION DETECTED,Background Subtraction (MOG2),4,4
2026-07-08 18:04:49.262,668,MOTION DETECTED,Background Subtraction (MOG2),4,4
2026-07-08 18:04:49.283,669,MOTION DETECTED,Background Subtraction (MOG2),4,4
2026-07-08 18:04:49.306,670,MOTION DETECTED,Background Subtraction (MOG2),5,5
2026-07-08 18:04:49.326,671,MOTION DETECTED,Background Subtraction (MOG2),5,5
2026-07-08 18:04:49.344,672,MOTION DETECTED,Background Subtraction (MOG2),4,4
2026-07-08 18:04:49.367,673,MOTION DETECTED,Background Subtraction (MOG2),4,4
2026-07-08 18:04:49.397,674,MOTION DETECTED,Background Subtraction (MOG2),4,4
2026-07-08 18:04:49.429,675,MOTION DETECTED,Background Subtraction (MOG2),4,4
2026-07-08 18:04:49.462,676,MOTION DETECTED,Background Subtraction (MOG2),4,4
2026-07-08 18:04:49.484,677,MOTION DETECTED,Background Subtraction (MOG2),4,4
2026-07-08 18:04:49.504,678,MOTION DETECTED,Background Subtraction (MOG2),4,4
2026-07-08 18:04:49.525,679,MOTION DETECTED,Background Subtraction (MOG2),4,4
2026-07-08 18:04:49.549,680,MOTION DETECTED,Background Subtraction (MOG2),2,2
2026-07-08 18:04:49.584,681,MOTION DETECTED,Background Subtraction (MOG2),2,2
2026-07-08 18:04:49.603,682,MOTION DETECTED,Background Subtraction (MOG2),4,4
2026-07-08 18:04:49.626,683,MOTION DETECTED,Background Subtraction (MOG2),3,3
2026-07-08 18:04:49.650,684,MOTION DETECTED,Background Subtraction (MOG2),4,4
2026-07-08 18:04:49.672,685,MOTION DETECTED,Background Subtraction (MOG2),3,3
2026-07-08 18:04:49.698,686,MOTION DETECTED,Background Subtraction (MOG2),3,3
2026-07-08 18:04:49.722,687,MOTION DETECTED,Background Subtraction (MOG2),4,4
2026-07-08 18:04:49.748,688,MOTION DETECTED,Background Subtraction (MOG2),3,3
2026-07-08 18:04:49.769,689,MOTION DETECTED,Background Subtraction (MOG2),3,3
2026-07-08 18:04:49.789,690,MOTION DETECTED,Background Subtraction (MOG2),4,4
2026-07-08 18:04:49.811,691,MOTION DETECTED,Background Subtraction (MOG2),4,4
2026-07-08 18:04:49.833,692,MOTION DETECTED,Background Subtraction (MOG2),3,3
2026-07-08 18:04:49.853,693,MOTION DETECTED,Background Subtraction (MOG2),3,3
2026-07-08 18:04:49.873,694,MOTION DETECTED,Background Subtraction (MOG2),7,7
2026-07-08 18:04:49.895,695,MOTION DETECTED,Background Subtraction (MOG2),5,5
2026-07-08 18:04:49.915,696,MOTION DETECTED,Background Subtraction (MOG2),6,6
2026-07-08 18:04:49.940,697,MOTION DETECTED,Background Subtraction (MOG2),5,5
2026-07-08 18:04:49.965,698,MOTION DETECTED,Background Subtraction (MOG2),4,4
2026-07-08 18:04:49.999,699,MOTION DETECTED,Background Subtraction (MOG2),4,4
2026-07-08 18:04:50.021,700,MOTION DETECTED,Background Subtraction (MOG2),5,5
2026-07-08 18:04:50.043,701,MOTION DETECTED,Background Subtraction (MOG2),5,5
2026-07-08 18:04:50.066,702,MOTION DETECTED,Background Subtraction (MOG2),5,5
2026-07-08 18:04:50.088,703,MOTION DETECTED,Background Subtraction (MOG2),5,5
2026-07-08 18:04:50.109,704,MOTION DETECTED,Background Subtraction (MOG2),5,5
2026-07-08 18:04:50.138,705,MOTION DETECTED,Background Subtraction (MOG2),4,4
2026-07-08 18:04:50.164,706,MOTION DETECTED,Background Subtraction (MOG2),4,4
2026-07-08 18:04:50.197,707,MOTION DETECTED,Background Subtraction (MOG2),4,4
2026-07-08 18:04:50.221,708,MOTION DETECTED,Background Subtraction (MOG2),4,4
2026-07-08 18:04:50.245,709,MOTION DETECTED,Background Subtraction (MOG2),4,4
2026-07-08 18:04:50.271,710,MOTION DETECTED,Background Subtraction (MOG2),4,4
2026-07-08 18:04:50.297,711,MOTION DETECTED,Background Subtraction (MOG2),5,5
2026-07-08 18:04:50.321,712,MOTION DETECTED,Background Subtraction (MOG2),7,7
2026-07-08 18:04:50.346,713,MOTION DETECTED,Background Subtraction (MOG2),5,5
2026-07-08 18:04:50.370,714,MOTION DETECTED,Background Subtraction (MOG2),4,4
2026-07-08 18:04:50.391,715,MOTION DETECTED,Background Subtraction (MOG2),4,4
2026-07-08 18:04:50.416,716,MOTION DETECTED,Background Subtraction (MOG2),4,4
2026-07-08 18:04:50.439,717,MOTION DETECTED,Background Subtraction (MOG2),4,4
2026-07-08 18:04:50.465,718,MOTION DETECTED,Background Subtraction (MOG2),5,5
2026-07-08 18:04:50.495,719,MOTION DETECTED,Background Subtraction (MOG2),5,5
2026-07-08 18:04:50.516,720,MOTION DETECTED,Background Subtraction (MOG2),5,5
2026-07-08 18:04:50.540,721,MOTION DETECTED,Background Subtraction (MOG2),7,7
2026-07-08 18:04:50.565,722,MOTION DETECTED,Background Subtraction (MOG2),6,6
2026-07-08 18:04:50.585,723,MOTION DETECTED,Background Subtraction (MOG2),4,4
2026-07-08 18:04:50.606,724,MOTION DETECTED,Background Subtraction (MOG2),5,5
2026-07-08 18:04:50.627,725,MOTION DETECTED,Background Subtraction (MOG2),4,4
2026-07-08 18:04:50.647,726,MOTION DETECTED,Background Subtraction (MOG2),4,4
2026-07-08 18:04:50.671,727,MOTION DETECTED,Background Subtraction (MOG2),4,4
2026-07-08 18:04:50.695,728,MOTION DETECTED,Background Subtraction (MOG2),3,3
2026-07-08 18:04:50.719,729,MOTION DETECTED,Background Subtraction (MOG2),4,4
2026-07-08 18:04:50.756,730,MOTION DETECTED,Background Subtraction (MOG2),2,2
2026-07-08 18:04:50.777,731,MOTION DETECTED,Background Subtraction (MOG2),4,4
2026-07-08 18:04:50.800,732,MOTION DETECTED,Background Subtraction (MOG2),5,5
2026-07-08 18:04:50.823,733,MOTION DETECTED,Background Subtraction (MOG2),6,6
2026-07-08 18:04:50.851,734,MOTION DETECTED,Background Subtraction (MOG2),7,7
2026-07-08 18:04:50.876,735,MOTION DETECTED,Background Subtraction (MOG2),8,8
2026-07-08 18:04:50.898,736,MOTION DETECTED,Background Subtraction (MOG2),10,10
2026-07-08 18:04:50.921,737,MOTION DETECTED,Background Subtraction (MOG2),8,8
2026-07-08 18:04:50.945,738,MOTION DETECTED,Background Subtraction (MOG2),7,7
2026-07-08 18:04:50.967,739,MOTION DETECTED,Background Subtraction (MOG2),9,9
2026-07-08 18:04:50.993,740,MOTION DETECTED,Background Subtraction (MOG2),10,10
2026-07-08 18:04:51.020,741,MOTION DETECTED,Background Subtraction (MOG2),10,10
2026-07-08 18:04:51.038,742,MOTION DETECTED,Background Subtraction (MOG2),10,10
2026-07-08 18:04:51.066,743,MOTION DETECTED,Background Subtraction (MOG2),9,9
2026-07-08 18:04:51.098,744,MOTION DETECTED,Background Subtraction (MOG2),9,9
2026-07-08 18:04:51.118,745,MOTION DETECTED,Background Subtraction (MOG2),9,9
2026-07-08 18:04:51.139,746,MOTION DETECTED,Background Subtraction (MOG2),9,9
2026-07-08 18:04:51.164,747,MOTION DETECTED,Background Subtraction (MOG2),8,8
2026-07-08 18:04:51.188,748,MOTION DETECTED,Background Subtraction (MOG2),10,10
2026-07-08 18:04:51.216,749,MOTION DETECTED,Background Subtraction (MOG2),12,12
2026-07-08 18:04:51.238,750,MOTION DETECTED,Background Subtraction (MOG2),9,9
2026-07-08 18:04:51.279,751,MOTION DETECTED,Background Subtraction (MOG2),9,9
2026-07-08 18:04:51.315,752,MOTION DETECTED,Background Subtraction (MOG2),7,7
2026-07-08 18:04:51.342,753,MOTION DETECTED,Background Subtraction (MOG2),7,7
2026-07-08 18:04:51.365,754,MOTION DETECTED,Background Subtraction (MOG2),9,9
2026-07-08 18:04:51.391,755,MOTION DETECTED,Background Subtraction (MOG2),8,8
2026-07-08 18:04:51.414,756,MOTION DETECTED,Background Subtraction (MOG2),5,5
2026-07-08 18:04:51.438,757,MOTION DETECTED,Background Subtraction (MOG2),7,7
2026-07-08 18:04:51.473,758,MOTION DETECTED,Background Subtraction (MOG2),6,6
2026-07-08 18:04:51.501,759,MOTION DETECTED,Background Subtraction (MOG2),6,6
2026-07-08 18:04:51.528,760,MOTION DETECTED,Background Subtraction (MOG2),8,8
2026-07-08 18:04:51.552,761,MOTION DETECTED,Background Subtraction (MOG2),8,8
2026-07-08 18:04:51.578,762,MOTION DETECTED,Background Subtraction (MOG2),7,7
2026-07-08 18:04:51.599,763,MOTION DETECTED,Background Subtraction (MOG2),8,8
2026-07-08 18:04:51.623,764,MOTION DETECTED,Background Subtraction (MOG2),6,6
2026-07-08 18:04:51.659,765,MOTION DETECTED,Background Subtraction (MOG2),6,6
2026-07-08 18:04:51.690,766,MOTION DETECTED,Background Subtraction (MOG2),10,10
2026-07-08 18:04:51.707,767,MOTION DETECTED,Background Subtraction (MOG2),10,10
2026-07-08 18:04:51.734,768,MOTION DETECTED,Background Subtraction (MOG2),10,10
2026-07-08 18:04:51.757,769,MOTION DETECTED,Background Subtraction (MOG2),7,7
2026-07-08 18:04:51.780,770,MOTION DETECTED,Background Subtraction (MOG2),6,6
2026-07-08 18:04:51.805,771,MOTION DETECTED,Background Subtraction (MOG2),5,5
2026-07-08 18:04:51.833,772,MOTION DETECTED,Background Subtraction (MOG2),6,6
2026-07-08 18:04:51.857,773,MOTION DETECTED,Background Subtraction (MOG2),6,6
2026-07-08 18:04:51.889,774,MOTION DETECTED,Background Subtraction (MOG2),7,7
2026-07-08 18:04:51.906,775,MOTION DETECTED,Background Subtraction (MOG2),10,10
2026-07-08 18:04:51.930,776,MOTION DETECTED,Background Subtraction (MOG2),7,7
2026-07-08 18:04:51.954,777,MOTION DETECTED,Background Subtraction (MOG2),6,6
2026-07-08 18:04:51.976,778,MOTION DETECTED,Background Subtraction (MOG2),7,7
2026-07-08 18:04:51.999,779,MOTION DETECTED,Background Subtraction (MOG2),7,7
2026-07-08 18:04:52.023,780,MOTION DETECTED,Background Subtraction (MOG2),7,7
2026-07-08 18:04:52.044,781,MOTION DETECTED,Background Subtraction (MOG2),7,7
2026-07-08 18:04:52.081,782,MOTION DETECTED,Background Subtraction (MOG2),7,7
2026-07-08 18:04:52.103,783,MOTION DETECTED,Background Subtraction (MOG2),8,8
2026-07-08 18:04:52.121,784,MOTION DETECTED,Background Subtraction (MOG2),9,9
2026-07-08 18:04:52.150,785,MOTION DETECTED,Background Subtraction (MOG2),12,12
2026-07-08 18:04:52.176,786,MOTION DETECTED,Background Subtraction (MOG2),12,12
2026-07-08 18:04:52.198,787,MOTION DETECTED,Background Subtraction (MOG2),11,11
2026-07-08 18:04:52.231,788,MOTION DETECTED,Background Subtraction (MOG2),13,13
2026-07-08 18:04:52.253,789,MOTION DETECTED,Background Subtraction (MOG2),13,13
2026-07-08 18:04:52.273,790,MOTION DETECTED,Background Subtraction (MOG2),12,12
2026-07-08 18:04:52.296,791,MOTION DETECTED,Background Subtraction (MOG2),15,15
2026-07-08 18:04:52.319,792,MOTION DETECTED,Background Subtraction (MOG2),13,13
2026-07-08 18:04:52.346,793,MOTION DETECTED,Background Subtraction (MOG2),14,14
2026-07-08 18:04:52.377,794,MOTION DETECTED,Background Subtraction (MOG2),12,12
2026-07-08 18:04:52.399,795,MOTION DETECTED,Background Subtraction (MOG2),10,10
2026-07-08 18:04:52.416,796,MOTION DETECTED,Background Subtraction (MOG2),11,11
2026-07-08 18:04:52.441,797,MOTION DETECTED,Background Subtraction (MOG2),10,10
2026-07-08 18:04:52.462,798,MOTION DETECTED,Background Subtraction (MOG2),10,10
2026-07-08 18:04:52.480,799,MOTION DETECTED,Background Subtraction (MOG2),9,9
2026-07-08 18:04:52.501,800,MOTION DETECTED,Background Subtraction (MOG2),7,7
2026-07-08 18:04:52.525,801,MOTION DETECTED,Background Subtraction (MOG2),9,9
2026-07-08 18:04:52.548,802,MOTION DETECTED,Background Subtraction (MOG2),8,8
2026-07-08 18:04:52.585,803,MOTION DETECTED,Background Subtraction (MOG2),11,11
2026-07-08 18:04:52.606,804,MOTION DETECTED,Background Subtraction (MOG2),11,11
2026-07-08 18:04:52.626,805,MOTION DETECTED,Background Subtraction (MOG2),9,9
2026-07-08 18:04:52.650,806,MOTION DETECTED,Background Subtraction (MOG2),9,9
2026-07-08 18:04:52.671,807,MOTION DETECTED,Background Subtraction (MOG2),10,10
2026-07-08 18:04:52.693,808,MOTION DETECTED,Background Subtraction (MOG2),11,11
2026-07-08 18:04:52.718,809,MOTION DETECTED,Background Subtraction (MOG2),9,9
2026-07-08 18:04:52.738,810,MOTION DETECTED,Background Subtraction (MOG2),9,9
2026-07-08 18:04:52.760,811,MOTION DETECTED,Background Subtraction (MOG2),7,7
2026-07-08 18:04:52.783,812,MOTION DETECTED,Background Subtraction (MOG2),8,8
2026-07-08 18:04:52.807,813,MOTION DETECTED,Background Subtraction (MOG2),8,8
2026-07-08 18:04:52.827,814,MOTION DETECTED,Background Subtraction (MOG2),8,8
2026-07-08 18:04:52.853,815,MOTION DETECTED,Background Subtraction (MOG2),7,7
2026-07-08 18:04:52.874,816,MOTION DETECTED,Background Subtraction (MOG2),7,7
2026-07-08 18:04:52.900,817,MOTION DETECTED,Background Subtraction (MOG2),6,6
2026-07-08 18:04:52.924,818,MOTION DETECTED,Background Subtraction (MOG2),6,6
2026-07-08 18:04:52.947,819,MOTION DETECTED,Background Subtraction (MOG2),6,6
2026-07-08 18:04:52.969,820,MOTION DETECTED,Background Subtraction (MOG2),7,7
2026-07-08 18:04:53.004,821,MOTION DETECTED,Background Subtraction (MOG2),7,7
2026-07-08 18:04:53.024,822,MOTION DETECTED,Background Subtraction (MOG2),6,6
2026-07-08 18:04:53.048,823,MOTION DETECTED,Background Subtraction (MOG2),7,7
2026-07-08 18:04:53.069,824,MOTION DETECTED,Background Subtraction (MOG2),5,5
2026-07-08 18:04:53.091,825,MOTION DETECTED,Background Subtraction (MOG2),4,4
2026-07-08 18:04:53.112,826,MOTION DETECTED,Background Subtraction (MOG2),3,3
2026-07-08 18:04:53.132,827,MOTION DETECTED,Background Subtraction (MOG2),3,3
2026-07-08 18:04:53.150,828,MOTION DETECTED,Background Subtraction (MOG2),3,3
2026-07-08 18:04:53.175,829,MOTION DETECTED,Background Subtraction (MOG2),3,3
2026-07-08 18:04:53.196,830,MOTION DETECTED,Background Subtraction (MOG2),3,3
2026-07-08 18:04:53.223,831,MOTION DETECTED,Background Subtraction (MOG2),3,3
2026-07-08 18:04:53.252,832,MOTION DETECTED,Background Subtraction (MOG2),3,3
2026-07-08 18:04:53.276,833,MOTION DETECTED,Background Subtraction (MOG2),2,2
2026-07-08 18:04:53.297,834,MOTION DETECTED,Background Subtraction (MOG2),2,2
2026-07-08 18:04:53.320,835,MOTION DETECTED,Background Subtraction (MOG2),2,2
2026-07-08 18:04:53.340,836,MOTION DETECTED,Background Subtraction (MOG2),2,2
2026-07-08 18:04:53.358,837,MOTION DETECTED,Background Subtraction (MOG2),1,1
2026-07-08 18:04:53.380,838,MOTION DETECTED,Background Subtraction (MOG2),1,1
2026-07-08 18:04:53.403,839,MOTION DETECTED,Background Subtraction (MOG2),2,2
2026-07-08 18:04:53.425,840,MOTION DETECTED,Background Subtraction (MOG2),2,2
2026-07-08 18:04:53.450,841,MOTION DETECTED,Background Subtraction (MOG2),1,1
2026-07-08 18:04:53.472,842,NO MOTION,Background Subtraction (MOG2),0,0
2026-07-08 18:04:53.491,843,NO MOTION,Background Subtraction (MOG2),0,0
2026-07-08 18:04:53.508,844,NO MOTION,Background Subtraction (MOG2),0,0
2026-07-08 18:04:53.524,845,NO MOTION,Background Subtraction (MOG2),0,0
2026-07-08 18:04:53.542,846,NO MOTION,Background Subtraction (MOG2),0,0
2026-07-08 18:04:53.558,847,NO MOTION,Background Subtraction (MOG2),0,0
2026-07-08 18:04:53.578,848,MOTION DETECTED,Background Subtraction (MOG2),2,2
2026-07-08 18:04:53.597,849,NO MOTION,Background Subtraction (MOG2),0,0
2026-07-08 18:04:53.621,850,MOTION DETECTED,Background Subtraction (MOG2),1,1
2026-07-08 18:04:53.656,851,MOTION DETECTED,Background Subtraction (MOG2),1,1
2026-07-08 18:04:53.674,852,MOTION DETECTED,Background Subtraction (MOG2),1,1
2026-07-08 18:04:53.709,853,NO MOTION,Background Subtraction (MOG2),0,0
2026-07-08 18:04:53.724,854,NO MOTION,Background Subtraction (MOG2),0,0
2026-07-08 18:04:53.741,855,NO MOTION,Background Subtraction (MOG2),0,0
2026-07-08 18:04:53.773,856,NO MOTION,Background Subtraction (MOG2),0,0
2026-07-08 18:04:53.806,857,MOTION DETECTED,Background Subtraction (MOG2),1,1
2026-07-08 18:04:53.826,858,MOTION DETECTED,Background Subtraction (MOG2),1,1
2026-07-08 18:04:53.845,859,MOTION DETECTED,Background Subtraction (MOG2),1,1
2026-07-08 18:04:53.867,860,MOTION DETECTED,Background Subtraction (MOG2),2,2
2026-07-08 18:04:53.893,861,MOTION DETECTED,Background Subtraction (MOG2),2,2
2026-07-08 18:04:53.916,862,MOTION DETECTED,Background Subtraction (MOG2),2,2
2026-07-08 18:04:53.944,863,MOTION DETECTED,Background Subtraction (MOG2),2,2
2026-07-08 18:04:53.967,864,MOTION DETECTED,Background Subtraction (MOG2),2,2
2026-07-08 18:04:53.991,865,MOTION DETECTED,Background Subtraction (MOG2),2,2
2026-07-08 18:04:54.016,866,MOTION DETECTED,Background Subtraction (MOG2),2,2
2026-07-08 18:04:54.039,867,MOTION DETECTED,Background Subtraction (MOG2),2,2
2026-07-08 18:04:54.068,868,MOTION DETECTED,Background Subtraction (MOG2),1,1
2026-07-08 18:04:54.093,869,MOTION DETECTED,Background Subtraction (MOG2),1,1
2026-07-08 18:04:54.115,870,MOTION DETECTED,Background Subtraction (MOG2),1,1
2026-07-08 18:04:54.135,871,MOTION DETECTED,Background Subtraction (MOG2),1,1
2026-07-08 18:04:54.156,872,MOTION DETECTED,Background Subtraction (MOG2),2,2
2026-07-08 18:04:54.176,873,MOTION DETECTED,Background Subtraction (MOG2),2,2
2026-07-08 18:04:54.200,874,MOTION DETECTED,Background Subtraction (MOG2),2,2
2026-07-08 18:04:54.222,875,MOTION DETECTED,Background Subtraction (MOG2),1,1
2026-07-08 18:04:54.239,876,MOTION DETECTED,Background Subtraction (MOG2),1,1
2026-07-08 18:04:54.259,877,NO MOTION,Background Subtraction (MOG2),0,0
2026-07-08 18:04:54.281,878,NO MOTION,Background Subtraction (MOG2),0,0
2026-07-08 18:04:54.298,879,NO MOTION,Background Subtraction (MOG2),0,0
2026-07-08 18:04:54.315,880,NO MOTION,Background Subtraction (MOG2),0,0
2026-07-08 18:04:54.331,881,NO MOTION,Background Subtraction (MOG2),0,0
2026-07-08 18:04:54.349,882,NO MOTION,Background Subtraction (MOG2),0,0
2026-07-08 18:04:54.368,883,NO MOTION,Background Subtraction (MOG2),0,0
2026-07-08 18:04:54.387,884,NO MOTION,Background Subtraction (MOG2),0,0
2026-07-08 18:04:54.408,885,MOTION DETECTED,Background Subtraction (MOG2),1,1
2026-07-08 18:04:54.431,886,MOTION DETECTED,Background Subtraction (MOG2),1,1
2026-07-08 18:04:54.449,887,MOTION DETECTED,Background Subtraction (MOG2),1,1
2026-07-08 18:04:54.470,888,MOTION DETECTED,Background Subtraction (MOG2),1,1
2026-07-08 18:04:54.493,889,MOTION DETECTED,Background Subtraction (MOG2),1,1
2026-07-08 18:04:54.514,890,MOTION DETECTED,Background Subtraction (MOG2),1,1
2026-07-08 18:04:54.536,891,MOTION DETECTED,Background Subtraction (MOG2),1,1
2026-07-08 18:04:54.556,892,MOTION DETECTED,Background Subtraction (MOG2),1,1
2026-07-08 18:04:54.578,893,MOTION DETECTED,Background Subtraction (MOG2),1,1
2026-07-08 18:04:54.589,894,NO MOTION,Background Subtraction (MOG2),0,0
2026-07-08 18:04:54.610,895,NO MOTION,Background Subtraction (MOG2),0,0
2026-07-08 18:04:54.625,896,NO MOTION,Background Subtraction (MOG2),0,0
2026-07-08 18:04:54.642,897,NO MOTION,Background Subtraction (MOG2),0,0
2026-07-08 18:20:42.704,1,NO MOTION,Background Subtraction (MOG2),0,0
2026-07-08 18:20:42.803,2,NO MOTION,Background Subtraction (MOG2),0,0
2026-07-08 18:20:42.883,3,MOTION DETECTED,Background Subtraction (MOG2),10,10
2026-07-08 18:20:42.936,4,MOTION DETECTED,Background Subtraction (MOG2),21,21
2026-07-08 18:20:42.985,5,MOTION DETECTED,Background Subtraction (MOG2),19,19
2026-07-08 18:20:43.035,6,MOTION DETECTED,Background Subtraction (MOG2),21,21
2026-07-08 18:20:43.088,7,MOTION DETECTED,Background Subtraction (MOG2),25,25
2026-07-08 18:20:43.144,8,MOTION DETECTED,Background Subtraction (MOG2),23,23
2026-07-08 18:20:43.201,9,MOTION DETECTED,Background Subtraction (MOG2),28,28
2026-07-08 18:20:43.267,10,MOTION DETECTED,Background Subtraction (MOG2),30,30
2026-07-08 18:20:43.329,11,MOTION DETECTED,Background Subtraction (MOG2),33,33
2026-07-08 18:20:43.383,12,MOTION DETECTED,Background Subtraction (MOG2),38,38
2026-07-08 18:20:43.439,13,MOTION DETECTED,Background Subtraction (MOG2),40,40
2026-07-08 18:20:43.487,14,MOTION DETECTED,Background Subtraction (MOG2),39,39
2026-07-08 18:20:43.537,15,MOTION DETECTED,Background Subtraction (MOG2),43,43
2026-07-08 18:20:43.614,16,MOTION DETECTED,Background Subtraction (MOG2),39,39
2026-07-08 18:20:43.667,17,MOTION DETECTED,Background Subtraction (MOG2),37,37
2026-07-08 18:20:43.704,18,MOTION DETECTED,Background Subtraction (MOG2),30,30
2026-07-08 18:20:43.759,19,MOTION DETECTED,Background Subtraction (MOG2),32,32
2026-07-08 18:20:43.818,20,MOTION DETECTED,Background Subtraction (MOG2),30,30
2026-07-08 18:20:43.860,21,MOTION DETECTED,Background Subtraction (MOG2),32,32
2026-07-08 18:20:43.914,22,MOTION DETECTED,Background Subtraction (MOG2),36,36
2026-07-08 18:20:43.965,23,MOTION DETECTED,Background Subtraction (MOG2),37,37
2026-07-08 18:20:44.006,24,MOTION DETECTED,Background Subtraction (MOG2),34,34
2026-07-08 18:20:44.057,25,MOTION DETECTED,Background Subtraction (MOG2),34,34
2026-07-08 18:20:44.101,26,MOTION DETECTED,Background Subtraction (MOG2),36,36
2026-07-08 18:20:44.150,27,MOTION DETECTED,Background Subtraction (MOG2),31,31
2026-07-08 18:20:44.234,28,MOTION DETECTED,Background Subtraction (MOG2),33,33
2026-07-08 18:20:44.293,29,MOTION DETECTED,Background Subtraction (MOG2),35,35
2026-07-08 18:20:44.336,30,MOTION DETECTED,Background Subtraction (MOG2),38,38
2026-07-08 18:20:44.386,31,MOTION DETECTED,Background Subtraction (MOG2),34,34
2026-07-08 18:20:44.450,32,MOTION DETECTED,Background Subtraction (MOG2),31,31
2026-07-08 18:20:44.523,33,MOTION DETECTED,Background Subtraction (MOG2),27,27
2026-07-08 18:20:44.569,34,MOTION DETECTED,Background Subtraction (MOG2),32,32
2026-07-08 18:20:44.618,35,MOTION DETECTED,Background Subtraction (MOG2),28,28
2026-07-08 18:20:44.656,36,MOTION DETECTED,Background Subtraction (MOG2),26,26
2026-07-08 18:20:44.700,37,MOTION DETECTED,Background Subtraction (MOG2),25,25
2026-07-08 18:20:44.739,38,MOTION DETECTED,Background Subtraction (MOG2),21,21
2026-07-08 18:20:44.787,39,MOTION DETECTED,Background Subtraction (MOG2),19,19
2026-07-08 18:20:44.820,40,MOTION DETECTED,Background Subtraction (MOG2),20,20
2026-07-08 18:20:44.877,41,MOTION DETECTED,Background Subtraction (MOG2),22,22
2026-07-08 18:20:44.920,42,MOTION DETECTED,Background Subtraction (MOG2),20,20
2026-07-08 18:20:44.965,43,MOTION DETECTED,Background Subtraction (MOG2),17,17
2026-07-08 18:20:45.009,44,MOTION DETECTED,Background Subtraction (MOG2),17,17
2026-07-08 18:20:45.053,45,MOTION DETECTED,Background Subtraction (MOG2),18,18
2026-07-08 18:20:45.090,46,MOTION DETECTED,Background Subtraction (MOG2),22,22
2026-07-08 18:20:45.140,47,MOTION DETECTED,Background Subtraction (MOG2),24,24
2026-07-08 18:20:45.169,48,MOTION DETECTED,Background Subtraction (MOG2),23,23
2026-07-08 18:20:45.204,49,MOTION DETECTED,Background Subtraction (MOG2),23,23
2026-07-08 18:20:45.257,50,MOTION DETECTED,Background Subtraction (MOG2),29,29
2026-07-08 18:20:45.289,51,MOTION DETECTED,Background Subtraction (MOG2),26,26
2026-07-08 18:20:45.321,52,MOTION DETECTED,Background Subtraction (MOG2),31,31
2026-07-08 18:20:45.371,53,MOTION DETECTED,Background Subtraction (MOG2),31,31
2026-07-08 18:20:45.418,54,MOTION DETECTED,Background Subtraction (MOG2),31,31
2026-07-08 18:20:45.452,55,MOTION DETECTED,Background Subtraction (MOG2),30,30
2026-07-08 18:20:45.485,56,MOTION DETECTED,Background Subtraction (MOG2),30,30
2026-07-08 18:20:45.522,57,MOTION DETECTED,Background Subtraction (MOG2),30,30
2026-07-08 18:20:45.553,58,MOTION DETECTED,Background Subtraction (MOG2),28,28
2026-07-08 18:20:45.587,59,MOTION DETECTED,Background Subtraction (MOG2),31,31
2026-07-08 18:20:45.623,60,MOTION DETECTED,Background Subtraction (MOG2),30,30
2026-07-08 18:20:45.664,61,MOTION DETECTED,Background Subtraction (MOG2),34,34
2026-07-08 18:20:45.701,62,MOTION DETECTED,Background Subtraction (MOG2),35,35
2026-07-08 18:20:45.740,63,MOTION DETECTED,Background Subtraction (MOG2),32,32
2026-07-08 18:20:45.770,64,MOTION DETECTED,Background Subtraction (MOG2),30,30
2026-07-08 18:20:45.804,65,MOTION DETECTED,Background Subtraction (MOG2),26,26
2026-07-08 18:20:45.835,66,MOTION DETECTED,Background Subtraction (MOG2),25,25
2026-07-08 18:20:45.873,67,MOTION DETECTED,Background Subtraction (MOG2),25,25
2026-07-08 18:20:45.910,68,MOTION DETECTED,Background Subtraction (MOG2),27,27
2026-07-08 18:20:45.942,69,MOTION DETECTED,Background Subtraction (MOG2),26,26
2026-07-08 18:20:45.978,70,MOTION DETECTED,Background Subtraction (MOG2),27,27
2026-07-08 18:20:46.009,71,MOTION DETECTED,Background Subtraction (MOG2),30,30
2026-07-08 18:20:46.040,72,MOTION DETECTED,Background Subtraction (MOG2),30,30
2026-07-08 18:20:46.076,73,MOTION DETECTED,Background Subtraction (MOG2),33,33
2026-07-08 18:20:46.111,74,MOTION DETECTED,Background Subtraction (MOG2),39,39
2026-07-08 18:20:46.141,75,MOTION DETECTED,Background Subtraction (MOG2),40,40
2026-07-08 18:20:46.185,76,MOTION DETECTED,Background Subtraction (MOG2),35,35
2026-07-08 18:20:46.221,77,MOTION DETECTED,Background Subtraction (MOG2),32,32
2026-07-08 18:20:46.266,78,MOTION DETECTED,Background Subtraction (MOG2),32,32
2026-07-08 18:20:46.303,79,MOTION DETECTED,Background Subtraction (MOG2),32,32
2026-07-08 18:20:46.339,80,MOTION DETECTED,Background Subtraction (MOG2),33,33
2026-07-08 18:20:46.393,81,MOTION DETECTED,Background Subtraction (MOG2),36,36
2026-07-08 18:20:46.426,82,MOTION DETECTED,Background Subtraction (MOG2),41,41
2026-07-08 18:20:46.465,83,MOTION DETECTED,Background Subtraction (MOG2),43,43
2026-07-08 18:20:46.500,84,MOTION DETECTED,Background Subtraction (MOG2),40,40
2026-07-08 18:20:46.535,85,MOTION DETECTED,Background Subtraction (MOG2),43,43
2026-07-08 18:20:46.573,86,MOTION DETECTED,Background Subtraction (MOG2),38,38
2026-07-08 18:20:46.604,87,MOTION DETECTED,Background Subtraction (MOG2),41,41
2026-07-08 18:20:46.638,88,MOTION DETECTED,Background Subtraction (MOG2),42,42
2026-07-08 18:20:46.704,89,MOTION DETECTED,Background Subtraction (MOG2),34,34
2026-07-08 18:20:46.742,90,MOTION DETECTED,Background Subtraction (MOG2),34,34
2026-07-08 18:20:46.774,91,MOTION DETECTED,Background Subtraction (MOG2),35,35
2026-07-08 18:20:46.806,92,MOTION DETECTED,Background Subtraction (MOG2),44,44
2026-07-08 18:20:46.838,93,MOTION DETECTED,Background Subtraction (MOG2),45,45
2026-07-08 18:20:46.883,94,MOTION DETECTED,Background Subtraction (MOG2),43,43
2026-07-08 18:20:46.923,95,MOTION DETECTED,Background Subtraction (MOG2),41,41
2026-07-08 18:20:46.954,96,MOTION DETECTED,Background Subtraction (MOG2),40,40
2026-07-08 18:20:46.986,97,MOTION DETECTED,Background Subtraction (MOG2),46,46
2026-07-08 18:20:47.045,98,MOTION DETECTED,Background Subtraction (MOG2),42,42
2026-07-08 18:20:47.087,99,MOTION DETECTED,Background Subtraction (MOG2),45,45
2026-07-08 18:20:47.121,100,MOTION DETECTED,Background Subtraction (MOG2),41,41
2026-07-08 18:20:47.165,101,MOTION DETECTED,Background Subtraction (MOG2),38,38
2026-07-08 18:20:47.233,102,MOTION DETECTED,Background Subtraction (MOG2),38,38
2026-07-08 18:20:47.270,103,MOTION DETECTED,Background Subtraction (MOG2),33,33
2026-07-08 18:20:47.302,104,MOTION DETECTED,Background Subtraction (MOG2),32,32
2026-07-08 18:20:47.335,105,MOTION DETECTED,Background Subtraction (MOG2),33,33
2026-07-08 18:20:47.380,106,MOTION DETECTED,Background Subtraction (MOG2),34,34
2026-07-08 18:20:47.423,107,MOTION DETECTED,Background Subtraction (MOG2),36,36
2026-07-08 18:20:47.456,108,MOTION DETECTED,Background Subtraction (MOG2),44,44
2026-07-08 18:20:47.490,109,MOTION DETECTED,Background Subtraction (MOG2),44,44
2026-07-08 18:20:47.523,110,MOTION DETECTED,Background Subtraction (MOG2),44,44
2026-07-08 18:20:47.555,111,MOTION DETECTED,Background Subtraction (MOG2),47,47
2026-07-08 18:20:47.588,112,MOTION DETECTED,Background Subtraction (MOG2),45,45
2026-07-08 18:20:47.620,113,MOTION DETECTED,Background Subtraction (MOG2),47,47
2026-07-08 18:20:47.652,114,MOTION DETECTED,Background Subtraction (MOG2),46,46
2026-07-08 18:20:47.687,115,MOTION DETECTED,Background Subtraction (MOG2),43,43
2026-07-08 18:20:47.719,116,MOTION DETECTED,Background Subtraction (MOG2),48,48
2026-07-08 18:20:47.756,117,MOTION DETECTED,Background Subtraction (MOG2),48,48
2026-07-08 18:20:47.786,118,MOTION DETECTED,Background Subtraction (MOG2),41,41
2026-07-08 18:20:47.821,119,MOTION DETECTED,Background Subtraction (MOG2),48,48
2026-07-08 18:20:47.852,120,MOTION DETECTED,Background Subtraction (MOG2),40,40
2026-07-08 18:20:47.885,121,MOTION DETECTED,Background Subtraction (MOG2),41,41
2026-07-08 18:20:47.935,122,MOTION DETECTED,Background Subtraction (MOG2),43,43
2026-07-08 18:20:47.968,123,MOTION DETECTED,Background Subtraction (MOG2),42,42
2026-07-08 18:20:48.002,124,MOTION DETECTED,Background Subtraction (MOG2),40,40
2026-07-08 18:20:48.036,125,MOTION DETECTED,Background Subtraction (MOG2),43,43
2026-07-08 18:20:48.071,126,MOTION DETECTED,Background Subtraction (MOG2),40,40
2026-07-08 18:20:48.103,127,MOTION DETECTED,Background Subtraction (MOG2),36,36
2026-07-08 18:20:48.143,128,MOTION DETECTED,Background Subtraction (MOG2),36,36
2026-07-08 18:20:48.171,129,MOTION DETECTED,Background Subtraction (MOG2),37,37
2026-07-08 18:20:48.206,130,MOTION DETECTED,Background Subtraction (MOG2),35,35
2026-07-08 18:20:48.235,131,MOTION DETECTED,Background Subtraction (MOG2),34,34
2026-07-08 18:20:48.275,132,MOTION DETECTED,Background Subtraction (MOG2),33,33
2026-07-08 18:20:48.302,133,MOTION DETECTED,Background Subtraction (MOG2),34,34
2026-07-08 18:20:48.338,134,MOTION DETECTED,Background Subtraction (MOG2),38,38
2026-07-08 18:20:48.372,135,MOTION DETECTED,Background Subtraction (MOG2),38,38
2026-07-08 18:20:48.402,136,MOTION DETECTED,Background Subtraction (MOG2),39,39
2026-07-08 18:20:48.436,137,MOTION DETECTED,Background Subtraction (MOG2),43,43
2026-07-08 18:20:48.468,138,MOTION DETECTED,Background Subtraction (MOG2),43,43
2026-07-08 18:20:48.504,139,MOTION DETECTED,Background Subtraction (MOG2),38,38
2026-07-08 18:20:48.537,140,MOTION DETECTED,Background Subtraction (MOG2),43,43
2026-07-08 18:20:48.573,141,MOTION DETECTED,Background Subtraction (MOG2),40,40
2026-07-08 18:20:48.605,142,MOTION DETECTED,Background Subtraction (MOG2),44,44
2026-07-08 18:20:48.640,143,MOTION DETECTED,Background Subtraction (MOG2),44,44
2026-07-08 18:20:48.670,144,MOTION DETECTED,Background Subtraction (MOG2),43,43
2026-07-08 18:20:48.704,145,MOTION DETECTED,Background Subtraction (MOG2),42,42
2026-07-08 18:20:48.739,146,MOTION DETECTED,Background Subtraction (MOG2),43,43
2026-07-08 18:20:48.771,147,MOTION DETECTED,Background Subtraction (MOG2),40,40
2026-07-08 18:20:48.805,148,MOTION DETECTED,Background Subtraction (MOG2),42,42
2026-07-08 18:20:48.836,149,MOTION DETECTED,Background Subtraction (MOG2),41,41
2026-07-08 18:20:48.877,150,MOTION DETECTED,Background Subtraction (MOG2),42,42
2026-07-08 18:20:48.914,151,MOTION DETECTED,Background Subtraction (MOG2),41,41
2026-07-08 18:20:48.946,152,MOTION DETECTED,Background Subtraction (MOG2),43,43
2026-07-08 18:20:48.989,153,MOTION DETECTED,Background Subtraction (MOG2),47,47
2026-07-08 18:20:49.027,154,MOTION DETECTED,Background Subtraction (MOG2),44,44
2026-07-08 18:20:49.057,155,MOTION DETECTED,Background Subtraction (MOG2),43,43
2026-07-08 18:20:49.100,156,MOTION DETECTED,Background Subtraction (MOG2),41,41
2026-07-08 18:20:49.147,157,MOTION DETECTED,Background Subtraction (MOG2),47,47
2026-07-08 18:20:49.187,158,MOTION DETECTED,Background Subtraction (MOG2),47,47
2026-07-08 18:20:49.230,159,MOTION DETECTED,Background Subtraction (MOG2),44,44
2026-07-08 18:20:49.257,160,MOTION DETECTED,Background Subtraction (MOG2),43,43
2026-07-08 18:20:49.288,161,MOTION DETECTED,Background Subtraction (MOG2),46,46
2026-07-08 18:20:49.323,162,MOTION DETECTED,Background Subtraction (MOG2),45,45
2026-07-08 18:20:49.353,163,MOTION DETECTED,Background Subtraction (MOG2),44,44
2026-07-08 18:20:49.385,164,MOTION DETECTED,Background Subtraction (MOG2),46,46
2026-07-08 18:20:49.419,165,MOTION DETECTED,Background Subtraction (MOG2),46,46
2026-07-08 18:20:49.454,166,MOTION DETECTED,Background Subtraction (MOG2),46,46
2026-07-08 18:20:49.491,167,MOTION DETECTED,Background Subtraction (MOG2),46,46
2026-07-08 18:20:49.522,168,MOTION DETECTED,Background Subtraction (MOG2),45,45
2026-07-08 18:20:49.554,169,MOTION DETECTED,Background Subtraction (MOG2),46,46
2026-07-08 18:20:49.589,170,MOTION DETECTED,Background Subtraction (MOG2),39,39
2026-07-08 18:20:49.621,171,MOTION DETECTED,Background Subtraction (MOG2),38,38
2026-07-08 18:20:49.652,172,MOTION DETECTED,Background Subtraction (MOG2),42,42
2026-07-08 18:20:49.685,173,MOTION DETECTED,Background Subtraction (MOG2),39,39
2026-07-08 18:20:49.754,174,MOTION DETECTED,Background Subtraction (MOG2),37,37
2026-07-08 18:20:49.788,175,MOTION DETECTED,Background Subtraction (MOG2),40,40
2026-07-08 18:20:49.820,176,MOTION DETECTED,Background Subtraction (MOG2),41,41
2026-07-08 18:20:49.857,177,MOTION DETECTED,Background Subtraction (MOG2),40,40
2026-07-08 18:20:49.926,178,MOTION DETECTED,Background Subtraction (MOG2),44,44
2026-07-08 18:20:49.951,179,MOTION DETECTED,Background Subtraction (MOG2),42,42
2026-07-08 18:20:49.988,180,MOTION DETECTED,Background Subtraction (MOG2),36,36
2026-07-08 18:20:50.031,181,MOTION DETECTED,Background Subtraction (MOG2),44,44
2026-07-08 18:20:50.063,182,MOTION DETECTED,Background Subtraction (MOG2),45,45
2026-07-08 18:20:50.091,183,MOTION DETECTED,Background Subtraction (MOG2),44,44
2026-07-08 18:20:50.121,184,MOTION DETECTED,Background Subtraction (MOG2),41,41
2026-07-08 18:20:50.155,185,MOTION DETECTED,Background Subtraction (MOG2),40,40
2026-07-08 18:20:50.188,186,MOTION DETECTED,Background Subtraction (MOG2),41,41
2026-07-08 18:20:50.221,187,MOTION DETECTED,Background Subtraction (MOG2),41,41
2026-07-08 18:20:50.256,188,MOTION DETECTED,Background Subtraction (MOG2),38,38
2026-07-08 18:20:50.289,189,MOTION DETECTED,Background Subtraction (MOG2),38,38
2026-07-08 18:20:50.323,190,MOTION DETECTED,Background Subtraction (MOG2),38,38
2026-07-08 18:20:50.354,191,MOTION DETECTED,Background Subtraction (MOG2),37,37
2026-07-08 18:20:50.386,192,MOTION DETECTED,Background Subtraction (MOG2),37,37
2026-07-08 18:20:50.423,193,MOTION DETECTED,Background Subtraction (MOG2),36,36
2026-07-08 18:20:50.456,194,MOTION DETECTED,Background Subtraction (MOG2),34,34
2026-07-08 18:20:50.509,195,MOTION DETECTED,Background Subtraction (MOG2),30,30
2026-07-08 18:20:50.559,196,MOTION DETECTED,Background Subtraction (MOG2),32,32
2026-07-08 18:20:50.605,197,MOTION DETECTED,Background Subtraction (MOG2),38,38
2026-07-08 18:20:50.646,198,MOTION DETECTED,Background Subtraction (MOG2),40,40
2026-07-08 18:20:50.686,199,MOTION DETECTED,Background Subtraction (MOG2),37,37
2026-07-08 18:20:50.729,200,MOTION DETECTED,Background Subtraction (MOG2),34,34
2026-07-08 18:20:50.775,201,MOTION DETECTED,Background Subtraction (MOG2),33,33
2026-07-08 18:20:50.808,202,MOTION DETECTED,Background Subtraction (MOG2),37,37
2026-07-08 18:20:50.866,203,MOTION DETECTED,Background Subtraction (MOG2),39,39
2026-07-08 18:20:50.908,204,MOTION DETECTED,Background Subtraction (MOG2),40,40
2026-07-08 18:20:50.939,205,MOTION DETECTED,Background Subtraction (MOG2),41,41
2026-07-08 18:20:50.970,206,MOTION DETECTED,Background Subtraction (MOG2),41,41
2026-07-08 18:20:51.001,207,MOTION DETECTED,Background Subtraction (MOG2),42,42
2026-07-08 18:20:51.041,208,MOTION DETECTED,Background Subtraction (MOG2),43,43
2026-07-08 18:20:51.068,209,MOTION DETECTED,Background Subtraction (MOG2),39,39
2026-07-08 18:20:51.101,210,MOTION DETECTED,Background Subtraction (MOG2),34,34
2026-07-08 18:20:51.135,211,MOTION DETECTED,Background Subtraction (MOG2),36,36
2026-07-08 18:20:51.169,212,MOTION DETECTED,Background Subtraction (MOG2),34,34
2026-07-08 18:20:51.200,213,MOTION DETECTED,Background Subtraction (MOG2),35,35
2026-07-08 18:20:51.242,214,MOTION DETECTED,Background Subtraction (MOG2),33,33
2026-07-08 18:20:51.275,215,MOTION DETECTED,Background Subtraction (MOG2),37,37
2026-07-08 18:20:51.319,216,MOTION DETECTED,Background Subtraction (MOG2),34,34
2026-07-08 18:20:51.369,217,MOTION DETECTED,Background Subtraction (MOG2),33,33
2026-07-08 18:20:51.407,218,MOTION DETECTED,Background Subtraction (MOG2),32,32
2026-07-08 18:20:51.458,219,MOTION DETECTED,Background Subtraction (MOG2),31,31
2026-07-08 18:20:51.503,220,MOTION DETECTED,Background Subtraction (MOG2),32,32
2026-07-08 18:20:51.546,221,MOTION DETECTED,Background Subtraction (MOG2),36,36
2026-07-08 18:20:51.586,222,MOTION DETECTED,Background Subtraction (MOG2),37,37
2026-07-08 18:20:51.626,223,MOTION DETECTED,Background Subtraction (MOG2),38,38
2026-07-08 18:20:51.667,224,MOTION DETECTED,Background Subtraction (MOG2),38,38
2026-07-08 18:20:51.714,225,MOTION DETECTED,Background Subtraction (MOG2),38,38
2026-07-08 18:20:51.753,226,MOTION DETECTED,Background Subtraction (MOG2),37,37
2026-07-08 18:20:51.792,227,MOTION DETECTED,Background Subtraction (MOG2),38,38
2026-07-08 18:20:51.834,228,MOTION DETECTED,Background Subtraction (MOG2),34,34
2026-07-08 18:20:51.878,229,MOTION DETECTED,Background Subtraction (MOG2),28,28
2026-07-08 18:20:51.926,230,MOTION DETECTED,Background Subtraction (MOG2),26,26
2026-07-08 18:20:51.965,231,MOTION DETECTED,Background Subtraction (MOG2),22,22
2026-07-08 18:20:52.002,232,MOTION DETECTED,Background Subtraction (MOG2),19,19
2026-07-08 18:20:52.050,233,MOTION DETECTED,Background Subtraction (MOG2),21,21
2026-07-08 18:20:52.091,234,MOTION DETECTED,Background Subtraction (MOG2),19,19
2026-07-08 18:20:52.121,235,MOTION DETECTED,Background Subtraction (MOG2),16,16
2026-07-08 18:20:52.151,236,MOTION DETECTED,Background Subtraction (MOG2),15,15
2026-07-08 18:20:52.184,237,MOTION DETECTED,Background Subtraction (MOG2),15,15
2026-07-08 18:20:52.218,238,MOTION DETECTED,Background Subtraction (MOG2),16,16
2026-07-08 18:20:52.252,239,MOTION DETECTED,Background Subtraction (MOG2),13,13
2026-07-08 18:20:52.287,240,MOTION DETECTED,Background Subtraction (MOG2),14,14
2026-07-08 18:20:52.321,241,MOTION DETECTED,Background Subtraction (MOG2),14,14
2026-07-08 18:20:52.357,242,MOTION DETECTED,Background Subtraction (MOG2),15,15
2026-07-08 18:20:52.383,243,MOTION DETECTED,Background Subtraction (MOG2),12,12
2026-07-08 18:20:52.419,244,MOTION DETECTED,Background Subtraction (MOG2),12,12
2026-07-08 18:20:52.450,245,MOTION DETECTED,Background Subtraction (MOG2),10,10
2026-07-08 18:20:52.478,246,MOTION DETECTED,Background Subtraction (MOG2),7,7
2026-07-08 18:20:52.505,247,MOTION DETECTED,Background Subtraction (MOG2),7,7
2026-07-08 18:20:52.536,248,MOTION DETECTED,Background Subtraction (MOG2),8,8
2026-07-08 18:20:52.569,249,MOTION DETECTED,Background Subtraction (MOG2),8,8
2026-07-08 18:20:52.602,250,MOTION DETECTED,Background Subtraction (MOG2),9,9
2026-07-08 18:20:52.646,251,MOTION DETECTED,Background Subtraction (MOG2),10,10
2026-07-08 18:20:52.683,252,MOTION DETECTED,Background Subtraction (MOG2),11,11
2026-07-08 18:20:52.706,253,MOTION DETECTED,Background Subtraction (MOG2),12,12
2026-07-08 18:20:52.753,254,MOTION DETECTED,Background Subtraction (MOG2),11,11
2026-07-08 18:20:52.793,255,MOTION DETECTED,Background Subtraction (MOG2),11,11
2026-07-08 18:20:52.824,256,MOTION DETECTED,Background Subtraction (MOG2),8,8
2026-07-08 18:20:52.859,257,MOTION DETECTED,Background Subtraction (MOG2),11,11
2026-07-08 18:20:52.930,258,MOTION DETECTED,Background Subtraction (MOG2),12,12
2026-07-08 18:20:52.970,259,MOTION DETECTED,Background Subtraction (MOG2),11,11
2026-07-08 18:20:53.002,260,MOTION DETECTED,Background Subtraction (MOG2),12,12
2026-07-08 18:20:53.044,261,MOTION DETECTED,Background Subtraction (MOG2),11,11
2026-07-08 18:20:53.108,262,MOTION DETECTED,Background Subtraction (MOG2),14,14
2026-07-08 18:20:53.152,263,MOTION DETECTED,Background Subtraction (MOG2),13,13
2026-07-08 18:20:53.196,264,MOTION DETECTED,Background Subtraction (MOG2),13,13
2026-07-08 18:20:53.262,265,MOTION DETECTED,Background Subtraction (MOG2),13,13
2026-07-08 18:20:53.295,266,MOTION DETECTED,Background Subtraction (MOG2),12,12
2026-07-08 18:20:53.339,267,MOTION DETECTED,Background Subtraction (MOG2),12,12
2026-07-08 18:20:53.378,268,MOTION DETECTED,Background Subtraction (MOG2),13,13
2026-07-08 18:20:53.407,269,MOTION DETECTED,Background Subtraction (MOG2),13,13
2026-07-08 18:20:53.438,270,MOTION DETECTED,Background Subtraction (MOG2),15,15
2026-07-08 18:20:53.471,271,MOTION DETECTED,Background Subtraction (MOG2),15,15
2026-07-08 18:20:53.504,272,MOTION DETECTED,Background Subtraction (MOG2),20,20
2026-07-08 18:20:53.535,273,MOTION DETECTED,Background Subtraction (MOG2),17,17
2026-07-08 18:20:53.569,274,MOTION DETECTED,Background Subtraction (MOG2),16,16
2026-07-08 18:20:53.602,275,MOTION DETECTED,Background Subtraction (MOG2),19,19
2026-07-08 18:20:53.637,276,MOTION DETECTED,Background Subtraction (MOG2),18,18
2026-07-08 18:20:53.673,277,MOTION DETECTED,Background Subtraction (MOG2),18,18
2026-07-08 18:20:53.705,278,MOTION DETECTED,Background Subtraction (MOG2),18,18
2026-07-08 18:20:53.738,279,MOTION DETECTED,Background Subtraction (MOG2),17,17
2026-07-08 18:20:53.777,280,MOTION DETECTED,Background Subtraction (MOG2),19,19
2026-07-08 18:20:53.818,281,MOTION DETECTED,Background Subtraction (MOG2),16,16
2026-07-08 18:20:53.857,282,MOTION DETECTED,Background Subtraction (MOG2),14,14
2026-07-08 18:20:53.905,283,MOTION DETECTED,Background Subtraction (MOG2),12,12
2026-07-08 18:20:53.945,284,MOTION DETECTED,Background Subtraction (MOG2),14,14
2026-07-08 18:20:53.986,285,MOTION DETECTED,Background Subtraction (MOG2),11,11
2026-07-08 18:20:54.022,286,MOTION DETECTED,Background Subtraction (MOG2),14,14
2026-07-08 18:20:54.054,287,MOTION DETECTED,Background Subtraction (MOG2),15,15
2026-07-08 18:20:54.092,288,MOTION DETECTED,Background Subtraction (MOG2),15,15
2026-07-08 18:20:54.135,289,MOTION DETECTED,Background Subtraction (MOG2),18,18
2026-07-08 18:20:54.170,290,MOTION DETECTED,Background Subtraction (MOG2),20,20
2026-07-08 18:20:54.220,291,MOTION DETECTED,Background Subtraction (MOG2),18,18
2026-07-08 18:20:54.268,292,MOTION DETECTED,Background Subtraction (MOG2),19,19
2026-07-08 18:20:54.312,293,MOTION DETECTED,Background Subtraction (MOG2),25,25
2026-07-08 18:20:54.361,294,MOTION DETECTED,Background Subtraction (MOG2),20,20
2026-07-08 18:20:54.391,295,MOTION DETECTED,Background Subtraction (MOG2),23,23
2026-07-08 18:20:54.425,296,MOTION DETECTED,Background Subtraction (MOG2),25,25
2026-07-08 18:20:54.473,297,MOTION DETECTED,Background Subtraction (MOG2),25,25
2026-07-08 18:20:54.502,298,MOTION DETECTED,Background Subtraction (MOG2),23,23
2026-07-08 18:20:54.540,299,MOTION DETECTED,Background Subtraction (MOG2),24,24
2026-07-08 18:20:54.574,300,MOTION DETECTED,Background Subtraction (MOG2),22,22
2026-07-08 18:20:54.610,301,MOTION DETECTED,Background Subtraction (MOG2),23,23
2026-07-08 18:20:54.658,302,MOTION DETECTED,Background Subtraction (MOG2),23,23
2026-07-08 18:20:54.704,303,MOTION DETECTED,Background Subtraction (MOG2),26,26
2026-07-08 18:20:54.735,304,MOTION DETECTED,Background Subtraction (MOG2),24,24
2026-07-08 18:20:54.781,305,MOTION DETECTED,Background Subtraction (MOG2),23,23
2026-07-08 18:20:54.824,306,MOTION DETECTED,Background Subtraction (MOG2),25,25
2026-07-08 18:20:54.858,307,MOTION DETECTED,Background Subtraction (MOG2),27,27
2026-07-08 18:20:54.900,308,MOTION DETECTED,Background Subtraction (MOG2),25,25
2026-07-08 18:20:54.939,309,MOTION DETECTED,Background Subtraction (MOG2),23,23
2026-07-08 18:20:54.970,310,MOTION DETECTED,Background Subtraction (MOG2),20,20
2026-07-08 18:20:55.005,311,MOTION DETECTED,Background Subtraction (MOG2),21,21
2026-07-08 18:20:55.042,312,MOTION DETECTED,Background Subtraction (MOG2),23,23
2026-07-08 18:20:55.070,313,MOTION DETECTED,Background Subtraction (MOG2),22,22
2026-07-08 18:20:55.113,314,MOTION DETECTED,Background Subtraction (MOG2),21,21
2026-07-08 18:20:55.136,315,MOTION DETECTED,Background Subtraction (MOG2),22,22
2026-07-08 18:20:55.163,316,MOTION DETECTED,Background Subtraction (MOG2),25,25
2026-07-08 18:20:55.187,317,MOTION DETECTED,Background Subtraction (MOG2),20,20
2026-07-08 18:20:55.210,318,MOTION DETECTED,Background Subtraction (MOG2),22,22
2026-07-08 18:20:55.244,319,MOTION DETECTED,Background Subtraction (MOG2),19,19
2026-07-08 18:20:55.285,320,MOTION DETECTED,Background Subtraction (MOG2),22,22
2026-07-08 18:20:55.319,321,MOTION DETECTED,Background Subtraction (MOG2),22,22
2026-07-08 18:20:55.354,322,MOTION DETECTED,Background Subtraction (MOG2),21,21
2026-07-08 18:20:55.385,323,MOTION DETECTED,Background Subtraction (MOG2),24,24
2026-07-08 18:20:55.436,324,MOTION DETECTED,Background Subtraction (MOG2),23,23
2026-07-08 18:20:55.474,325,MOTION DETECTED,Background Subtraction (MOG2),24,24
2026-07-08 18:20:55.518,326,MOTION DETECTED,Background Subtraction (MOG2),27,27
2026-07-08 18:20:55.551,327,MOTION DETECTED,Background Subtraction (MOG2),27,27
2026-07-08 18:20:55.590,328,MOTION DETECTED,Background Subtraction (MOG2),21,21
2026-07-08 18:20:55.628,329,MOTION DETECTED,Background Subtraction (MOG2),22,22
2026-07-08 18:20:55.676,330,MOTION DETECTED,Background Subtraction (MOG2),21,21
2026-07-08 18:20:55.713,331,MOTION DETECTED,Background Subtraction (MOG2),21,21
2026-07-08 18:20:55.748,332,MOTION DETECTED,Background Subtraction (MOG2),24,24
2026-07-08 18:20:55.838,333,MOTION DETECTED,Background Subtraction (MOG2),25,25
2026-07-08 18:20:55.884,334,MOTION DETECTED,Background Subtraction (MOG2),24,24
2026-07-08 18:20:55.923,335,MOTION DETECTED,Background Subtraction (MOG2),25,25
2026-07-08 18:20:55.970,336,MOTION DETECTED,Background Subtraction (MOG2),23,23
2026-07-08 18:20:56.036,337,MOTION DETECTED,Background Subtraction (MOG2),20,20
2026-07-08 18:20:56.085,338,MOTION DETECTED,Background Subtraction (MOG2),23,23
2026-07-08 18:20:56.127,339,MOTION DETECTED,Background Subtraction (MOG2),23,23
2026-07-08 18:20:56.162,340,MOTION DETECTED,Background Subtraction (MOG2),25,25
2026-07-08 18:20:56.225,341,MOTION DETECTED,Background Subtraction (MOG2),21,21
2026-07-08 18:20:56.274,342,MOTION DETECTED,Background Subtraction (MOG2),23,23
2026-07-08 18:20:56.318,343,MOTION DETECTED,Background Subtraction (MOG2),22,22
2026-07-08 18:20:56.352,344,MOTION DETECTED,Background Subtraction (MOG2),23,23
2026-07-08 18:20:56.393,345,MOTION DETECTED,Background Subtraction (MOG2),23,23
2026-07-08 18:20:56.434,346,MOTION DETECTED,Background Subtraction (MOG2),19,19
2026-07-08 18:20:56.473,347,MOTION DETECTED,Background Subtraction (MOG2),19,19
2026-07-08 18:20:56.522,348,MOTION DETECTED,Background Subtraction (MOG2),23,23
2026-07-08 18:20:56.560,349,MOTION DETECTED,Background Subtraction (MOG2),24,24
2026-07-08 18:20:56.593,350,MOTION DETECTED,Background Subtraction (MOG2),25,25
2026-07-08 18:20:56.624,351,MOTION DETECTED,Background Subtraction (MOG2),28,28
2026-07-08 18:20:56.652,352,MOTION DETECTED,Background Subtraction (MOG2),35,35
2026-07-08 18:20:56.724,353,MOTION DETECTED,Background Subtraction (MOG2),33,33
2026-07-08 18:20:56.772,354,MOTION DETECTED,Background Subtraction (MOG2),31,31
2026-07-08 18:20:56.812,355,MOTION DETECTED,Background Subtraction (MOG2),31,31
2026-07-08 18:20:56.855,356,MOTION DETECTED,Background Subtraction (MOG2),33,33
2026-07-08 18:20:56.894,357,MOTION DETECTED,Background Subtraction (MOG2),31,31
2026-07-08 18:20:56.930,358,MOTION DETECTED,Background Subtraction (MOG2),33,33
2026-07-08 18:20:56.969,359,MOTION DETECTED,Background Subtraction (MOG2),34,34
2026-07-08 18:20:57.015,360,MOTION DETECTED,Background Subtraction (MOG2),35,35
2026-07-08 18:20:57.057,361,MOTION DETECTED,Background Subtraction (MOG2),33,33
2026-07-08 18:20:57.100,362,MOTION DETECTED,Background Subtraction (MOG2),33,33
2026-07-08 18:20:57.145,363,MOTION DETECTED,Background Subtraction (MOG2),32,32
2026-07-08 18:20:57.188,364,MOTION DETECTED,Background Subtraction (MOG2),31,31
2026-07-08 18:20:57.223,365,MOTION DETECTED,Background Subtraction (MOG2),38,38
2026-07-08 18:20:57.257,366,MOTION DETECTED,Background Subtraction (MOG2),40,40
2026-07-08 18:20:57.301,367,MOTION DETECTED,Background Subtraction (MOG2),37,37
2026-07-08 18:20:57.337,368,MOTION DETECTED,Background Subtraction (MOG2),38,38
2026-07-08 18:20:57.368,369,MOTION DETECTED,Background Subtraction (MOG2),35,35
2026-07-08 18:20:57.407,370,MOTION DETECTED,Background Subtraction (MOG2),30,30
2026-07-08 18:20:57.462,371,MOTION DETECTED,Background Subtraction (MOG2),29,29
2026-07-08 18:20:57.500,372,MOTION DETECTED,Background Subtraction (MOG2),24,24
2026-07-08 18:20:57.547,373,MOTION DETECTED,Background Subtraction (MOG2),22,22
2026-07-08 18:20:57.587,374,MOTION DETECTED,Background Subtraction (MOG2),22,22
2026-07-08 18:20:57.618,375,MOTION DETECTED,Background Subtraction (MOG2),29,29
2026-07-08 18:20:57.670,376,MOTION DETECTED,Background Subtraction (MOG2),27,27
2026-07-08 18:20:57.706,377,MOTION DETECTED,Background Subtraction (MOG2),25,25
2026-07-08 18:20:57.748,378,MOTION DETECTED,Background Subtraction (MOG2),23,23
2026-07-08 18:20:57.793,379,MOTION DETECTED,Background Subtraction (MOG2),24,24
2026-07-08 18:20:57.826,380,MOTION DETECTED,Background Subtraction (MOG2),22,22
2026-07-08 18:20:57.873,381,MOTION DETECTED,Background Subtraction (MOG2),23,23
2026-07-08 18:20:57.904,382,MOTION DETECTED,Background Subtraction (MOG2),25,25
2026-07-08 18:20:57.954,383,MOTION DETECTED,Background Subtraction (MOG2),26,26
2026-07-08 18:20:57.986,384,MOTION DETECTED,Background Subtraction (MOG2),24,24
2026-07-08 18:20:58.020,385,MOTION DETECTED,Background Subtraction (MOG2),24,24
2026-07-08 18:20:58.054,386,MOTION DETECTED,Background Subtraction (MOG2),26,26
2026-07-08 18:20:58.088,387,MOTION DETECTED,Background Subtraction (MOG2),26,26
2026-07-08 18:20:58.120,388,MOTION DETECTED,Background Subtraction (MOG2),22,22
2026-07-08 18:20:58.164,389,MOTION DETECTED,Background Subtraction (MOG2),23,23
2026-07-08 18:20:58.207,390,MOTION DETECTED,Background Subtraction (MOG2),24,24
2026-07-08 18:20:58.245,391,MOTION DETECTED,Background Subtraction (MOG2),17,17
2026-07-08 18:20:58.294,392,MOTION DETECTED,Background Subtraction (MOG2),20,20
2026-07-08 18:20:58.360,393,MOTION DETECTED,Background Subtraction (MOG2),19,19
2026-07-08 18:20:58.401,394,MOTION DETECTED,Background Subtraction (MOG2),19,19
2026-07-08 18:20:58.456,395,MOTION DETECTED,Background Subtraction (MOG2),20,20
2026-07-08 18:20:58.500,396,MOTION DETECTED,Background Subtraction (MOG2),21,21
2026-07-08 18:20:58.540,397,MOTION DETECTED,Background Subtraction (MOG2),23,23
2026-07-08 18:20:58.583,398,MOTION DETECTED,Background Subtraction (MOG2),21,21
2026-07-08 18:20:58.610,399,MOTION DETECTED,Background Subtraction (MOG2),20,20
2026-07-08 18:20:58.652,400,MOTION DETECTED,Background Subtraction (MOG2),22,22
2026-07-08 18:20:58.700,401,MOTION DETECTED,Background Subtraction (MOG2),18,18
2026-07-08 18:20:58.745,402,MOTION DETECTED,Background Subtraction (MOG2),13,13
2026-07-08 18:20:58.779,403,MOTION DETECTED,Background Subtraction (MOG2),15,15
2026-07-08 18:20:58.809,404,MOTION DETECTED,Background Subtraction (MOG2),18,18
2026-07-08 18:20:58.845,405,MOTION DETECTED,Background Subtraction (MOG2),17,17
2026-07-08 18:20:58.895,406,MOTION DETECTED,Background Subtraction (MOG2),16,16
2026-07-08 18:20:58.938,407,MOTION DETECTED,Background Subtraction (MOG2),13,13
2026-07-08 18:20:58.990,408,MOTION DETECTED,Background Subtraction (MOG2),15,15
2026-07-08 18:20:59.071,409,MOTION DETECTED,Background Subtraction (MOG2),15,15
2026-07-08 18:20:59.135,410,MOTION DETECTED,Background Subtraction (MOG2),16,16
2026-07-08 18:20:59.174,411,MOTION DETECTED,Background Subtraction (MOG2),17,17
2026-07-08 18:20:59.214,412,MOTION DETECTED,Background Subtraction (MOG2),19,19
2026-07-08 18:20:59.251,413,MOTION DETECTED,Background Subtraction (MOG2),17,17
2026-07-08 18:20:59.324,414,MOTION DETECTED,Background Subtraction (MOG2),17,17
2026-07-08 18:20:59.368,415,MOTION DETECTED,Background Subtraction (MOG2),15,15
2026-07-08 18:20:59.422,416,MOTION DETECTED,Background Subtraction (MOG2),14,14
2026-07-08 18:20:59.485,417,MOTION DETECTED,Background Subtraction (MOG2),11,11
2026-07-08 18:20:59.551,418,MOTION DETECTED,Background Subtraction (MOG2),12,12
2026-07-08 18:20:59.589,419,MOTION DETECTED,Background Subtraction (MOG2),12,12
2026-07-08 18:20:59.635,420,MOTION DETECTED,Background Subtraction (MOG2),10,10
2026-07-08 18:20:59.704,421,MOTION DETECTED,Background Subtraction (MOG2),11,11
2026-07-08 18:20:59.748,422,MOTION DETECTED,Background Subtraction (MOG2),11,11
2026-07-08 18:20:59.792,423,MOTION DETECTED,Background Subtraction (MOG2),11,11
2026-07-08 18:20:59.824,424,MOTION DETECTED,Background Subtraction (MOG2),9,9
2026-07-08 18:20:59.891,425,MOTION DETECTED,Background Subtraction (MOG2),11,11
2026-07-08 18:20:59.935,426,MOTION DETECTED,Background Subtraction (MOG2),13,13
2026-07-08 18:20:59.974,427,MOTION DETECTED,Background Subtraction (MOG2),12,12
2026-07-08 18:21:00.028,428,MOTION DETECTED,Background Subtraction (MOG2),13,13
2026-07-08 18:21:00.100,429,MOTION DETECTED,Background Subtraction (MOG2),14,14
2026-07-08 18:21:00.140,430,MOTION DETECTED,Background Subtraction (MOG2),14,14
2026-07-08 18:21:00.188,431,MOTION DETECTED,Background Subtraction (MOG2),16,16
2026-07-08 18:21:00.229,432,MOTION DETECTED,Background Subtraction (MOG2),18,18
2026-07-08 18:21:00.295,433,MOTION DETECTED,Background Subtraction (MOG2),17,17
2026-07-08 18:21:00.346,434,MOTION DETECTED,Background Subtraction (MOG2),17,17
2026-07-08 18:21:00.392,435,MOTION DETECTED,Background Subtraction (MOG2),19,19
2026-07-08 18:21:00.433,436,MOTION DETECTED,Background Subtraction (MOG2),19,19
2026-07-08 18:21:00.469,437,MOTION DETECTED,Background Subtraction (MOG2),21,21
2026-07-08 18:21:00.511,438,MOTION DETECTED,Background Subtraction (MOG2),21,21
2026-07-08 18:21:00.550,439,MOTION DETECTED,Background Subtraction (MOG2),22,22
2026-07-08 18:21:00.592,440,MOTION DETECTED,Background Subtraction (MOG2),22,22
2026-07-08 18:21:00.640,441,MOTION DETECTED,Background Subtraction (MOG2),21,21
2026-07-08 18:21:00.670,442,MOTION DETECTED,Background Subtraction (MOG2),19,19
2026-07-08 18:21:00.714,443,MOTION DETECTED,Background Subtraction (MOG2),22,22
2026-07-08 18:21:00.762,444,MOTION DETECTED,Background Subtraction (MOG2),20,20
2026-07-08 18:21:00.811,445,MOTION DETECTED,Background Subtraction (MOG2),17,17
2026-07-08 18:21:00.867,446,MOTION DETECTED,Background Subtraction (MOG2),24,24
2026-07-08 18:21:00.909,447,MOTION DETECTED,Background Subtraction (MOG2),21,21
2026-07-08 18:21:00.952,448,MOTION DETECTED,Background Subtraction (MOG2),20,20
2026-07-08 18:21:00.998,449,MOTION DETECTED,Background Subtraction (MOG2),19,19
2026-07-08 18:21:01.039,450,MOTION DETECTED,Background Subtraction (MOG2),21,21
2026-07-08 18:21:01.091,451,MOTION DETECTED,Background Subtraction (MOG2),19,19
2026-07-08 18:21:01.148,452,MOTION DETECTED,Background Subtraction (MOG2),19,19
2026-07-08 18:21:01.196,453,MOTION DETECTED,Background Subtraction (MOG2),20,20
2026-07-08 18:21:01.233,454,MOTION DETECTED,Background Subtraction (MOG2),23,23
2026-07-08 18:21:01.267,455,MOTION DETECTED,Background Subtraction (MOG2),21,21
2026-07-08 18:21:01.314,456,MOTION DETECTED,Background Subtraction (MOG2),20,20
2026-07-08 18:21:01.351,457,MOTION DETECTED,Background Subtraction (MOG2),20,20
2026-07-08 18:21:01.385,458,MOTION DETECTED,Background Subtraction (MOG2),22,22
2026-07-08 18:21:01.419,459,MOTION DETECTED,Background Subtraction (MOG2),19,19
2026-07-08 18:21:01.456,460,MOTION DETECTED,Background Subtraction (MOG2),21,21
2026-07-08 18:21:01.492,461,MOTION DETECTED,Background Subtraction (MOG2),18,18
2026-07-08 18:21:01.531,462,MOTION DETECTED,Background Subtraction (MOG2),19,19
2026-07-08 18:21:01.567,463,MOTION DETECTED,Background Subtraction (MOG2),18,18
2026-07-08 18:21:01.601,464,MOTION DETECTED,Background Subtraction (MOG2),16,16
2026-07-08 18:21:01.633,465,MOTION DETECTED,Background Subtraction (MOG2),10,10
2026-07-08 18:21:01.669,466,MOTION DETECTED,Background Subtraction (MOG2),10,10
2026-07-08 18:21:01.702,467,MOTION DETECTED,Background Subtraction (MOG2),14,14
2026-07-08 18:21:01.738,468,MOTION DETECTED,Background Subtraction (MOG2),12,12
2026-07-08 18:21:01.777,469,MOTION DETECTED,Background Subtraction (MOG2),16,16
2026-07-08 18:21:01.803,470,MOTION DETECTED,Background Subtraction (MOG2),17,17
2026-07-08 18:21:01.839,471,MOTION DETECTED,Background Subtraction (MOG2),16,16
2026-07-08 18:21:01.873,472,MOTION DETECTED,Background Subtraction (MOG2),17,17
2026-07-08 18:21:01.910,473,MOTION DETECTED,Background Subtraction (MOG2),17,17
2026-07-08 18:21:01.967,474,MOTION DETECTED,Background Subtraction (MOG2),16,16
2026-07-08 18:21:02.006,475,MOTION DETECTED,Background Subtraction (MOG2),19,19
2026-07-08 18:21:02.043,476,MOTION DETECTED,Background Subtraction (MOG2),21,21
2026-07-08 18:21:02.076,477,MOTION DETECTED,Background Subtraction (MOG2),24,24
2026-07-08 18:21:02.133,478,MOTION DETECTED,Background Subtraction (MOG2),24,24
2026-07-08 18:21:02.170,479,MOTION DETECTED,Background Subtraction (MOG2),24,24
2026-07-08 18:21:02.202,480,MOTION DETECTED,Background Subtraction (MOG2),24,24
2026-07-08 18:21:02.248,481,MOTION DETECTED,Background Subtraction (MOG2),23,23
2026-07-08 18:21:02.298,482,MOTION DETECTED,Background Subtraction (MOG2),24,24
2026-07-08 18:21:02.348,483,MOTION DETECTED,Background Subtraction (MOG2),27,27
2026-07-08 18:21:02.387,484,MOTION DETECTED,Background Subtraction (MOG2),25,25
2026-07-08 18:21:02.433,485,MOTION DETECTED,Background Subtraction (MOG2),25,25
2026-07-08 18:21:02.494,486,MOTION DETECTED,Background Subtraction (MOG2),24,24
2026-07-08 18:21:02.542,487,MOTION DETECTED,Background Subtraction (MOG2),19,19
2026-07-08 18:21:02.585,488,MOTION DETECTED,Background Subtraction (MOG2),18,18
2026-07-08 18:21:02.647,489,MOTION DETECTED,Background Subtraction (MOG2),15,15
2026-07-08 18:21:02.687,490,MOTION DETECTED,Background Subtraction (MOG2),20,20
2026-07-08 18:21:02.727,491,MOTION DETECTED,Background Subtraction (MOG2),21,21
2026-07-08 18:21:02.767,492,MOTION DETECTED,Background Subtraction (MOG2),16,16
2026-07-08 18:21:02.853,493,MOTION DETECTED,Background Subtraction (MOG2),16,16
2026-07-08 18:21:02.903,494,MOTION DETECTED,Background Subtraction (MOG2),18,18
2026-07-08 18:21:02.940,495,MOTION DETECTED,Background Subtraction (MOG2),16,16
2026-07-08 18:21:02.980,496,MOTION DETECTED,Background Subtraction (MOG2),18,18
2026-07-08 18:21:03.050,497,MOTION DETECTED,Background Subtraction (MOG2),14,14
2026-07-08 18:21:03.094,498,MOTION DETECTED,Background Subtraction (MOG2),15,15
2026-07-08 18:21:03.138,499,MOTION DETECTED,Background Subtraction (MOG2),14,14
2026-07-08 18:21:03.169,500,MOTION DETECTED,Background Subtraction (MOG2),19,19
2026-07-08 18:21:03.229,501,MOTION DETECTED,Background Subtraction (MOG2),19,19
2026-07-08 18:21:03.275,502,MOTION DETECTED,Background Subtraction (MOG2),22,22
2026-07-08 18:21:03.319,503,MOTION DETECTED,Background Subtraction (MOG2),21,21
2026-07-08 18:21:03.365,504,MOTION DETECTED,Background Subtraction (MOG2),18,18
2026-07-08 18:21:03.412,505,MOTION DETECTED,Background Subtraction (MOG2),20,20
2026-07-08 18:21:03.454,506,MOTION DETECTED,Background Subtraction (MOG2),22,22
2026-07-08 18:21:03.499,507,MOTION DETECTED,Background Subtraction (MOG2),19,19
2026-07-08 18:21:03.536,508,MOTION DETECTED,Background Subtraction (MOG2),20,20
2026-07-08 18:21:03.583,509,MOTION DETECTED,Background Subtraction (MOG2),20,20
2026-07-08 18:21:03.620,510,MOTION DETECTED,Background Subtraction (MOG2),19,19
2026-07-08 18:21:03.664,511,MOTION DETECTED,Background Subtraction (MOG2),18,18
2026-07-08 18:21:03.706,512,MOTION DETECTED,Background Subtraction (MOG2),21,21
2026-07-08 18:21:03.743,513,MOTION DETECTED,Background Subtraction (MOG2),19,19
2026-07-08 18:21:03.799,514,MOTION DETECTED,Background Subtraction (MOG2),19,19
2026-07-08 18:21:03.839,515,MOTION DETECTED,Background Subtraction (MOG2),22,22
2026-07-08 18:21:03.879,516,MOTION DETECTED,Background Subtraction (MOG2),18,18
2026-07-08 18:21:03.923,517,MOTION DETECTED,Background Subtraction (MOG2),19,19
2026-07-08 18:21:03.967,518,MOTION DETECTED,Background Subtraction (MOG2),16,16
2026-07-08 18:21:04.001,519,MOTION DETECTED,Background Subtraction (MOG2),18,18
2026-07-08 18:21:04.033,520,MOTION DETECTED,Background Subtraction (MOG2),16,16
2026-07-08 18:21:04.079,521,MOTION DETECTED,Background Subtraction (MOG2),20,20
2026-07-08 18:21:04.114,522,MOTION DETECTED,Background Subtraction (MOG2),17,17
2026-07-08 18:21:04.159,523,MOTION DETECTED,Background Subtraction (MOG2),19,19
2026-07-08 18:21:04.193,524,MOTION DETECTED,Background Subtraction (MOG2),18,18
2026-07-08 18:21:04.224,525,MOTION DETECTED,Background Subtraction (MOG2),20,20
2026-07-08 18:21:04.257,526,MOTION DETECTED,Background Subtraction (MOG2),23,23
2026-07-08 18:21:04.289,527,MOTION DETECTED,Background Subtraction (MOG2),27,27
2026-07-08 18:21:04.322,528,MOTION DETECTED,Background Subtraction (MOG2),28,28
2026-07-08 18:21:04.374,529,MOTION DETECTED,Background Subtraction (MOG2),28,28
2026-07-08 18:21:04.403,530,MOTION DETECTED,Background Subtraction (MOG2),30,30
2026-07-08 18:21:04.451,531,MOTION DETECTED,Background Subtraction (MOG2),27,27
2026-07-08 18:21:04.489,532,MOTION DETECTED,Background Subtraction (MOG2),26,26
2026-07-08 18:21:04.527,533,MOTION DETECTED,Background Subtraction (MOG2),27,27
2026-07-08 18:21:04.555,534,MOTION DETECTED,Background Subtraction (MOG2),21,21
2026-07-08 18:21:04.585,535,MOTION DETECTED,Background Subtraction (MOG2),22,22
2026-07-08 18:21:04.619,536,MOTION DETECTED,Background Subtraction (MOG2),24,24
2026-07-08 18:21:04.652,537,MOTION DETECTED,Background Subtraction (MOG2),22,22
2026-07-08 18:21:04.697,538,MOTION DETECTED,Background Subtraction (MOG2),25,25
2026-07-08 18:21:04.741,539,MOTION DETECTED,Background Subtraction (MOG2),29,29
2026-07-08 18:21:04.772,540,MOTION DETECTED,Background Subtraction (MOG2),32,32
2026-07-08 18:21:04.808,541,MOTION DETECTED,Background Subtraction (MOG2),30,30
2026-07-08 18:21:04.865,542,MOTION DETECTED,Background Subtraction (MOG2),31,31
2026-07-08 18:21:04.912,543,MOTION DETECTED,Background Subtraction (MOG2),28,28
2026-07-08 18:21:04.951,544,MOTION DETECTED,Background Subtraction (MOG2),27,27
2026-07-08 18:21:04.997,545,MOTION DETECTED,Background Subtraction (MOG2),27,27
2026-07-08 18:21:05.037,546,MOTION DETECTED,Background Subtraction (MOG2),26,26
2026-07-08 18:21:05.074,547,MOTION DETECTED,Background Subtraction (MOG2),28,28
2026-07-08 18:21:05.124,548,MOTION DETECTED,Background Subtraction (MOG2),29,29
2026-07-08 18:21:05.168,549,MOTION DETECTED,Background Subtraction (MOG2),24,24
2026-07-08 18:21:05.213,550,MOTION DETECTED,Background Subtraction (MOG2),25,25
2026-07-08 18:21:05.257,551,MOTION DETECTED,Background Subtraction (MOG2),22,22
2026-07-08 18:21:05.306,552,MOTION DETECTED,Background Subtraction (MOG2),25,25
2026-07-08 18:21:05.376,553,MOTION DETECTED,Background Subtraction (MOG2),27,27
2026-07-08 18:21:05.418,554,MOTION DETECTED,Background Subtraction (MOG2),28,28
2026-07-08 18:21:05.469,555,MOTION DETECTED,Background Subtraction (MOG2),26,26
2026-07-08 18:21:05.510,556,MOTION DETECTED,Background Subtraction (MOG2),22,22
2026-07-08 18:21:05.561,557,MOTION DETECTED,Background Subtraction (MOG2),23,23
2026-07-08 18:21:05.608,558,MOTION DETECTED,Background Subtraction (MOG2),21,21
2026-07-08 18:21:05.655,559,MOTION DETECTED,Background Subtraction (MOG2),21,21
2026-07-08 18:21:05.695,560,MOTION DETECTED,Background Subtraction (MOG2),24,24
2026-07-08 18:21:05.739,561,MOTION DETECTED,Background Subtraction (MOG2),24,24
2026-07-08 18:21:05.786,562,MOTION DETECTED,Background Subtraction (MOG2),21,21
2026-07-08 18:21:05.830,563,MOTION DETECTED,Background Subtraction (MOG2),23,23
2026-07-08 18:21:05.967,564,MOTION DETECTED,Background Subtraction (MOG2),22,22
2026-07-08 18:21:06.018,565,MOTION DETECTED,Background Subtraction (MOG2),24,24
2026-07-08 18:21:06.057,566,MOTION DETECTED,Background Subtraction (MOG2),24,24
2026-07-08 18:21:06.102,567,MOTION DETECTED,Background Subtraction (MOG2),26,26
2026-07-08 18:21:06.151,568,MOTION DETECTED,Background Subtraction (MOG2),23,23
2026-07-08 18:21:06.190,569,MOTION DETECTED,Background Subtraction (MOG2),20,20
2026-07-08 18:21:06.234,570,MOTION DETECTED,Background Subtraction (MOG2),24,24
2026-07-08 18:21:06.274,571,MOTION DETECTED,Background Subtraction (MOG2),25,25
2026-07-08 18:21:06.326,572,MOTION DETECTED,Background Subtraction (MOG2),28,28
2026-07-08 18:21:06.368,573,MOTION DETECTED,Background Subtraction (MOG2),29,29
2026-07-08 18:21:06.432,574,MOTION DETECTED,Background Subtraction (MOG2),27,27
2026-07-08 18:21:06.511,575,MOTION DETECTED,Background Subtraction (MOG2),20,20
2026-07-08 18:21:06.552,576,MOTION DETECTED,Background Subtraction (MOG2),20,20
2026-07-08 18:21:06.593,577,MOTION DETECTED,Background Subtraction (MOG2),21,21
2026-07-08 18:21:06.640,578,MOTION DETECTED,Background Subtraction (MOG2),19,19
2026-07-08 18:21:06.708,579,MOTION DETECTED,Background Subtraction (MOG2),19,19
2026-07-08 18:21:06.753,580,MOTION DETECTED,Background Subtraction (MOG2),19,19
2026-07-08 18:21:06.796,581,MOTION DETECTED,Background Subtraction (MOG2),21,21
2026-07-08 18:21:06.861,582,MOTION DETECTED,Background Subtraction (MOG2),20,20
2026-07-08 18:21:06.901,583,MOTION DETECTED,Background Subtraction (MOG2),23,23
2026-07-08 18:21:06.953,584,MOTION DETECTED,Background Subtraction (MOG2),21,21
2026-07-08 18:21:07.001,585,MOTION DETECTED,Background Subtraction (MOG2),20,20
2026-07-08 18:21:07.070,586,MOTION DETECTED,Background Subtraction (MOG2),26,26
2026-07-08 18:21:07.117,587,MOTION DETECTED,Background Subtraction (MOG2),21,21
2026-07-08 18:21:07.151,588,MOTION DETECTED,Background Subtraction (MOG2),22,22
2026-07-08 18:21:07.188,589,MOTION DETECTED,Background Subtraction (MOG2),18,18
2026-07-08 18:21:07.228,590,MOTION DETECTED,Background Subtraction (MOG2),20,20
2026-07-08 18:21:07.269,591,MOTION DETECTED,Background Subtraction (MOG2),18,18
2026-07-08 18:21:07.305,592,MOTION DETECTED,Background Subtraction (MOG2),22,22
2026-07-08 18:21:07.340,593,MOTION DETECTED,Background Subtraction (MOG2),23,23
2026-07-08 18:21:07.373,594,MOTION DETECTED,Background Subtraction (MOG2),24,24
2026-07-08 18:21:07.418,595,MOTION DETECTED,Background Subtraction (MOG2),24,24
2026-07-08 18:21:07.459,596,MOTION DETECTED,Background Subtraction (MOG2),25,25
2026-07-08 18:21:07.500,597,MOTION DETECTED,Background Subtraction (MOG2),26,26
2026-07-08 18:21:07.539,598,MOTION DETECTED,Background Subtraction (MOG2),27,27
2026-07-08 18:21:07.575,599,MOTION DETECTED,Background Subtraction (MOG2),27,27
2026-07-08 18:21:07.621,600,MOTION DETECTED,Background Subtraction (MOG2),27,27
2026-07-08 18:21:07.655,601,MOTION DETECTED,Background Subtraction (MOG2),22,22
2026-07-08 18:21:07.702,602,MOTION DETECTED,Background Subtraction (MOG2),27,27
2026-07-08 18:21:07.743,603,MOTION DETECTED,Background Subtraction (MOG2),30,30
2026-07-08 18:21:07.787,604,MOTION DETECTED,Background Subtraction (MOG2),33,33
2026-07-08 18:21:07.819,605,MOTION DETECTED,Background Subtraction (MOG2),35,35
2026-07-08 18:21:07.868,606,MOTION DETECTED,Background Subtraction (MOG2),33,33
2026-07-08 18:21:07.901,607,MOTION DETECTED,Background Subtraction (MOG2),33,33
2026-07-08 18:21:07.945,608,MOTION DETECTED,Background Subtraction (MOG2),32,32
2026-07-08 18:21:07.984,609,MOTION DETECTED,Background Subtraction (MOG2),34,34
2026-07-08 18:21:08.018,610,MOTION DETECTED,Background Subtraction (MOG2),36,36
2026-07-08 18:21:08.065,611,MOTION DETECTED,Background Subtraction (MOG2),35,35
2026-07-08 18:21:08.114,612,MOTION DETECTED,Background Subtraction (MOG2),35,35
2026-07-08 18:21:08.159,613,MOTION DETECTED,Background Subtraction (MOG2),31,31
2026-07-08 18:21:08.206,614,MOTION DETECTED,Background Subtraction (MOG2),31,31
2026-07-08 18:21:08.251,615,MOTION DETECTED,Background Subtraction (MOG2),29,29
2026-07-08 18:21:08.292,616,MOTION DETECTED,Background Subtraction (MOG2),23,23
2026-07-08 18:21:08.327,617,MOTION DETECTED,Background Subtraction (MOG2),21,21
2026-07-08 18:21:08.358,618,MOTION DETECTED,Background Subtraction (MOG2),20,20
2026-07-08 18:21:08.388,619,MOTION DETECTED,Background Subtraction (MOG2),21,21
2026-07-08 18:21:08.422,620,MOTION DETECTED,Background Subtraction (MOG2),20,20
2026-07-08 18:21:08.460,621,MOTION DETECTED,Background Subtraction (MOG2),19,19
2026-07-08 18:21:08.501,622,MOTION DETECTED,Background Subtraction (MOG2),19,19
2026-07-08 18:21:08.543,623,MOTION DETECTED,Background Subtraction (MOG2),20,20
2026-07-08 18:21:08.583,624,MOTION DETECTED,Background Subtraction (MOG2),23,23
2026-07-08 18:21:08.626,625,MOTION DETECTED,Background Subtraction (MOG2),22,22
2026-07-08 18:21:08.675,626,MOTION DETECTED,Background Subtraction (MOG2),20,20
2026-07-08 18:21:08.718,627,MOTION DETECTED,Background Subtraction (MOG2),18,18
2026-07-08 18:21:08.765,628,MOTION DETECTED,Background Subtraction (MOG2),21,21
2026-07-08 18:21:08.802,629,MOTION DETECTED,Background Subtraction (MOG2),21,21
2026-07-08 18:21:08.849,630,MOTION DETECTED,Background Subtraction (MOG2),20,20
2026-07-08 18:21:08.883,631,MOTION DETECTED,Background Subtraction (MOG2),19,19
2026-07-08 18:21:08.937,632,MOTION DETECTED,Background Subtraction (MOG2),15,15
2026-07-08 18:21:09.013,633,MOTION DETECTED,Background Subtraction (MOG2),19,19
2026-07-08 18:21:09.055,634,MOTION DETECTED,Background Subtraction (MOG2),21,21
2026-07-08 18:21:09.098,635,MOTION DETECTED,Background Subtraction (MOG2),25,25
2026-07-08 18:21:09.147,636,MOTION DETECTED,Background Subtraction (MOG2),28,28
2026-07-08 18:21:09.193,637,MOTION DETECTED,Background Subtraction (MOG2),28,28
2026-07-08 18:21:09.250,638,MOTION DETECTED,Background Subtraction (MOG2),23,23
2026-07-08 18:21:09.300,639,MOTION DETECTED,Background Subtraction (MOG2),28,28
2026-07-08 18:21:09.342,640,MOTION DETECTED,Background Subtraction (MOG2),27,27
2026-07-08 18:21:09.384,641,MOTION DETECTED,Background Subtraction (MOG2),28,28
2026-07-08 18:21:09.434,642,MOTION DETECTED,Background Subtraction (MOG2),36,36
2026-07-08 18:21:09.484,643,MOTION DETECTED,Background Subtraction (MOG2),29,29
2026-07-08 18:21:09.533,644,MOTION DETECTED,Background Subtraction (MOG2),25,25
2026-07-08 18:21:09.576,645,MOTION DETECTED,Background Subtraction (MOG2),24,24
2026-07-08 18:21:09.616,646,MOTION DETECTED,Background Subtraction (MOG2),25,25
2026-07-08 18:21:09.667,647,MOTION DETECTED,Background Subtraction (MOG2),29,29
2026-07-08 18:21:09.711,648,MOTION DETECTED,Background Subtraction (MOG2),29,29
2026-07-08 18:21:09.786,649,MOTION DETECTED,Background Subtraction (MOG2),30,30
2026-07-08 18:21:09.840,650,MOTION DETECTED,Background Subtraction (MOG2),30,30
2026-07-08 18:21:09.890,651,MOTION DETECTED,Background Subtraction (MOG2),29,29
2026-07-08 18:21:09.927,652,MOTION DETECTED,Background Subtraction (MOG2),30,30
2026-07-08 18:21:09.970,653,MOTION DETECTED,Background Subtraction (MOG2),31,31
2026-07-08 18:21:10.018,654,MOTION DETECTED,Background Subtraction (MOG2),25,25
2026-07-08 18:21:10.064,655,MOTION DETECTED,Background Subtraction (MOG2),29,29
2026-07-08 18:21:10.111,656,MOTION DETECTED,Background Subtraction (MOG2),27,27
2026-07-08 18:21:10.143,657,MOTION DETECTED,Background Subtraction (MOG2),27,27
2026-07-08 18:21:10.180,658,MOTION DETECTED,Background Subtraction (MOG2),26,26
2026-07-08 18:21:10.218,659,MOTION DETECTED,Background Subtraction (MOG2),25,25
2026-07-08 18:21:10.257,660,MOTION DETECTED,Background Subtraction (MOG2),24,24
2026-07-08 18:21:10.290,661,MOTION DETECTED,Background Subtraction (MOG2),22,22
2026-07-08 18:21:10.368,662,MOTION DETECTED,Background Subtraction (MOG2),29,29
2026-07-08 18:21:10.408,663,MOTION DETECTED,Background Subtraction (MOG2),27,27
2026-07-08 18:21:10.446,664,MOTION DETECTED,Background Subtraction (MOG2),30,30
2026-07-08 18:21:10.506,665,MOTION DETECTED,Background Subtraction (MOG2),31,31
2026-07-08 18:21:10.546,666,MOTION DETECTED,Background Subtraction (MOG2),29,29
2026-07-08 18:21:10.580,667,MOTION DETECTED,Background Subtraction (MOG2),32,32
2026-07-08 18:21:10.623,668,MOTION DETECTED,Background Subtraction (MOG2),32,32
2026-07-08 18:21:10.675,669,MOTION DETECTED,Background Subtraction (MOG2),31,31
2026-07-08 18:21:10.707,670,MOTION DETECTED,Background Subtraction (MOG2),32,32
2026-07-08 18:21:10.741,671,MOTION DETECTED,Background Subtraction (MOG2),30,30
2026-07-08 18:21:10.774,672,MOTION DETECTED,Background Subtraction (MOG2),28,28
2026-07-08 18:21:10.807,673,MOTION DETECTED,Background Subtraction (MOG2),31,31
2026-07-08 18:21:10.844,674,MOTION DETECTED,Background Subtraction (MOG2),29,29
2026-07-08 18:21:10.874,675,MOTION DETECTED,Background Subtraction (MOG2),20,20
2026-07-08 18:21:10.910,676,MOTION DETECTED,Background Subtraction (MOG2),20,20
2026-07-08 18:21:10.943,677,MOTION DETECTED,Background Subtraction (MOG2),20,20
2026-07-08 18:21:10.970,678,MOTION DETECTED,Background Subtraction (MOG2),19,19
2026-07-08 18:21:11.007,679,MOTION DETECTED,Background Subtraction (MOG2),19,19
2026-07-08 18:21:11.044,680,MOTION DETECTED,Background Subtraction (MOG2),20,20
2026-07-08 18:21:11.070,681,MOTION DETECTED,Background Subtraction (MOG2),21,21
2026-07-08 18:21:11.103,682,MOTION DETECTED,Background Subtraction (MOG2),20,20
2026-07-08 18:21:11.136,683,MOTION DETECTED,Background Subtraction (MOG2),17,17
2026-07-08 18:21:11.175,684,MOTION DETECTED,Background Subtraction (MOG2),16,16
2026-07-08 18:21:11.209,685,MOTION DETECTED,Background Subtraction (MOG2),14,14
2026-07-08 18:21:11.252,686,MOTION DETECTED,Background Subtraction (MOG2),13,13
2026-07-08 18:21:11.290,687,MOTION DETECTED,Background Subtraction (MOG2),11,11
2026-07-08 18:21:11.325,688,MOTION DETECTED,Background Subtraction (MOG2),15,15
2026-07-08 18:21:11.362,689,MOTION DETECTED,Background Subtraction (MOG2),20,20
2026-07-08 18:21:11.401,690,MOTION DETECTED,Background Subtraction (MOG2),21,21
2026-07-08 18:21:11.438,691,MOTION DETECTED,Background Subtraction (MOG2),23,23
2026-07-08 18:21:11.470,692,MOTION DETECTED,Background Subtraction (MOG2),24,24
2026-07-08 18:21:11.511,693,MOTION DETECTED,Background Subtraction (MOG2),29,29
2026-07-08 18:21:11.555,694,MOTION DETECTED,Background Subtraction (MOG2),28,28
2026-07-08 18:21:11.589,695,MOTION DETECTED,Background Subtraction (MOG2),24,24
2026-07-08 18:21:11.622,696,MOTION DETECTED,Background Subtraction (MOG2),24,24
2026-07-08 18:21:11.656,697,MOTION DETECTED,Background Subtraction (MOG2),24,24
2026-07-08 18:21:11.688,698,MOTION DETECTED,Background Subtraction (MOG2),26,26
2026-07-08 18:21:11.722,699,MOTION DETECTED,Background Subtraction (MOG2),27,27
2026-07-08 18:21:11.755,700,MOTION DETECTED,Background Subtraction (MOG2),27,27
2026-07-08 18:21:11.788,701,MOTION DETECTED,Background Subtraction (MOG2),28,28
2026-07-08 18:21:11.822,702,MOTION DETECTED,Background Subtraction (MOG2),27,27
2026-07-08 18:21:11.855,703,MOTION DETECTED,Background Subtraction (MOG2),28,28
2026-07-08 18:21:11.888,704,MOTION DETECTED,Background Subtraction (MOG2),28,28
2026-07-08 18:21:11.922,705,MOTION DETECTED,Background Subtraction (MOG2),26,26
2026-07-08 18:21:11.952,706,MOTION DETECTED,Background Subtraction (MOG2),25,25
2026-07-08 18:21:11.988,707,MOTION DETECTED,Background Subtraction (MOG2),24,24
2026-07-08 18:21:12.022,708,MOTION DETECTED,Background Subtraction (MOG2),25,25
2026-07-08 18:21:12.053,709,MOTION DETECTED,Background Subtraction (MOG2),24,24
2026-07-08 18:21:12.089,710,MOTION DETECTED,Background Subtraction (MOG2),25,25
2026-07-08 18:21:12.122,711,MOTION DETECTED,Background Subtraction (MOG2),27,27
2026-07-08 18:21:12.155,712,MOTION DETECTED,Background Subtraction (MOG2),23,23
2026-07-08 18:21:12.240,713,MOTION DETECTED,Background Subtraction (MOG2),25,25
2026-07-08 18:21:12.291,714,MOTION DETECTED,Background Subtraction (MOG2),21,21
2026-07-08 18:21:12.327,715,MOTION DETECTED,Background Subtraction (MOG2),22,22
2026-07-08 18:21:12.380,716,MOTION DETECTED,Background Subtraction (MOG2),24,24
2026-07-08 18:21:12.420,717,MOTION DETECTED,Background Subtraction (MOG2),26,26
2026-07-08 18:21:12.465,718,MOTION DETECTED,Background Subtraction (MOG2),24,24
2026-07-08 18:21:12.505,719,MOTION DETECTED,Background Subtraction (MOG2),24,24
2026-07-08 18:21:12.549,720,MOTION DETECTED,Background Subtraction (MOG2),26,26
2026-07-08 18:21:12.584,721,MOTION DETECTED,Background Subtraction (MOG2),24,24
2026-07-08 18:21:12.639,722,MOTION DETECTED,Background Subtraction (MOG2),21,21
2026-07-08 18:21:12.686,723,MOTION DETECTED,Background Subtraction (MOG2),29,29
2026-07-08 18:21:12.724,724,MOTION DETECTED,Background Subtraction (MOG2),28,28
2026-07-08 18:21:12.754,725,MOTION DETECTED,Background Subtraction (MOG2),31,31
2026-07-08 18:21:12.801,726,MOTION DETECTED,Background Subtraction (MOG2),33,33
2026-07-08 18:21:12.846,727,MOTION DETECTED,Background Subtraction (MOG2),28,28
2026-07-08 18:21:12.886,728,MOTION DETECTED,Background Subtraction (MOG2),29,29
2026-07-08 18:21:12.957,729,MOTION DETECTED,Background Subtraction (MOG2),25,25
2026-07-08 18:21:13.000,730,MOTION DETECTED,Background Subtraction (MOG2),31,31
2026-07-08 18:21:13.038,731,MOTION DETECTED,Background Subtraction (MOG2),32,32
2026-07-08 18:21:13.082,732,MOTION DETECTED,Background Subtraction (MOG2),27,27
2026-07-08 18:21:13.118,733,MOTION DETECTED,Background Subtraction (MOG2),30,30
2026-07-08 18:21:13.153,734,MOTION DETECTED,Background Subtraction (MOG2),27,27
2026-07-08 18:21:13.196,735,MOTION DETECTED,Background Subtraction (MOG2),29,29
2026-07-08 18:21:13.225,736,MOTION DETECTED,Background Subtraction (MOG2),34,34
2026-07-08 18:21:13.291,737,MOTION DETECTED,Background Subtraction (MOG2),37,37
2026-07-08 18:21:13.327,738,MOTION DETECTED,Background Subtraction (MOG2),37,37
2026-07-08 18:21:13.372,739,MOTION DETECTED,Background Subtraction (MOG2),40,40
2026-07-08 18:21:13.429,740,MOTION DETECTED,Background Subtraction (MOG2),37,37
2026-07-08 18:21:13.467,741,MOTION DETECTED,Background Subtraction (MOG2),36,36
2026-07-08 18:21:13.503,742,MOTION DETECTED,Background Subtraction (MOG2),33,33
2026-07-08 18:21:13.536,743,MOTION DETECTED,Background Subtraction (MOG2),33,33
2026-07-08 18:21:13.577,744,MOTION DETECTED,Background Subtraction (MOG2),36,36
2026-07-08 18:21:13.614,745,MOTION DETECTED,Background Subtraction (MOG2),37,37
2026-07-08 18:21:13.652,746,MOTION DETECTED,Background Subtraction (MOG2),34,34
2026-07-08 18:21:13.689,747,MOTION DETECTED,Background Subtraction (MOG2),39,39
2026-07-08 18:21:13.725,748,MOTION DETECTED,Background Subtraction (MOG2),41,41
2026-07-08 18:21:13.756,749,MOTION DETECTED,Background Subtraction (MOG2),36,36
2026-07-08 18:21:13.794,750,MOTION DETECTED,Background Subtraction (MOG2),32,32
2026-07-08 18:21:13.822,751,MOTION DETECTED,Background Subtraction (MOG2),33,33
2026-07-08 18:21:13.858,752,MOTION DETECTED,Background Subtraction (MOG2),36,36
2026-07-08 18:21:13.900,753,MOTION DETECTED,Background Subtraction (MOG2),37,37
2026-07-08 18:21:13.938,754,MOTION DETECTED,Background Subtraction (MOG2),35,35
2026-07-08 18:21:13.972,755,MOTION DETECTED,Background Subtraction (MOG2),40,40
2026-07-08 18:21:14.005,756,MOTION DETECTED,Background Subtraction (MOG2),40,40
2026-07-08 18:21:14.049,757,MOTION DETECTED,Background Subtraction (MOG2),37,37
2026-07-08 18:21:14.091,758,MOTION DETECTED,Background Subtraction (MOG2),35,35
2026-07-08 18:21:14.126,759,MOTION DETECTED,Background Subtraction (MOG2),32,32
2026-07-08 18:21:14.157,760,MOTION DETECTED,Background Subtraction (MOG2),33,33
2026-07-08 18:21:14.204,761,MOTION DETECTED,Background Subtraction (MOG2),41,41
2026-07-08 18:21:14.235,762,MOTION DETECTED,Background Subtraction (MOG2),37,37
2026-07-08 18:21:14.284,763,MOTION DETECTED,Background Subtraction (MOG2),35,35
2026-07-08 18:21:14.318,764,MOTION DETECTED,Background Subtraction (MOG2),43,43
2026-07-08 18:21:14.356,765,MOTION DETECTED,Background Subtraction (MOG2),40,40
2026-07-08 18:21:14.386,766,MOTION DETECTED,Background Subtraction (MOG2),38,38
2026-07-08 18:21:14.425,767,MOTION DETECTED,Background Subtraction (MOG2),39,39
2026-07-08 18:21:14.458,768,MOTION DETECTED,Background Subtraction (MOG2),37,37
2026-07-08 18:21:14.508,769,MOTION DETECTED,Background Subtraction (MOG2),39,39
2026-07-08 18:21:14.550,770,MOTION DETECTED,Background Subtraction (MOG2),34,34
2026-07-08 18:21:14.589,771,MOTION DETECTED,Background Subtraction (MOG2),37,37
2026-07-08 18:21:14.623,772,MOTION DETECTED,Background Subtraction (MOG2),37,37
2026-07-08 18:21:14.668,773,MOTION DETECTED,Background Subtraction (MOG2),40,40
2026-07-08 18:21:14.717,774,MOTION DETECTED,Background Subtraction (MOG2),36,36
2026-07-08 18:21:14.767,775,MOTION DETECTED,Background Subtraction (MOG2),37,37
2026-07-08 18:21:14.810,776,MOTION DETECTED,Background Subtraction (MOG2),35,35
2026-07-08 18:21:14.857,777,MOTION DETECTED,Background Subtraction (MOG2),30,30
2026-07-08 18:21:14.917,778,MOTION DETECTED,Background Subtraction (MOG2),31,31
2026-07-08 18:21:14.969,779,MOTION DETECTED,Background Subtraction (MOG2),29,29
2026-07-08 18:21:15.005,780,MOTION DETECTED,Background Subtraction (MOG2),32,32
2026-07-08 18:21:15.061,781,MOTION DETECTED,Background Subtraction (MOG2),35,35
2026-07-08 18:21:15.109,782,MOTION DETECTED,Background Subtraction (MOG2),35,35
2026-07-08 18:21:15.152,783,MOTION DETECTED,Background Subtraction (MOG2),31,31
2026-07-08 18:21:15.188,784,MOTION DETECTED,Background Subtraction (MOG2),33,33
2026-07-08 18:21:15.236,785,MOTION DETECTED,Background Subtraction (MOG2),30,30
2026-07-08 18:21:15.284,786,MOTION DETECTED,Background Subtraction (MOG2),31,31
2026-07-08 18:21:15.329,787,MOTION DETECTED,Background Subtraction (MOG2),34,34
2026-07-08 18:21:15.370,788,MOTION DETECTED,Background Subtraction (MOG2),33,33
2026-07-08 18:21:15.418,789,MOTION DETECTED,Background Subtraction (MOG2),36,36
2026-07-08 18:21:15.478,790,MOTION DETECTED,Background Subtraction (MOG2),35,35
2026-07-08 18:21:15.535,791,MOTION DETECTED,Background Subtraction (MOG2),29,29
2026-07-08 18:21:15.576,792,MOTION DETECTED,Background Subtraction (MOG2),32,32
2026-07-08 18:21:15.653,793,MOTION DETECTED,Background Subtraction (MOG2),30,30
2026-07-08 18:21:15.701,794,MOTION DETECTED,Background Subtraction (MOG2),28,28
2026-07-08 18:21:15.750,795,MOTION DETECTED,Background Subtraction (MOG2),34,34
2026-07-08 18:21:15.795,796,MOTION DETECTED,Background Subtraction (MOG2),33,33
2026-07-08 18:21:15.835,797,MOTION DETECTED,Background Subtraction (MOG2),34,34
2026-07-08 18:21:15.886,798,MOTION DETECTED,Background Subtraction (MOG2),29,29
2026-07-08 18:21:15.933,799,MOTION DETECTED,Background Subtraction (MOG2),26,26
2026-07-08 18:21:15.982,800,MOTION DETECTED,Background Subtraction (MOG2),26,26
2026-07-08 18:21:16.028,801,MOTION DETECTED,Background Subtraction (MOG2),24,24
2026-07-08 18:21:16.070,802,MOTION DETECTED,Background Subtraction (MOG2),28,28
2026-07-08 18:21:16.110,803,MOTION DETECTED,Background Subtraction (MOG2),28,28
2026-07-08 18:21:16.156,804,MOTION DETECTED,Background Subtraction (MOG2),31,31
2026-07-08 18:21:16.188,805,MOTION DETECTED,Background Subtraction (MOG2),33,33
2026-07-08 18:21:16.230,806,MOTION DETECTED,Background Subtraction (MOG2),33,33
2026-07-08 18:21:16.267,807,MOTION DETECTED,Background Subtraction (MOG2),32,32
2026-07-08 18:21:16.300,808,MOTION DETECTED,Background Subtraction (MOG2),33,33
2026-07-08 18:21:16.376,809,MOTION DETECTED,Background Subtraction (MOG2),34,34
2026-07-08 18:21:16.424,810,MOTION DETECTED,Background Subtraction (MOG2),35,35
2026-07-08 18:21:16.479,811,MOTION DETECTED,Background Subtraction (MOG2),35,35
2026-07-08 18:21:16.536,812,MOTION DETECTED,Background Subtraction (MOG2),32,32
2026-07-08 18:21:16.584,813,MOTION DETECTED,Background Subtraction (MOG2),31,31
2026-07-08 18:21:16.630,814,MOTION DETECTED,Background Subtraction (MOG2),27,27
2026-07-08 18:21:16.668,815,MOTION DETECTED,Background Subtraction (MOG2),24,24
2026-07-08 18:21:16.702,816,MOTION DETECTED,Background Subtraction (MOG2),29,29
2026-07-08 18:21:16.739,817,MOTION DETECTED,Background Subtraction (MOG2),29,29
2026-07-08 18:21:16.785,818,MOTION DETECTED,Background Subtraction (MOG2),31,31
2026-07-08 18:21:16.818,819,MOTION DETECTED,Background Subtraction (MOG2),29,29
2026-07-08 18:21:16.866,820,MOTION DETECTED,Background Subtraction (MOG2),33,33
2026-07-08 18:21:16.900,821,MOTION DETECTED,Background Subtraction (MOG2),29,29
2026-07-08 18:21:16.950,822,MOTION DETECTED,Background Subtraction (MOG2),24,24
2026-07-08 18:21:16.997,823,MOTION DETECTED,Background Subtraction (MOG2),27,27
2026-07-08 18:21:17.068,824,MOTION DETECTED,Background Subtraction (MOG2),27,27
2026-07-08 18:21:17.112,825,MOTION DETECTED,Background Subtraction (MOG2),27,27
2026-07-08 18:21:17.154,826,MOTION DETECTED,Background Subtraction (MOG2),28,28
2026-07-08 18:21:17.200,827,MOTION DETECTED,Background Subtraction (MOG2),28,28
2026-07-08 18:21:17.265,828,MOTION DETECTED,Background Subtraction (MOG2),25,25
2026-07-08 18:21:17.306,829,MOTION DETECTED,Background Subtraction (MOG2),20,20
2026-07-08 18:21:17.343,830,MOTION DETECTED,Background Subtraction (MOG2),19,19
2026-07-08 18:21:17.417,831,MOTION DETECTED,Background Subtraction (MOG2),19,19
2026-07-08 18:21:17.467,832,MOTION DETECTED,Background Subtraction (MOG2),19,19
2026-07-08 18:21:17.512,833,MOTION DETECTED,Background Subtraction (MOG2),18,18
2026-07-08 18:21:17.552,834,MOTION DETECTED,Background Subtraction (MOG2),18,18
2026-07-08 18:21:17.622,835,MOTION DETECTED,Background Subtraction (MOG2),17,17
2026-07-08 18:21:17.672,836,MOTION DETECTED,Background Subtraction (MOG2),19,19
2026-07-08 18:21:17.717,837,MOTION DETECTED,Background Subtraction (MOG2),17,17
2026-07-08 18:21:17.765,838,MOTION DETECTED,Background Subtraction (MOG2),13,13
2026-07-08 18:21:17.804,839,MOTION DETECTED,Background Subtraction (MOG2),13,13
2026-07-08 18:21:17.848,840,MOTION DETECTED,Background Subtraction (MOG2),13,13
2026-07-08 18:21:17.885,841,MOTION DETECTED,Background Subtraction (MOG2),19,19
2026-07-08 18:21:17.941,842,MOTION DETECTED,Background Subtraction (MOG2),19,19
2026-07-08 18:21:17.991,843,MOTION DETECTED,Background Subtraction (MOG2),17,17
2026-07-08 18:21:18.034,844,MOTION DETECTED,Background Subtraction (MOG2),12,12
2026-07-08 18:21:18.083,845,MOTION DETECTED,Background Subtraction (MOG2),14,14
2026-07-08 18:21:18.134,846,MOTION DETECTED,Background Subtraction (MOG2),13,13
2026-07-08 18:21:18.180,847,MOTION DETECTED,Background Subtraction (MOG2),12,12
2026-07-08 18:21:18.234,848,MOTION DETECTED,Background Subtraction (MOG2),12,12
2026-07-08 18:21:18.269,849,MOTION DETECTED,Background Subtraction (MOG2),12,12
2026-07-08 18:21:18.305,850,MOTION DETECTED,Background Subtraction (MOG2),16,16
2026-07-08 18:21:18.343,851,MOTION DETECTED,Background Subtraction (MOG2),17,17
2026-07-08 18:21:18.395,852,MOTION DETECTED,Background Subtraction (MOG2),14,14
2026-07-08 18:21:18.438,853,MOTION DETECTED,Background Subtraction (MOG2),16,16
2026-07-08 18:21:18.477,854,MOTION DETECTED,Background Subtraction (MOG2),19,19
2026-07-08 18:21:18.527,855,MOTION DETECTED,Background Subtraction (MOG2),19,19
2026-07-08 18:21:18.569,856,MOTION DETECTED,Background Subtraction (MOG2),17,17
2026-07-08 18:21:18.617,857,MOTION DETECTED,Background Subtraction (MOG2),17,17
2026-07-08 18:21:18.654,858,MOTION DETECTED,Background Subtraction (MOG2),18,18
2026-07-08 18:21:18.689,859,MOTION DETECTED,Background Subtraction (MOG2),18,18
2026-07-08 18:21:18.727,860,MOTION DETECTED,Background Subtraction (MOG2),17,17
2026-07-08 18:21:18.760,861,MOTION DETECTED,Background Subtraction (MOG2),18,18
2026-07-08 18:21:18.796,862,MOTION DETECTED,Background Subtraction (MOG2),15,15
2026-07-08 18:21:18.829,863,MOTION DETECTED,Background Subtraction (MOG2),12,12
2026-07-08 18:21:18.858,864,MOTION DETECTED,Background Subtraction (MOG2),12,12
2026-07-08 18:21:18.908,865,MOTION DETECTED,Background Subtraction (MOG2),14,14
2026-07-08 18:21:18.950,866,MOTION DETECTED,Background Subtraction (MOG2),10,10
2026-07-08 18:21:18.989,867,MOTION DETECTED,Background Subtraction (MOG2),10,10
2026-07-08 18:21:19.020,868,MOTION DETECTED,Background Subtraction (MOG2),12,12
2026-07-08 18:21:19.067,869,MOTION DETECTED,Background Subtraction (MOG2),10,10
2026-07-08 18:21:19.107,870,MOTION DETECTED,Background Subtraction (MOG2),12,12
2026-07-08 18:21:19.137,871,MOTION DETECTED,Background Subtraction (MOG2),11,11
2026-07-08 18:21:19.173,872,MOTION DETECTED,Background Subtraction (MOG2),12,12
2026-07-08 18:21:19.205,873,MOTION DETECTED,Background Subtraction (MOG2),12,12
2026-07-08 18:21:19.242,874,MOTION DETECTED,Background Subtraction (MOG2),10,10
2026-07-08 18:21:19.273,875,MOTION DETECTED,Background Subtraction (MOG2),9,9
2026-07-08 18:21:19.306,876,MOTION DETECTED,Background Subtraction (MOG2),7,7
2026-07-08 18:21:19.336,877,MOTION DETECTED,Background Subtraction (MOG2),8,8
2026-07-08 18:21:19.372,878,MOTION DETECTED,Background Subtraction (MOG2),9,9
2026-07-08 18:21:19.408,879,MOTION DETECTED,Background Subtraction (MOG2),8,8
2026-07-08 18:21:19.436,880,MOTION DETECTED,Background Subtraction (MOG2),9,9
2026-07-08 18:21:19.494,881,MOTION DETECTED,Background Subtraction (MOG2),11,11
2026-07-08 18:21:19.523,882,MOTION DETECTED,Background Subtraction (MOG2),9,9
2026-07-08 18:21:19.557,883,MOTION DETECTED,Background Subtraction (MOG2),7,7
2026-07-08 18:21:19.589,884,MOTION DETECTED,Background Subtraction (MOG2),7,7
2026-07-08 18:21:19.625,885,MOTION DETECTED,Background Subtraction (MOG2),9,9
2026-07-08 18:21:19.658,886,MOTION DETECTED,Background Subtraction (MOG2),9,9
2026-07-08 18:21:19.687,887,MOTION DETECTED,Background Subtraction (MOG2),9,9
2026-07-08 18:21:19.720,888,MOTION DETECTED,Background Subtraction (MOG2),9,9
2026-07-08 18:21:19.763,889,MOTION DETECTED,Background Subtraction (MOG2),7,7
2026-07-08 18:21:19.804,890,MOTION DETECTED,Background Subtraction (MOG2),7,7
2026-07-08 18:21:19.838,891,MOTION DETECTED,Background Subtraction (MOG2),7,7
2026-07-08 18:21:19.869,892,MOTION DETECTED,Background Subtraction (MOG2),8,8
2026-07-08 18:21:19.905,893,MOTION DETECTED,Background Subtraction (MOG2),9,9
2026-07-08 18:21:19.974,894,MOTION DETECTED,Background Subtraction (MOG2),11,11
2026-07-08 18:21:20.015,895,MOTION DETECTED,Background Subtraction (MOG2),10,10
2026-07-08 18:21:20.052,896,MOTION DETECTED,Background Subtraction (MOG2),11,11
2026-07-08 18:21:20.092,897,MOTION DETECTED,Background Subtraction (MOG2),9,9
