timestamp,frame_number,status,method,contour_count,person_count
2026-07-09 09:45:54.683,1,NO MOTION,3-Frame Differencing,0,0
2026-07-09 09:45:54.779,2,NO MOTION,3-Frame Differencing,0,0
2026-07-09 09:45:54.867,3,MOTION DETECTED,3-Frame Differencing,1,1
2026-07-09 09:45:54.919,4,MOTION DETECTED,3-Frame Differencing,1,1
2026-07-09 09:45:54.968,5,MOTION DETECTED,3-Frame Differencing,1,1
2026-07-09 09:45:55.027,6,MOTION DETECTED,3-Frame Differencing,1,1
2026-07-09 09:45:55.076,7,MOTION DETECTED,3-Frame Differencing,1,1
2026-07-09 09:45:55.134,8,MOTION DETECTED,3-Frame Differencing,1,1
2026-07-09 09:45:55.174,9,MOTION DETECTED,3-Frame Differencing,1,1
2026-07-09 09:45:55.228,10,MOTION DETECTED,3-Frame Differencing,1,1
2026-07-09 09:45:55.278,11,MOTION DETECTED,3-Frame Differencing,1,1
2026-07-09 09:45:55.327,12,MOTION DETECTED,3-Frame Differencing,1,1
2026-07-09 09:45:55.373,13,MOTION DETECTED,3-Frame Differencing,1,1
2026-07-09 09:45:55.419,14,MOTION DETECTED,3-Frame Differencing,1,1
2026-07-09 09:45:55.494,15,MOTION DETECTED,3-Frame Differencing,1,1
2026-07-09 09:45:55.536,16,MOTION DETECTED,3-Frame Differencing,1,1
2026-07-09 09:45:55.579,17,MOTION DETECTED,3-Frame Differencing,1,1
2026-07-09 09:45:55.623,18,MOTION DETECTED,3-Frame Differencing,1,1
2026-07-09 09:45:55.677,19,MOTION DETECTED,3-Frame Differencing,1,1
2026-07-09 09:45:55.724,20,MOTION DETECTED,3-Frame Differencing,1,1
2026-07-09 09:45:55.768,21,MOTION DETECTED,3-Frame Differencing,1,1
2026-07-09 09:45:55.816,22,MOTION DETECTED,3-Frame Differencing,1,1
2026-07-09 09:45:55.862,23,MOTION DETECTED,3-Frame Differencing,1,1
2026-07-09 09:45:55.910,24,MOTION DETECTED,3-Frame Differencing,1,1
2026-07-09 09:45:55.953,25,MOTION DETECTED,3-Frame Differencing,1,1
2026-07-09 09:45:56.000,26,MOTION DETECTED,3-Frame Differencing,1,1
2026-07-09 09:45:56.038,27,MOTION DETECTED,3-Frame Differencing,1,1
2026-07-09 09:45:56.085,28,MOTION DETECTED,3-Frame Differencing,1,1
2026-07-09 09:45:56.125,29,MOTION DETECTED,3-Frame Differencing,1,1
2026-07-09 09:45:56.169,30,MOTION DETECTED,3-Frame Differencing,1,1
2026-07-09 09:45:56.209,31,MOTION DETECTED,3-Frame Differencing,1,1
2026-07-09 09:45:56.248,32,MOTION DETECTED,3-Frame Differencing,1,1
2026-07-09 09:45:56.298,33,MOTION DETECTED,3-Frame Differencing,1,1
2026-07-09 09:45:56.345,34,MOTION DETECTED,3-Frame Differencing,1,1
2026-07-09 09:45:56.383,35,MOTION DETECTED,3-Frame Differencing,1,1
2026-07-09 09:45:56.423,36,MOTION DETECTED,3-Frame Differencing,1,1
2026-07-09 09:45:56.473,37,MOTION DETECTED,3-Frame Differencing,1,1
2026-07-09 09:45:56.541,38,MOTION DETECTED,3-Frame Differencing,1,1
2026-07-09 09:45:56.664,39,MOTION DETECTED,3-Frame Differencing,1,1
2026-07-09 09:45:56.699,40,MOTION DETECTED,3-Frame Differencing,1,1
2026-07-09 09:45:56.752,41,MOTION DETECTED,3-Frame Differencing,1,1
2026-07-09 09:45:56.791,42,MOTION DETECTED,3-Frame Differencing,1,1
2026-07-09 09:45:56.834,43,MOTION DETECTED,3-Frame Differencing,1,1
2026-07-09 09:45:56.890,44,MOTION DETECTED,3-Frame Differencing,1,1
2026-07-09 09:45:56.941,45,MOTION DETECTED,3-Frame Differencing,1,1
2026-07-09 09:45:56.986,46,MOTION DETECTED,3-Frame Differencing,1,1
2026-07-09 09:45:57.025,47,MOTION DETECTED,3-Frame Differencing,1,1
2026-07-09 09:45:57.065,48,MOTION DETECTED,3-Frame Differencing,1,1
2026-07-09 09:45:57.105,49,MOTION DETECTED,3-Frame Differencing,1,1
2026-07-09 09:45:57.157,50,MOTION DETECTED,3-Frame Differencing,1,1
2026-07-09 09:45:57.202,51,MOTION DETECTED,3-Frame Differencing,1,1
2026-07-09 09:45:57.240,52,MOTION DETECTED,3-Frame Differencing,1,1
2026-07-09 09:45:57.284,53,MOTION DETECTED,3-Frame Differencing,1,1
2026-07-09 09:45:57.324,54,MOTION DETECTED,3-Frame Differencing,1,1
2026-07-09 09:45:57.371,55,MOTION DETECTED,3-Frame Differencing,1,1
2026-07-09 09:45:57.408,56,MOTION DETECTED,3-Frame Differencing,1,1
2026-07-09 09:45:57.446,57,MOTION DETECTED,3-Frame Differencing,1,1
2026-07-09 09:45:57.486,58,MOTION DETECTED,3-Frame Differencing,1,1
2026-07-09 09:45:57.524,59,MOTION DETECTED,3-Frame Differencing,1,1
2026-07-09 09:45:57.563,60,MOTION DETECTED,3-Frame Differencing,1,1
2026-07-09 09:45:57.607,61,MOTION DETECTED,3-Frame Differencing,1,1
2026-07-09 09:45:57.648,62,MOTION DETECTED,3-Frame Differencing,1,1
2026-07-09 09:45:57.691,63,MOTION DETECTED,3-Frame Differencing,1,1
2026-07-09 09:45:57.734,64,MOTION DETECTED,3-Frame Differencing,1,1
2026-07-09 09:45:57.775,65,MOTION DETECTED,3-Frame Differencing,1,1
2026-07-09 09:45:57.815,66,MOTION DETECTED,3-Frame Differencing,1,1
2026-07-09 09:45:57.857,67,MOTION DETECTED,3-Frame Differencing,1,1
2026-07-09 09:45:57.898,68,MOTION DETECTED,3-Frame Differencing,1,1
2026-07-09 09:45:57.940,69,MOTION DETECTED,3-Frame Differencing,1,1
2026-07-09 09:45:57.977,70,MOTION DETECTED,3-Frame Differencing,1,1
2026-07-09 09:45:58.020,71,MOTION DETECTED,3-Frame Differencing,1,1
2026-07-09 09:45:58.068,72,MOTION DETECTED,3-Frame Differencing,1,1
2026-07-09 09:45:58.103,73,MOTION DETECTED,3-Frame Differencing,1,1
2026-07-09 09:45:58.141,74,MOTION DETECTED,3-Frame Differencing,1,1
2026-07-09 09:45:58.183,75,MOTION DETECTED,3-Frame Differencing,1,1
2026-07-09 09:45:58.232,76,MOTION DETECTED,3-Frame Differencing,1,1
2026-07-09 09:45:58.264,77,MOTION DETECTED,3-Frame Differencing,1,1
2026-07-09 09:45:58.316,78,MOTION DETECTED,3-Frame Differencing,1,1
2026-07-09 09:45:58.344,79,MOTION DETECTED,3-Frame Differencing,1,1
2026-07-09 09:45:58.391,80,MOTION DETECTED,3-Frame Differencing,1,1
2026-07-09 09:45:58.430,81,MOTION DETECTED,3-Frame Differencing,1,1
2026-07-09 09:45:58.480,82,MOTION DETECTED,3-Frame Differencing,1,1
2026-07-09 09:45:58.519,83,MOTION DETECTED,3-Frame Differencing,1,1
2026-07-09 09:45:58.570,84,MOTION DETECTED,3-Frame Differencing,1,1
2026-07-09 09:45:58.601,85,MOTION DETECTED,3-Frame Differencing,1,1
2026-07-09 09:45:58.632,86,MOTION DETECTED,3-Frame Differencing,1,1
2026-07-09 09:45:58.661,87,MOTION DETECTED,3-Frame Differencing,1,1
2026-07-09 09:45:58.696,88,MOTION DETECTED,3-Frame Differencing,1,1
2026-07-09 09:45:58.732,89,MOTION DETECTED,3-Frame Differencing,1,1
2026-07-09 09:45:58.767,90,MOTION DETECTED,3-Frame Differencing,1,1
2026-07-09 09:45:58.806,91,MOTION DETECTED,3-Frame Differencing,1,1
2026-07-09 09:45:58.859,92,MOTION DETECTED,3-Frame Differencing,1,1
2026-07-09 09:45:58.904,93,MOTION DETECTED,3-Frame Differencing,1,1
2026-07-09 09:45:58.944,94,MOTION DETECTED,3-Frame Differencing,1,1
2026-07-09 09:45:58.982,95,MOTION DETECTED,3-Frame Differencing,1,1
2026-07-09 09:45:59.020,96,MOTION DETECTED,3-Frame Differencing,1,1
2026-07-09 09:45:59.049,97,MOTION DETECTED,3-Frame Differencing,1,1
2026-07-09 09:45:59.079,98,MOTION DETECTED,3-Frame Differencing,1,1
2026-07-09 09:45:59.113,99,MOTION DETECTED,3-Frame Differencing,1,1
2026-07-09 09:45:59.144,100,MOTION DETECTED,3-Frame Differencing,1,1
2026-07-09 09:45:59.177,101,MOTION DETECTED,3-Frame Differencing,1,1
2026-07-09 09:45:59.211,102,MOTION DETECTED,3-Frame Differencing,1,1
2026-07-09 09:45:59.242,103,MOTION DETECTED,3-Frame Differencing,1,1
2026-07-09 09:45:59.281,104,MOTION DETECTED,3-Frame Differencing,1,1
2026-07-09 09:45:59.311,105,MOTION DETECTED,3-Frame Differencing,1,1
2026-07-09 09:45:59.342,106,MOTION DETECTED,3-Frame Differencing,1,1
2026-07-09 09:45:59.382,107,MOTION DETECTED,3-Frame Differencing,1,1
2026-07-09 09:45:59.413,108,MOTION DETECTED,3-Frame Differencing,1,1
2026-07-09 09:45:59.445,109,MOTION DETECTED,3-Frame Differencing,1,1
2026-07-09 09:45:59.470,110,MOTION DETECTED,3-Frame Differencing,1,1
2026-07-09 09:45:59.511,111,MOTION DETECTED,3-Frame Differencing,1,1
2026-07-09 09:45:59.543,112,MOTION DETECTED,3-Frame Differencing,1,1
2026-07-09 09:45:59.591,113,MOTION DETECTED,3-Frame Differencing,1,1
2026-07-09 09:45:59.630,114,MOTION DETECTED,3-Frame Differencing,1,1
2026-07-09 09:45:59.660,115,MOTION DETECTED,3-Frame Differencing,1,1
2026-07-09 09:45:59.697,116,MOTION DETECTED,3-Frame Differencing,1,1
2026-07-09 09:45:59.728,117,MOTION DETECTED,3-Frame Differencing,1,1
2026-07-09 09:45:59.758,118,MOTION DETECTED,3-Frame Differencing,1,1
2026-07-09 09:45:59.796,119,MOTION DETECTED,3-Frame Differencing,1,1
2026-07-09 09:45:59.829,120,MOTION DETECTED,3-Frame Differencing,1,1
2026-07-09 09:45:59.859,121,MOTION DETECTED,3-Frame Differencing,1,1
2026-07-09 09:45:59.890,122,MOTION DETECTED,3-Frame Differencing,1,1
2026-07-09 09:45:59.927,123,MOTION DETECTED,3-Frame Differencing,1,1
2026-07-09 09:45:59.958,124,MOTION DETECTED,3-Frame Differencing,1,1
2026-07-09 09:45:59.996,125,MOTION DETECTED,3-Frame Differencing,1,1
2026-07-09 09:46:00.031,126,MOTION DETECTED,3-Frame Differencing,1,1
2026-07-09 09:46:00.064,127,MOTION DETECTED,3-Frame Differencing,1,1
2026-07-09 09:46:00.094,128,MOTION DETECTED,3-Frame Differencing,1,1
2026-07-09 09:46:00.133,129,MOTION DETECTED,3-Frame Differencing,1,1
2026-07-09 09:46:00.175,130,MOTION DETECTED,3-Frame Differencing,1,1
2026-07-09 09:46:00.208,131,MOTION DETECTED,3-Frame Differencing,1,1
2026-07-09 09:46:00.242,132,MOTION DETECTED,3-Frame Differencing,1,1
2026-07-09 09:46:00.279,133,MOTION DETECTED,3-Frame Differencing,1,1
2026-07-09 09:46:00.313,134,MOTION DETECTED,3-Frame Differencing,1,1
2026-07-09 09:46:00.344,135,MOTION DETECTED,3-Frame Differencing,1,1
2026-07-09 09:46:00.372,136,MOTION DETECTED,3-Frame Differencing,1,1
2026-07-09 09:46:00.407,137,MOTION DETECTED,3-Frame Differencing,1,1
2026-07-09 09:46:00.443,138,MOTION DETECTED,3-Frame Differencing,1,1
2026-07-09 09:46:00.478,139,MOTION DETECTED,3-Frame Differencing,1,1
2026-07-09 09:46:00.507,140,MOTION DETECTED,3-Frame Differencing,1,1
2026-07-09 09:46:00.541,141,MOTION DETECTED,3-Frame Differencing,1,1
2026-07-09 09:46:00.571,142,MOTION DETECTED,3-Frame Differencing,1,1
2026-07-09 09:46:00.611,143,MOTION DETECTED,3-Frame Differencing,1,1
2026-07-09 09:46:00.645,144,MOTION DETECTED,3-Frame Differencing,1,1
2026-07-09 09:46:00.678,145,MOTION DETECTED,3-Frame Differencing,1,1
2026-07-09 09:46:00.709,146,MOTION DETECTED,3-Frame Differencing,1,1
2026-07-09 09:46:00.744,147,MOTION DETECTED,3-Frame Differencing,1,1
2026-07-09 09:46:00.778,148,MOTION DETECTED,3-Frame Differencing,1,1
2026-07-09 09:46:00.810,149,MOTION DETECTED,3-Frame Differencing,1,1
2026-07-09 09:46:00.841,150,MOTION DETECTED,3-Frame Differencing,1,1
2026-07-09 09:46:00.876,151,MOTION DETECTED,3-Frame Differencing,1,1
2026-07-09 09:46:00.914,152,MOTION DETECTED,3-Frame Differencing,1,1
2026-07-09 09:46:00.960,153,MOTION DETECTED,3-Frame Differencing,1,1
2026-07-09 09:46:00.998,154,MOTION DETECTED,3-Frame Differencing,1,1
2026-07-09 09:46:01.027,155,MOTION DETECTED,3-Frame Differencing,1,1
2026-07-09 09:46:01.059,156,MOTION DETECTED,3-Frame Differencing,1,1
2026-07-09 09:46:01.097,157,MOTION DETECTED,3-Frame Differencing,1,1
2026-07-09 09:46:01.127,158,MOTION DETECTED,3-Frame Differencing,1,1
2026-07-09 09:46:01.163,159,MOTION DETECTED,3-Frame Differencing,1,1
2026-07-09 09:46:01.197,160,MOTION DETECTED,3-Frame Differencing,1,1
2026-07-09 09:46:01.229,161,MOTION DETECTED,3-Frame Differencing,1,1
2026-07-09 09:46:01.263,162,MOTION DETECTED,3-Frame Differencing,1,1
2026-07-09 09:46:01.301,163,MOTION DETECTED,3-Frame Differencing,1,1
2026-07-09 09:46:01.328,164,MOTION DETECTED,3-Frame Differencing,1,1
2026-07-09 09:46:01.377,165,MOTION DETECTED,3-Frame Differencing,1,1
2026-07-09 09:46:01.413,166,MOTION DETECTED,3-Frame Differencing,1,1
2026-07-09 09:46:01.464,167,MOTION DETECTED,3-Frame Differencing,1,1
2026-07-09 09:46:01.491,168,MOTION DETECTED,3-Frame Differencing,1,1
2026-07-09 09:46:01.526,169,MOTION DETECTED,3-Frame Differencing,1,1
2026-07-09 09:46:01.558,170,MOTION DETECTED,3-Frame Differencing,1,1
2026-07-09 09:46:01.598,171,MOTION DETECTED,3-Frame Differencing,1,1
2026-07-09 09:46:01.627,172,MOTION DETECTED,3-Frame Differencing,1,1
2026-07-09 09:46:01.659,173,MOTION DETECTED,3-Frame Differencing,1,1
2026-07-09 09:46:01.702,174,MOTION DETECTED,3-Frame Differencing,1,1
2026-07-09 09:46:01.746,175,MOTION DETECTED,3-Frame Differencing,1,1
2026-07-09 09:46:01.775,176,MOTION DETECTED,3-Frame Differencing,1,1
2026-07-09 09:46:01.811,177,MOTION DETECTED,3-Frame Differencing,1,1
2026-07-09 09:46:01.842,178,MOTION DETECTED,3-Frame Differencing,1,1
2026-07-09 09:46:01.879,179,MOTION DETECTED,3-Frame Differencing,1,1
2026-07-09 09:46:01.913,180,MOTION DETECTED,3-Frame Differencing,1,1
2026-07-09 09:46:01.957,181,MOTION DETECTED,3-Frame Differencing,1,1
2026-07-09 09:46:01.980,182,MOTION DETECTED,3-Frame Differencing,1,1
2026-07-09 09:46:02.016,183,MOTION DETECTED,3-Frame Differencing,1,1
2026-07-09 09:46:02.060,184,MOTION DETECTED,3-Frame Differencing,1,1
2026-07-09 09:46:02.096,185,MOTION DETECTED,3-Frame Differencing,1,1
2026-07-09 09:46:02.126,186,MOTION DETECTED,3-Frame Differencing,1,1
2026-07-09 09:46:02.157,187,MOTION DETECTED,3-Frame Differencing,1,1
2026-07-09 09:46:02.195,188,MOTION DETECTED,3-Frame Differencing,1,1
2026-07-09 09:46:02.228,189,MOTION DETECTED,3-Frame Differencing,1,1
2026-07-09 09:46:02.260,190,MOTION DETECTED,3-Frame Differencing,1,1
2026-07-09 09:46:02.291,191,MOTION DETECTED,3-Frame Differencing,1,1
2026-07-09 09:46:02.314,192,MOTION DETECTED,3-Frame Differencing,1,1
2026-07-09 09:46:02.349,193,MOTION DETECTED,3-Frame Differencing,1,1
2026-07-09 09:46:02.380,194,MOTION DETECTED,3-Frame Differencing,1,1
2026-07-09 09:46:02.412,195,MOTION DETECTED,3-Frame Differencing,1,1
2026-07-09 09:46:02.441,196,MOTION DETECTED,3-Frame Differencing,1,1
2026-07-09 09:46:02.481,197,MOTION DETECTED,3-Frame Differencing,1,1
2026-07-09 09:46:02.509,198,MOTION DETECTED,3-Frame Differencing,1,1
2026-07-09 09:46:02.542,199,MOTION DETECTED,3-Frame Differencing,1,1
2026-07-09 09:46:02.575,200,MOTION DETECTED,3-Frame Differencing,1,1
2026-07-09 09:46:02.606,201,MOTION DETECTED,3-Frame Differencing,1,1
2026-07-09 09:46:02.625,202,MOTION DETECTED,3-Frame Differencing,1,1
2026-07-09 09:46:02.671,203,MOTION DETECTED,3-Frame Differencing,1,1
2026-07-09 09:46:02.711,204,MOTION DETECTED,3-Frame Differencing,1,1
2026-07-09 09:46:02.743,205,MOTION DETECTED,3-Frame Differencing,1,1
2026-07-09 09:46:02.774,206,MOTION DETECTED,3-Frame Differencing,1,1
2026-07-09 09:46:02.800,207,MOTION DETECTED,3-Frame Differencing,1,1
2026-07-09 09:46:02.834,208,MOTION DETECTED,3-Frame Differencing,1,1
2026-07-09 09:46:02.883,209,MOTION DETECTED,3-Frame Differencing,1,1
2026-07-09 09:46:02.912,210,MOTION DETECTED,3-Frame Differencing,1,1
2026-07-09 09:46:02.942,211,MOTION DETECTED,3-Frame Differencing,1,1
2026-07-09 09:46:02.974,212,MOTION DETECTED,3-Frame Differencing,1,1
2026-07-09 09:46:03.005,213,MOTION DETECTED,3-Frame Differencing,1,1
2026-07-09 09:46:03.035,214,MOTION DETECTED,3-Frame Differencing,1,1
2026-07-09 09:46:03.067,215,MOTION DETECTED,3-Frame Differencing,1,1
2026-07-09 09:46:03.097,216,MOTION DETECTED,3-Frame Differencing,1,1
2026-07-09 09:46:03.130,217,MOTION DETECTED,3-Frame Differencing,1,1
2026-07-09 09:46:03.178,218,MOTION DETECTED,3-Frame Differencing,1,1
2026-07-09 09:46:03.212,219,MOTION DETECTED,3-Frame Differencing,1,1
2026-07-09 09:46:03.250,220,MOTION DETECTED,3-Frame Differencing,1,1
2026-07-09 09:46:03.297,221,MOTION DETECTED,3-Frame Differencing,1,1
2026-07-09 09:46:03.329,222,MOTION DETECTED,3-Frame Differencing,1,1
2026-07-09 09:46:03.360,223,MOTION DETECTED,3-Frame Differencing,1,1
2026-07-09 09:46:03.401,224,MOTION DETECTED,3-Frame Differencing,1,1
2026-07-09 09:46:03.443,225,MOTION DETECTED,3-Frame Differencing,1,1
2026-07-09 09:46:03.477,226,MOTION DETECTED,3-Frame Differencing,1,1
2026-07-09 09:46:03.512,227,MOTION DETECTED,3-Frame Differencing,1,1
2026-07-09 09:46:03.557,228,MOTION DETECTED,3-Frame Differencing,1,1
2026-07-09 09:46:03.592,229,MOTION DETECTED,3-Frame Differencing,1,1
2026-07-09 09:46:03.631,230,MOTION DETECTED,3-Frame Differencing,1,1
2026-07-09 09:46:03.703,231,MOTION DETECTED,3-Frame Differencing,1,1
2026-07-09 09:46:03.744,232,MOTION DETECTED,3-Frame Differencing,1,1
2026-07-09 09:46:03.778,233,MOTION DETECTED,3-Frame Differencing,1,1
2026-07-09 09:46:03.814,234,MOTION DETECTED,3-Frame Differencing,1,1
2026-07-09 09:46:03.860,235,MOTION DETECTED,3-Frame Differencing,1,1
2026-07-09 09:46:03.921,236,MOTION DETECTED,3-Frame Differencing,1,1
2026-07-09 09:46:03.971,237,MOTION DETECTED,3-Frame Differencing,1,1
2026-07-09 09:46:04.015,238,MOTION DETECTED,3-Frame Differencing,1,1
2026-07-09 09:46:04.070,239,MOTION DETECTED,3-Frame Differencing,1,1
2026-07-09 09:46:04.103,240,MOTION DETECTED,3-Frame Differencing,1,1
2026-07-09 09:46:04.130,241,MOTION DETECTED,3-Frame Differencing,1,1
2026-07-09 09:46:04.169,242,MOTION DETECTED,3-Frame Differencing,1,1
2026-07-09 09:46:04.226,243,MOTION DETECTED,3-Frame Differencing,1,1
2026-07-09 09:46:04.257,244,MOTION DETECTED,3-Frame Differencing,1,1
2026-07-09 09:46:04.292,245,MOTION DETECTED,3-Frame Differencing,1,1
2026-07-09 09:46:04.327,246,MOTION DETECTED,3-Frame Differencing,1,1
2026-07-09 09:46:04.392,247,MOTION DETECTED,3-Frame Differencing,1,1
2026-07-09 09:46:04.420,248,MOTION DETECTED,3-Frame Differencing,1,1
2026-07-09 09:46:04.452,249,MOTION DETECTED,3-Frame Differencing,1,1
2026-07-09 09:46:04.481,250,MOTION DETECTED,3-Frame Differencing,1,1
2026-07-09 09:46:04.514,251,MOTION DETECTED,3-Frame Differencing,1,1
2026-07-09 09:46:04.550,252,MOTION DETECTED,3-Frame Differencing,1,1
2026-07-09 09:46:04.591,253,MOTION DETECTED,3-Frame Differencing,1,1
2026-07-09 09:46:04.623,254,MOTION DETECTED,3-Frame Differencing,1,1
2026-07-09 09:46:04.661,255,MOTION DETECTED,3-Frame Differencing,1,1
2026-07-09 09:46:04.693,256,MOTION DETECTED,3-Frame Differencing,1,1
2026-07-09 09:46:04.723,257,MOTION DETECTED,3-Frame Differencing,1,1
2026-07-09 09:46:04.761,258,MOTION DETECTED,3-Frame Differencing,1,1
2026-07-09 09:46:04.794,259,MOTION DETECTED,3-Frame Differencing,1,1
2026-07-09 09:46:04.827,260,MOTION DETECTED,3-Frame Differencing,1,1
2026-07-09 09:46:04.856,261,MOTION DETECTED,3-Frame Differencing,1,1
2026-07-09 09:46:04.884,262,MOTION DETECTED,3-Frame Differencing,1,1
2026-07-09 09:46:04.923,263,MOTION DETECTED,3-Frame Differencing,1,1
2026-07-09 09:46:04.961,264,MOTION DETECTED,3-Frame Differencing,1,1
2026-07-09 09:46:04.991,265,MOTION DETECTED,3-Frame Differencing,1,1
2026-07-09 09:46:05.024,266,MOTION DETECTED,3-Frame Differencing,1,1
2026-07-09 09:46:05.050,267,MOTION DETECTED,3-Frame Differencing,1,1
2026-07-09 09:46:05.077,268,MOTION DETECTED,3-Frame Differencing,1,1
2026-07-09 09:46:05.107,269,MOTION DETECTED,3-Frame Differencing,1,1
2026-07-09 09:46:05.143,270,MOTION DETECTED,3-Frame Differencing,1,1
2026-07-09 09:46:05.174,271,MOTION DETECTED,3-Frame Differencing,1,1
2026-07-09 09:46:05.209,272,MOTION DETECTED,3-Frame Differencing,1,1
2026-07-09 09:46:05.244,273,MOTION DETECTED,3-Frame Differencing,1,1
2026-07-09 09:46:05.274,274,MOTION DETECTED,3-Frame Differencing,1,1
2026-07-09 09:46:05.324,275,MOTION DETECTED,3-Frame Differencing,1,1
2026-07-09 09:46:05.361,276,MOTION DETECTED,3-Frame Differencing,1,1
2026-07-09 09:46:05.394,277,MOTION DETECTED,3-Frame Differencing,1,1
2026-07-09 09:46:05.425,278,MOTION DETECTED,3-Frame Differencing,1,1
2026-07-09 09:46:05.458,279,MOTION DETECTED,3-Frame Differencing,1,1
2026-07-09 09:46:05.497,280,MOTION DETECTED,3-Frame Differencing,1,1
2026-07-09 09:46:05.525,281,MOTION DETECTED,3-Frame Differencing,1,1
2026-07-09 09:46:05.555,282,MOTION DETECTED,3-Frame Differencing,1,1
2026-07-09 09:46:05.594,283,MOTION DETECTED,3-Frame Differencing,1,1
2026-07-09 09:46:05.636,284,MOTION DETECTED,3-Frame Differencing,1,1
2026-07-09 09:46:05.677,285,MOTION DETECTED,3-Frame Differencing,1,1
2026-07-09 09:46:05.712,286,MOTION DETECTED,3-Frame Differencing,1,1
2026-07-09 09:46:05.746,287,MOTION DETECTED,3-Frame Differencing,1,1
2026-07-09 09:46:05.774,288,MOTION DETECTED,3-Frame Differencing,1,1
2026-07-09 09:46:05.807,289,MOTION DETECTED,3-Frame Differencing,1,1
2026-07-09 09:46:05.841,290,MOTION DETECTED,3-Frame Differencing,1,1
2026-07-09 09:46:05.873,291,MOTION DETECTED,3-Frame Differencing,1,1
2026-07-09 09:46:05.911,292,MOTION DETECTED,3-Frame Differencing,1,1
2026-07-09 09:46:05.943,293,MOTION DETECTED,3-Frame Differencing,1,1
2026-07-09 09:46:05.978,294,MOTION DETECTED,3-Frame Differencing,1,1
2026-07-09 09:46:06.016,295,MOTION DETECTED,3-Frame Differencing,1,1
2026-07-09 09:46:06.044,296,MOTION DETECTED,3-Frame Differencing,1,1
2026-07-09 09:46:06.074,297,MOTION DETECTED,3-Frame Differencing,1,1
2026-07-09 09:46:06.108,298,MOTION DETECTED,3-Frame Differencing,1,1
2026-07-09 09:46:06.143,299,MOTION DETECTED,3-Frame Differencing,1,1
2026-07-09 09:46:06.166,300,MOTION DETECTED,3-Frame Differencing,1,1
2026-07-09 09:46:06.207,301,MOTION DETECTED,3-Frame Differencing,1,1
2026-07-09 09:46:06.242,302,MOTION DETECTED,3-Frame Differencing,1,1
2026-07-09 09:46:06.280,303,MOTION DETECTED,3-Frame Differencing,1,1
2026-07-09 09:46:06.313,304,MOTION DETECTED,3-Frame Differencing,1,1
2026-07-09 09:46:06.344,305,MOTION DETECTED,3-Frame Differencing,1,1
2026-07-09 09:46:06.375,306,MOTION DETECTED,3-Frame Differencing,1,1
2026-07-09 09:46:06.413,307,MOTION DETECTED,3-Frame Differencing,1,1
2026-07-09 09:46:06.445,308,MOTION DETECTED,3-Frame Differencing,1,1
2026-07-09 09:46:06.476,309,MOTION DETECTED,3-Frame Differencing,1,1
2026-07-09 09:46:06.510,310,MOTION DETECTED,3-Frame Differencing,1,1
2026-07-09 09:46:06.577,311,MOTION DETECTED,3-Frame Differencing,1,1
2026-07-09 09:46:06.618,312,MOTION DETECTED,3-Frame Differencing,1,1
2026-07-09 09:46:06.659,313,MOTION DETECTED,3-Frame Differencing,1,1
2026-07-09 09:46:06.696,314,MOTION DETECTED,3-Frame Differencing,1,1
2026-07-09 09:46:06.735,315,MOTION DETECTED,3-Frame Differencing,1,1
2026-07-09 09:46:06.777,316,MOTION DETECTED,3-Frame Differencing,1,1
2026-07-09 09:46:06.812,317,MOTION DETECTED,3-Frame Differencing,1,1
2026-07-09 09:46:06.842,318,MOTION DETECTED,3-Frame Differencing,1,1
2026-07-09 09:46:06.881,319,MOTION DETECTED,3-Frame Differencing,1,1
2026-07-09 09:46:06.912,320,MOTION DETECTED,3-Frame Differencing,1,1
2026-07-09 09:46:06.942,321,MOTION DETECTED,3-Frame Differencing,1,1
2026-07-09 09:46:06.989,322,MOTION DETECTED,3-Frame Differencing,1,1
2026-07-09 09:46:07.019,323,MOTION DETECTED,3-Frame Differencing,1,1
2026-07-09 09:46:07.057,324,MOTION DETECTED,3-Frame Differencing,1,1
2026-07-09 09:46:07.095,325,MOTION DETECTED,3-Frame Differencing,1,1
2026-07-09 09:46:07.130,326,MOTION DETECTED,3-Frame Differencing,1,1
2026-07-09 09:46:07.162,327,MOTION DETECTED,3-Frame Differencing,1,1
2026-07-09 09:46:07.194,328,MOTION DETECTED,3-Frame Differencing,1,1
2026-07-09 09:46:07.229,329,MOTION DETECTED,3-Frame Differencing,1,1
2026-07-09 09:46:07.262,330,MOTION DETECTED,3-Frame Differencing,1,1
2026-07-09 09:46:07.291,331,MOTION DETECTED,3-Frame Differencing,1,1
2026-07-09 09:46:07.324,332,MOTION DETECTED,3-Frame Differencing,1,1
2026-07-09 09:46:07.358,333,MOTION DETECTED,3-Frame Differencing,1,1
2026-07-09 09:46:07.395,334,MOTION DETECTED,3-Frame Differencing,1,1
2026-07-09 09:46:07.428,335,MOTION DETECTED,3-Frame Differencing,1,1
2026-07-09 09:46:07.458,336,MOTION DETECTED,3-Frame Differencing,1,1
2026-07-09 09:46:07.498,337,MOTION DETECTED,3-Frame Differencing,1,1
2026-07-09 09:46:07.531,338,MOTION DETECTED,3-Frame Differencing,1,1
2026-07-09 09:46:07.558,339,MOTION DETECTED,3-Frame Differencing,1,1
2026-07-09 09:46:07.593,340,MOTION DETECTED,3-Frame Differencing,1,1
2026-07-09 09:46:07.627,341,MOTION DETECTED,3-Frame Differencing,1,1
2026-07-09 09:46:07.661,342,MOTION DETECTED,3-Frame Differencing,1,1
2026-07-09 09:46:07.694,343,MOTION DETECTED,3-Frame Differencing,1,1
2026-07-09 09:46:07.724,344,MOTION DETECTED,3-Frame Differencing,1,1
2026-07-09 09:46:07.759,345,MOTION DETECTED,3-Frame Differencing,1,1
2026-07-09 09:46:07.800,346,MOTION DETECTED,3-Frame Differencing,1,1
2026-07-09 09:46:07.828,347,MOTION DETECTED,3-Frame Differencing,1,1
2026-07-09 09:46:07.865,348,MOTION DETECTED,3-Frame Differencing,1,1
2026-07-09 09:46:07.898,349,MOTION DETECTED,3-Frame Differencing,1,1
2026-07-09 09:46:07.930,350,MOTION DETECTED,3-Frame Differencing,1,1
2026-07-09 09:46:07.961,351,MOTION DETECTED,3-Frame Differencing,1,1
2026-07-09 09:46:07.995,352,MOTION DETECTED,3-Frame Differencing,1,1
2026-07-09 09:46:08.029,353,MOTION DETECTED,3-Frame Differencing,1,1
2026-07-09 09:46:08.058,354,MOTION DETECTED,3-Frame Differencing,1,1
2026-07-09 09:46:08.102,355,MOTION DETECTED,3-Frame Differencing,1,1
2026-07-09 09:46:08.134,356,MOTION DETECTED,3-Frame Differencing,1,1
2026-07-09 09:46:08.161,357,MOTION DETECTED,3-Frame Differencing,1,1
2026-07-09 09:46:08.199,358,MOTION DETECTED,3-Frame Differencing,1,1
2026-07-09 09:46:08.231,359,MOTION DETECTED,3-Frame Differencing,1,1
2026-07-09 09:46:08.262,360,MOTION DETECTED,3-Frame Differencing,1,1
2026-07-09 09:46:08.296,361,MOTION DETECTED,3-Frame Differencing,1,1
2026-07-09 09:46:08.336,362,MOTION DETECTED,3-Frame Differencing,1,1
2026-07-09 09:46:08.365,363,MOTION DETECTED,3-Frame Differencing,1,1
2026-07-09 09:46:08.392,364,MOTION DETECTED,3-Frame Differencing,1,1
2026-07-09 09:46:08.417,365,MOTION DETECTED,3-Frame Differencing,1,1
2026-07-09 09:46:08.449,366,MOTION DETECTED,3-Frame Differencing,1,1
2026-07-09 09:46:08.476,367,MOTION DETECTED,3-Frame Differencing,1,1
2026-07-09 09:46:08.509,368,MOTION DETECTED,3-Frame Differencing,1,1
2026-07-09 09:46:08.534,369,MOTION DETECTED,3-Frame Differencing,1,1
2026-07-09 09:46:08.564,370,MOTION DETECTED,3-Frame Differencing,1,1
2026-07-09 09:46:08.595,371,MOTION DETECTED,3-Frame Differencing,1,1
2026-07-09 09:46:08.628,372,MOTION DETECTED,3-Frame Differencing,1,1
2026-07-09 09:46:08.659,373,MOTION DETECTED,3-Frame Differencing,1,1
2026-07-09 09:46:08.694,374,MOTION DETECTED,3-Frame Differencing,1,1
2026-07-09 09:46:08.725,375,MOTION DETECTED,3-Frame Differencing,1,1
2026-07-09 09:46:08.750,376,MOTION DETECTED,3-Frame Differencing,1,1
2026-07-09 09:46:08.782,377,MOTION DETECTED,3-Frame Differencing,1,1
2026-07-09 09:46:08.818,378,MOTION DETECTED,3-Frame Differencing,1,1
2026-07-09 09:46:08.846,379,MOTION DETECTED,3-Frame Differencing,1,1
2026-07-09 09:46:08.877,380,MOTION DETECTED,3-Frame Differencing,1,1
2026-07-09 09:46:08.906,381,MOTION DETECTED,3-Frame Differencing,1,1
2026-07-09 09:46:08.931,382,MOTION DETECTED,3-Frame Differencing,1,1
2026-07-09 09:46:08.964,383,MOTION DETECTED,3-Frame Differencing,1,1
2026-07-09 09:46:08.993,384,MOTION DETECTED,3-Frame Differencing,1,1
2026-07-09 09:46:09.029,385,MOTION DETECTED,3-Frame Differencing,1,1
2026-07-09 09:46:09.058,386,MOTION DETECTED,3-Frame Differencing,1,1
2026-07-09 09:46:09.099,387,MOTION DETECTED,3-Frame Differencing,1,1
2026-07-09 09:46:09.143,388,MOTION DETECTED,3-Frame Differencing,1,1
2026-07-09 09:46:09.177,389,MOTION DETECTED,3-Frame Differencing,1,1
2026-07-09 09:46:09.213,390,MOTION DETECTED,3-Frame Differencing,1,1
2026-07-09 09:46:09.274,391,MOTION DETECTED,3-Frame Differencing,1,1
2026-07-09 09:46:09.309,392,MOTION DETECTED,3-Frame Differencing,1,1
2026-07-09 09:46:09.347,393,MOTION DETECTED,3-Frame Differencing,1,1
2026-07-09 09:46:09.379,394,MOTION DETECTED,3-Frame Differencing,1,1
2026-07-09 09:46:09.414,395,MOTION DETECTED,3-Frame Differencing,1,1
2026-07-09 09:46:09.446,396,MOTION DETECTED,3-Frame Differencing,1,1
2026-07-09 09:46:09.482,397,MOTION DETECTED,3-Frame Differencing,1,1
2026-07-09 09:46:09.531,398,MOTION DETECTED,3-Frame Differencing,1,1
2026-07-09 09:46:09.565,399,MOTION DETECTED,3-Frame Differencing,1,1
2026-07-09 09:46:09.594,400,MOTION DETECTED,3-Frame Differencing,1,1
2026-07-09 09:46:09.634,401,MOTION DETECTED,3-Frame Differencing,1,1
2026-07-09 09:46:09.679,402,MOTION DETECTED,3-Frame Differencing,1,1
2026-07-09 09:46:09.721,403,MOTION DETECTED,3-Frame Differencing,1,1
2026-07-09 09:46:09.753,404,MOTION DETECTED,3-Frame Differencing,1,1
2026-07-09 09:46:09.791,405,MOTION DETECTED,3-Frame Differencing,1,1
2026-07-09 09:46:09.825,406,MOTION DETECTED,3-Frame Differencing,1,1
2026-07-09 09:46:09.889,407,MOTION DETECTED,3-Frame Differencing,1,1
2026-07-09 09:46:09.930,408,MOTION DETECTED,3-Frame Differencing,1,1
2026-07-09 09:46:09.975,409,MOTION DETECTED,3-Frame Differencing,1,1
2026-07-09 09:46:10.013,410,MOTION DETECTED,3-Frame Differencing,1,1
2026-07-09 09:46:10.047,411,MOTION DETECTED,3-Frame Differencing,1,1
2026-07-09 09:46:10.081,412,MOTION DETECTED,3-Frame Differencing,1,1
2026-07-09 09:46:10.114,413,MOTION DETECTED,3-Frame Differencing,1,1
2026-07-09 09:46:10.147,414,MOTION DETECTED,3-Frame Differencing,1,1
2026-07-09 09:46:10.182,415,MOTION DETECTED,3-Frame Differencing,1,1
2026-07-09 09:46:10.208,416,MOTION DETECTED,3-Frame Differencing,1,1
2026-07-09 09:46:10.243,417,MOTION DETECTED,3-Frame Differencing,1,1
2026-07-09 09:46:10.273,418,MOTION DETECTED,3-Frame Differencing,1,1
2026-07-09 09:46:10.304,419,MOTION DETECTED,3-Frame Differencing,1,1
2026-07-09 09:46:10.334,420,MOTION DETECTED,3-Frame Differencing,1,1
2026-07-09 09:46:10.375,421,MOTION DETECTED,3-Frame Differencing,1,1
2026-07-09 09:46:10.408,422,MOTION DETECTED,3-Frame Differencing,1,1
2026-07-09 09:46:10.435,423,MOTION DETECTED,3-Frame Differencing,1,1
2026-07-09 09:46:10.469,424,MOTION DETECTED,3-Frame Differencing,1,1
2026-07-09 09:46:10.500,425,MOTION DETECTED,3-Frame Differencing,1,1
2026-07-09 09:46:10.531,426,MOTION DETECTED,3-Frame Differencing,1,1
2026-07-09 09:46:10.560,427,MOTION DETECTED,3-Frame Differencing,1,1
2026-07-09 09:46:10.583,428,MOTION DETECTED,3-Frame Differencing,1,1
2026-07-09 09:46:10.615,429,MOTION DETECTED,3-Frame Differencing,1,1
2026-07-09 09:46:10.642,430,MOTION DETECTED,3-Frame Differencing,1,1
2026-07-09 09:46:10.673,431,MOTION DETECTED,3-Frame Differencing,1,1
2026-07-09 09:46:10.702,432,MOTION DETECTED,3-Frame Differencing,1,1
2026-07-09 09:46:10.745,433,MOTION DETECTED,3-Frame Differencing,1,1
2026-07-09 09:46:10.777,434,MOTION DETECTED,3-Frame Differencing,1,1
2026-07-09 09:46:10.816,435,MOTION DETECTED,3-Frame Differencing,1,1
2026-07-09 09:46:10.849,436,MOTION DETECTED,3-Frame Differencing,1,1
2026-07-09 09:46:10.878,437,MOTION DETECTED,3-Frame Differencing,1,1
2026-07-09 09:46:10.907,438,MOTION DETECTED,3-Frame Differencing,1,1
2026-07-09 09:46:10.936,439,MOTION DETECTED,3-Frame Differencing,1,1
2026-07-09 09:46:10.962,440,MOTION DETECTED,3-Frame Differencing,1,1
2026-07-09 09:46:10.994,441,MOTION DETECTED,3-Frame Differencing,1,1
2026-07-09 09:46:11.025,442,MOTION DETECTED,3-Frame Differencing,1,1
2026-07-09 09:46:11.055,443,MOTION DETECTED,3-Frame Differencing,1,1
2026-07-09 09:46:11.088,444,MOTION DETECTED,3-Frame Differencing,1,1
2026-07-09 09:46:11.130,445,MOTION DETECTED,3-Frame Differencing,1,1
2026-07-09 09:46:11.161,446,MOTION DETECTED,3-Frame Differencing,1,1
2026-07-09 09:46:11.466,447,MOTION DETECTED,3-Frame Differencing,1,1
2026-07-09 09:46:11.538,448,MOTION DETECTED,3-Frame Differencing,1,1
2026-07-09 09:46:11.578,449,MOTION DETECTED,3-Frame Differencing,1,1
2026-07-09 09:46:11.615,450,MOTION DETECTED,3-Frame Differencing,1,1
2026-07-09 09:46:11.658,451,MOTION DETECTED,3-Frame Differencing,1,1
2026-07-09 09:46:11.695,452,MOTION DETECTED,3-Frame Differencing,1,1
2026-07-09 09:46:11.735,453,MOTION DETECTED,3-Frame Differencing,1,1
2026-07-09 09:46:11.770,454,MOTION DETECTED,3-Frame Differencing,1,1
2026-07-09 09:46:11.813,455,MOTION DETECTED,3-Frame Differencing,1,1
2026-07-09 09:46:11.852,456,MOTION DETECTED,3-Frame Differencing,1,1
2026-07-09 09:46:11.888,457,MOTION DETECTED,3-Frame Differencing,1,1
2026-07-09 09:46:11.927,458,MOTION DETECTED,3-Frame Differencing,1,1
2026-07-09 09:46:11.969,459,MOTION DETECTED,3-Frame Differencing,1,1
2026-07-09 09:46:12.010,460,MOTION DETECTED,3-Frame Differencing,1,1
2026-07-09 09:46:12.054,461,MOTION DETECTED,3-Frame Differencing,1,1
2026-07-09 09:46:12.090,462,MOTION DETECTED,3-Frame Differencing,1,1
2026-07-09 09:46:12.126,463,MOTION DETECTED,3-Frame Differencing,1,1
2026-07-09 09:46:12.166,464,MOTION DETECTED,3-Frame Differencing,1,1
2026-07-09 09:46:12.207,465,MOTION DETECTED,3-Frame Differencing,1,1
2026-07-09 09:46:12.247,466,MOTION DETECTED,3-Frame Differencing,1,1
2026-07-09 09:46:12.285,467,MOTION DETECTED,3-Frame Differencing,1,1
2026-07-09 09:46:12.319,468,MOTION DETECTED,3-Frame Differencing,1,1
2026-07-09 09:46:12.355,469,MOTION DETECTED,3-Frame Differencing,1,1
2026-07-09 09:46:12.400,470,MOTION DETECTED,3-Frame Differencing,1,1
2026-07-09 09:46:12.470,471,MOTION DETECTED,3-Frame Differencing,1,1
2026-07-09 09:46:12.508,472,MOTION DETECTED,3-Frame Differencing,1,1
2026-07-09 09:46:12.546,473,MOTION DETECTED,3-Frame Differencing,1,1
2026-07-09 09:46:12.589,474,MOTION DETECTED,3-Frame Differencing,1,1
2026-07-09 09:46:12.625,475,MOTION DETECTED,3-Frame Differencing,1,1
2026-07-09 09:46:12.665,476,MOTION DETECTED,3-Frame Differencing,1,1
2026-07-09 09:46:12.702,477,MOTION DETECTED,3-Frame Differencing,1,1
2026-07-09 09:46:12.740,478,MOTION DETECTED,3-Frame Differencing,1,1
2026-07-09 09:46:12.793,479,MOTION DETECTED,3-Frame Differencing,1,1
2026-07-09 09:46:12.841,480,MOTION DETECTED,3-Frame Differencing,1,1
2026-07-09 09:46:12.888,481,MOTION DETECTED,3-Frame Differencing,1,1
2026-07-09 09:46:12.976,482,MOTION DETECTED,3-Frame Differencing,1,1
2026-07-09 09:46:13.086,483,MOTION DETECTED,3-Frame Differencing,1,1
2026-07-09 09:46:13.128,484,MOTION DETECTED,3-Frame Differencing,1,1
2026-07-09 09:46:13.168,485,MOTION DETECTED,3-Frame Differencing,1,1
2026-07-09 09:46:13.204,486,MOTION DETECTED,3-Frame Differencing,1,1
2026-07-09 09:46:13.239,487,MOTION DETECTED,3-Frame Differencing,1,1
2026-07-09 09:46:13.284,488,MOTION DETECTED,3-Frame Differencing,1,1
2026-07-09 09:46:13.323,489,MOTION DETECTED,3-Frame Differencing,1,1
2026-07-09 09:46:13.365,490,MOTION DETECTED,3-Frame Differencing,1,1
2026-07-09 09:46:13.444,491,MOTION DETECTED,3-Frame Differencing,1,1
2026-07-09 09:46:13.488,492,MOTION DETECTED,3-Frame Differencing,1,1
2026-07-09 09:46:13.528,493,MOTION DETECTED,3-Frame Differencing,1,1
2026-07-09 09:46:13.571,494,MOTION DETECTED,3-Frame Differencing,1,1
2026-07-09 09:46:13.614,495,MOTION DETECTED,3-Frame Differencing,1,1
2026-07-09 09:46:13.653,496,MOTION DETECTED,3-Frame Differencing,1,1
2026-07-09 09:46:13.691,497,MOTION DETECTED,3-Frame Differencing,1,1
2026-07-09 09:46:13.734,498,MOTION DETECTED,3-Frame Differencing,1,1
2026-07-09 09:46:13.787,499,MOTION DETECTED,3-Frame Differencing,1,1
2026-07-09 09:46:13.835,500,MOTION DETECTED,3-Frame Differencing,1,1
2026-07-09 09:46:13.871,501,MOTION DETECTED,3-Frame Differencing,1,1
2026-07-09 09:46:13.914,502,MOTION DETECTED,3-Frame Differencing,1,1
2026-07-09 09:46:13.961,503,MOTION DETECTED,3-Frame Differencing,1,1
2026-07-09 09:46:14.010,504,MOTION DETECTED,3-Frame Differencing,1,1
2026-07-09 09:46:14.051,505,MOTION DETECTED,3-Frame Differencing,1,1
2026-07-09 09:46:14.102,506,MOTION DETECTED,3-Frame Differencing,1,1
2026-07-09 09:46:14.140,507,MOTION DETECTED,3-Frame Differencing,1,1
2026-07-09 09:46:14.183,508,MOTION DETECTED,3-Frame Differencing,1,1
2026-07-09 09:46:14.232,509,MOTION DETECTED,3-Frame Differencing,1,1
2026-07-09 09:46:14.280,510,MOTION DETECTED,3-Frame Differencing,1,1
2026-07-09 09:46:14.318,511,MOTION DETECTED,3-Frame Differencing,1,1
2026-07-09 09:46:14.355,512,MOTION DETECTED,3-Frame Differencing,1,1
2026-07-09 09:46:14.397,513,MOTION DETECTED,3-Frame Differencing,1,1
2026-07-09 09:46:14.431,514,MOTION DETECTED,3-Frame Differencing,1,1
2026-07-09 09:46:14.465,515,MOTION DETECTED,3-Frame Differencing,1,1
2026-07-09 09:46:14.518,516,MOTION DETECTED,3-Frame Differencing,1,1
2026-07-09 09:46:14.551,517,MOTION DETECTED,3-Frame Differencing,1,1
2026-07-09 09:46:14.591,518,MOTION DETECTED,3-Frame Differencing,1,1
2026-07-09 09:46:14.717,519,MOTION DETECTED,3-Frame Differencing,1,1
2026-07-09 09:46:14.764,520,MOTION DETECTED,3-Frame Differencing,1,1
2026-07-09 09:46:14.800,521,MOTION DETECTED,3-Frame Differencing,1,1
2026-07-09 09:46:14.846,522,MOTION DETECTED,3-Frame Differencing,1,1
2026-07-09 09:46:14.896,523,MOTION DETECTED,3-Frame Differencing,1,1
2026-07-09 09:46:14.949,524,MOTION DETECTED,3-Frame Differencing,1,1
2026-07-09 09:46:14.984,525,MOTION DETECTED,3-Frame Differencing,1,1
2026-07-09 09:46:15.022,526,MOTION DETECTED,3-Frame Differencing,1,1
2026-07-09 09:46:15.062,527,MOTION DETECTED,3-Frame Differencing,1,1
2026-07-09 09:46:15.098,528,MOTION DETECTED,3-Frame Differencing,1,1
2026-07-09 09:46:15.139,529,MOTION DETECTED,3-Frame Differencing,1,1
2026-07-09 09:46:15.183,530,MOTION DETECTED,3-Frame Differencing,1,1
2026-07-09 09:46:15.237,531,MOTION DETECTED,3-Frame Differencing,1,1
2026-07-09 09:46:15.275,532,MOTION DETECTED,3-Frame Differencing,1,1
2026-07-09 09:46:15.319,533,MOTION DETECTED,3-Frame Differencing,1,1
2026-07-09 09:46:15.357,534,MOTION DETECTED,3-Frame Differencing,1,1
2026-07-09 09:46:15.399,535,MOTION DETECTED,3-Frame Differencing,1,1
2026-07-09 09:46:15.435,536,MOTION DETECTED,3-Frame Differencing,1,1
2026-07-09 09:46:15.470,537,MOTION DETECTED,3-Frame Differencing,1,1
2026-07-09 09:46:15.508,538,MOTION DETECTED,3-Frame Differencing,1,1
2026-07-09 09:46:15.551,539,MOTION DETECTED,3-Frame Differencing,1,1
2026-07-09 09:46:15.587,540,MOTION DETECTED,3-Frame Differencing,1,1
2026-07-09 09:46:15.624,541,MOTION DETECTED,3-Frame Differencing,1,1
2026-07-09 09:46:15.665,542,MOTION DETECTED,3-Frame Differencing,1,1
2026-07-09 09:46:15.709,543,MOTION DETECTED,3-Frame Differencing,1,1
2026-07-09 09:46:15.749,544,MOTION DETECTED,3-Frame Differencing,1,1
2026-07-09 09:46:15.795,545,MOTION DETECTED,3-Frame Differencing,1,1
2026-07-09 09:46:15.828,546,MOTION DETECTED,3-Frame Differencing,1,1
2026-07-09 09:46:15.874,547,MOTION DETECTED,3-Frame Differencing,1,1
2026-07-09 09:46:15.913,548,MOTION DETECTED,3-Frame Differencing,1,1
2026-07-09 09:46:15.957,549,MOTION DETECTED,3-Frame Differencing,1,1
2026-07-09 09:46:15.998,550,MOTION DETECTED,3-Frame Differencing,1,1
2026-07-09 09:46:16.055,551,MOTION DETECTED,3-Frame Differencing,1,1
2026-07-09 09:46:16.093,552,MOTION DETECTED,3-Frame Differencing,1,1
2026-07-09 09:46:16.141,553,MOTION DETECTED,3-Frame Differencing,1,1
2026-07-09 09:46:16.178,554,MOTION DETECTED,3-Frame Differencing,1,1
2026-07-09 09:46:16.225,555,MOTION DETECTED,3-Frame Differencing,1,1
2026-07-09 09:46:16.261,556,MOTION DETECTED,3-Frame Differencing,1,1
2026-07-09 09:46:16.308,557,MOTION DETECTED,3-Frame Differencing,1,1
2026-07-09 09:46:16.347,558,MOTION DETECTED,3-Frame Differencing,1,1
2026-07-09 09:46:16.382,559,MOTION DETECTED,3-Frame Differencing,1,1
2026-07-09 09:46:16.413,560,MOTION DETECTED,3-Frame Differencing,1,1
2026-07-09 09:46:16.465,561,MOTION DETECTED,3-Frame Differencing,1,1
2026-07-09 09:46:16.508,562,MOTION DETECTED,3-Frame Differencing,1,1
2026-07-09 09:46:16.558,563,MOTION DETECTED,3-Frame Differencing,1,1
2026-07-09 09:46:16.598,564,MOTION DETECTED,3-Frame Differencing,1,1
2026-07-09 09:46:16.636,565,MOTION DETECTED,3-Frame Differencing,1,1
2026-07-09 09:46:16.686,566,MOTION DETECTED,3-Frame Differencing,1,1
2026-07-09 09:46:16.734,567,MOTION DETECTED,3-Frame Differencing,1,1
2026-07-09 09:46:16.771,568,MOTION DETECTED,3-Frame Differencing,1,1
2026-07-09 09:46:16.819,569,MOTION DETECTED,3-Frame Differencing,1,1
2026-07-09 09:46:16.868,570,MOTION DETECTED,3-Frame Differencing,1,1
2026-07-09 09:46:16.923,571,MOTION DETECTED,3-Frame Differencing,1,1
2026-07-09 09:46:16.962,572,MOTION DETECTED,3-Frame Differencing,1,1
2026-07-09 09:46:17.002,573,MOTION DETECTED,3-Frame Differencing,1,1
2026-07-09 09:46:17.032,574,MOTION DETECTED,3-Frame Differencing,1,1
2026-07-09 09:46:17.103,575,MOTION DETECTED,3-Frame Differencing,1,1
2026-07-09 09:46:17.140,576,MOTION DETECTED,3-Frame Differencing,1,1
2026-07-09 09:46:17.178,577,MOTION DETECTED,3-Frame Differencing,1,1
2026-07-09 09:46:17.209,578,MOTION DETECTED,3-Frame Differencing,1,1
2026-07-09 09:46:17.285,579,MOTION DETECTED,3-Frame Differencing,1,1
2026-07-09 09:46:17.339,580,MOTION DETECTED,3-Frame Differencing,1,1
2026-07-09 09:46:17.375,581,MOTION DETECTED,3-Frame Differencing,1,1
2026-07-09 09:46:17.418,582,MOTION DETECTED,3-Frame Differencing,1,1
2026-07-09 09:46:17.444,583,MOTION DETECTED,3-Frame Differencing,1,1
2026-07-09 09:46:17.498,584,MOTION DETECTED,3-Frame Differencing,1,1
2026-07-09 09:46:17.526,585,MOTION DETECTED,3-Frame Differencing,1,1
2026-07-09 09:46:17.571,586,MOTION DETECTED,3-Frame Differencing,1,1
2026-07-09 09:46:17.614,587,MOTION DETECTED,3-Frame Differencing,1,1
2026-07-09 09:46:17.659,588,MOTION DETECTED,3-Frame Differencing,1,1
2026-07-09 09:46:17.708,589,MOTION DETECTED,3-Frame Differencing,1,1
2026-07-09 09:46:17.747,590,MOTION DETECTED,3-Frame Differencing,1,1
2026-07-09 09:46:17.776,591,MOTION DETECTED,3-Frame Differencing,1,1
2026-07-09 09:46:17.825,592,MOTION DETECTED,3-Frame Differencing,1,1
2026-07-09 10:00:57.407,1,NO MOTION,3-Frame Differencing,0,0
2026-07-09 10:00:57.501,2,NO MOTION,3-Frame Differencing,0,0
2026-07-09 10:00:57.536,3,NO MOTION,3-Frame Differencing,0,0
2026-07-09 10:00:57.586,4,MOTION DETECTED,3-Frame Differencing,6,6
2026-07-09 10:00:57.637,5,MOTION DETECTED,3-Frame Differencing,12,12
2026-07-09 10:00:57.694,6,MOTION DETECTED,3-Frame Differencing,11,11
2026-07-09 10:00:57.742,7,MOTION DETECTED,3-Frame Differencing,14,14
2026-07-09 10:00:57.794,8,MOTION DETECTED,3-Frame Differencing,9,9
2026-07-09 10:00:57.850,9,MOTION DETECTED,3-Frame Differencing,8,8
2026-07-09 10:00:57.907,10,MOTION DETECTED,3-Frame Differencing,11,11
2026-07-09 10:00:57.973,11,MOTION DETECTED,3-Frame Differencing,13,13
2026-07-09 10:00:58.029,12,MOTION DETECTED,3-Frame Differencing,13,13
2026-07-09 10:00:58.084,13,MOTION DETECTED,3-Frame Differencing,14,14
2026-07-09 10:00:58.128,14,MOTION DETECTED,3-Frame Differencing,7,7
2026-07-09 10:00:58.176,15,MOTION DETECTED,3-Frame Differencing,8,8
2026-07-09 10:00:58.217,16,MOTION DETECTED,3-Frame Differencing,13,13
2026-07-09 10:00:58.267,17,MOTION DETECTED,3-Frame Differencing,8,8
2026-07-09 10:00:58.315,18,MOTION DETECTED,3-Frame Differencing,10,10
2026-07-09 10:00:58.363,19,MOTION DETECTED,3-Frame Differencing,9,9
2026-07-09 10:00:58.400,20,MOTION DETECTED,3-Frame Differencing,11,11
2026-07-09 10:00:58.447,21,MOTION DETECTED,3-Frame Differencing,10,10
2026-07-09 10:00:58.496,22,MOTION DETECTED,3-Frame Differencing,9,9
2026-07-09 10:00:58.541,23,MOTION DETECTED,3-Frame Differencing,7,7
2026-07-09 10:00:58.583,24,MOTION DETECTED,3-Frame Differencing,10,10
2026-07-09 10:00:58.625,25,MOTION DETECTED,3-Frame Differencing,10,10
2026-07-09 10:00:58.669,26,MOTION DETECTED,3-Frame Differencing,8,8
2026-07-09 10:00:58.707,27,MOTION DETECTED,3-Frame Differencing,7,7
2026-07-09 10:00:58.747,28,MOTION DETECTED,3-Frame Differencing,7,7
2026-07-09 10:00:58.792,29,MOTION DETECTED,3-Frame Differencing,9,9
2026-07-09 10:00:58.833,30,MOTION DETECTED,3-Frame Differencing,6,6
2026-07-09 10:00:58.880,31,MOTION DETECTED,3-Frame Differencing,7,7
2026-07-09 10:00:58.928,32,MOTION DETECTED,3-Frame Differencing,10,10
2026-07-09 10:00:58.975,33,MOTION DETECTED,3-Frame Differencing,9,9
2026-07-09 10:00:59.016,34,MOTION DETECTED,3-Frame Differencing,11,11
2026-07-09 10:00:59.053,35,MOTION DETECTED,3-Frame Differencing,8,8
2026-07-09 10:00:59.104,36,MOTION DETECTED,3-Frame Differencing,13,13
2026-07-09 10:00:59.145,37,MOTION DETECTED,3-Frame Differencing,13,13
2026-07-09 10:00:59.184,38,MOTION DETECTED,3-Frame Differencing,10,10
2026-07-09 10:00:59.223,39,MOTION DETECTED,3-Frame Differencing,10,10
2026-07-09 10:00:59.271,40,MOTION DETECTED,3-Frame Differencing,8,8
2026-07-09 10:00:59.305,41,MOTION DETECTED,3-Frame Differencing,9,9
2026-07-09 10:00:59.344,42,MOTION DETECTED,3-Frame Differencing,10,10
2026-07-09 10:00:59.382,43,MOTION DETECTED,3-Frame Differencing,9,9
2026-07-09 10:00:59.422,44,MOTION DETECTED,3-Frame Differencing,7,7
2026-07-09 10:00:59.448,45,MOTION DETECTED,3-Frame Differencing,9,9
2026-07-09 10:00:59.480,46,MOTION DETECTED,3-Frame Differencing,9,9
2026-07-09 10:00:59.513,47,MOTION DETECTED,3-Frame Differencing,9,9
2026-07-09 10:00:59.564,48,MOTION DETECTED,3-Frame Differencing,6,6
2026-07-09 10:00:59.631,49,MOTION DETECTED,3-Frame Differencing,9,9
2026-07-09 10:00:59.661,50,MOTION DETECTED,3-Frame Differencing,10,10
2026-07-09 10:00:59.713,51,MOTION DETECTED,3-Frame Differencing,8,8
2026-07-09 10:00:59.744,52,MOTION DETECTED,3-Frame Differencing,10,10
2026-07-09 10:00:59.774,53,MOTION DETECTED,3-Frame Differencing,11,11
2026-07-09 10:00:59.808,54,MOTION DETECTED,3-Frame Differencing,12,12
2026-07-09 10:00:59.849,55,MOTION DETECTED,3-Frame Differencing,11,11
2026-07-09 10:00:59.885,56,MOTION DETECTED,3-Frame Differencing,12,12
2026-07-09 10:00:59.924,57,MOTION DETECTED,3-Frame Differencing,12,12
2026-07-09 10:00:59.955,58,MOTION DETECTED,3-Frame Differencing,14,14
2026-07-09 10:00:59.992,59,MOTION DETECTED,3-Frame Differencing,9,9
2026-07-09 10:01:00.029,60,MOTION DETECTED,3-Frame Differencing,10,10
2026-07-09 10:01:00.061,61,MOTION DETECTED,3-Frame Differencing,12,12
2026-07-09 10:01:00.094,62,MOTION DETECTED,3-Frame Differencing,11,11
2026-07-09 10:01:00.127,63,MOTION DETECTED,3-Frame Differencing,9,9
2026-07-09 10:01:00.162,64,MOTION DETECTED,3-Frame Differencing,8,8
2026-07-09 10:01:00.195,65,MOTION DETECTED,3-Frame Differencing,11,11
2026-07-09 10:01:00.225,66,MOTION DETECTED,3-Frame Differencing,12,12
2026-07-09 10:01:00.253,67,MOTION DETECTED,3-Frame Differencing,12,12
2026-07-09 10:01:00.281,68,MOTION DETECTED,3-Frame Differencing,14,14
2026-07-09 10:01:00.308,69,MOTION DETECTED,3-Frame Differencing,14,14
2026-07-09 10:01:00.334,70,MOTION DETECTED,3-Frame Differencing,10,10
2026-07-09 10:01:00.359,71,MOTION DETECTED,3-Frame Differencing,8,8
2026-07-09 10:01:00.383,72,MOTION DETECTED,3-Frame Differencing,10,10
2026-07-09 10:01:00.410,73,MOTION DETECTED,3-Frame Differencing,9,9
2026-07-09 10:01:00.436,74,MOTION DETECTED,3-Frame Differencing,13,13
2026-07-09 10:01:00.464,75,MOTION DETECTED,3-Frame Differencing,10,10
2026-07-09 10:01:00.490,76,MOTION DETECTED,3-Frame Differencing,9,9
2026-07-09 10:01:00.518,77,MOTION DETECTED,3-Frame Differencing,10,10
2026-07-09 10:01:00.556,78,MOTION DETECTED,3-Frame Differencing,10,10
2026-07-09 10:01:00.594,79,MOTION DETECTED,3-Frame Differencing,13,13
2026-07-09 10:01:00.623,80,MOTION DETECTED,3-Frame Differencing,15,15
2026-07-09 10:01:00.652,81,MOTION DETECTED,3-Frame Differencing,16,16
2026-07-09 10:01:00.681,82,MOTION DETECTED,3-Frame Differencing,17,17
2026-07-09 10:01:00.711,83,MOTION DETECTED,3-Frame Differencing,17,17
2026-07-09 10:01:00.743,84,MOTION DETECTED,3-Frame Differencing,14,14
2026-07-09 10:01:00.776,85,MOTION DETECTED,3-Frame Differencing,12,12
2026-07-09 10:01:00.810,86,MOTION DETECTED,3-Frame Differencing,11,11
2026-07-09 10:01:00.842,87,MOTION DETECTED,3-Frame Differencing,12,12
2026-07-09 10:01:00.875,88,MOTION DETECTED,3-Frame Differencing,9,9
2026-07-09 10:01:00.901,89,MOTION DETECTED,3-Frame Differencing,9,9
2026-07-09 10:01:00.928,90,MOTION DETECTED,3-Frame Differencing,10,10
2026-07-09 10:01:00.954,91,MOTION DETECTED,3-Frame Differencing,9,9
2026-07-09 10:01:00.988,92,MOTION DETECTED,3-Frame Differencing,10,10
2026-07-09 10:01:01.019,93,MOTION DETECTED,3-Frame Differencing,14,14
2026-07-09 10:01:01.047,94,MOTION DETECTED,3-Frame Differencing,13,13
2026-07-09 10:01:01.076,95,MOTION DETECTED,3-Frame Differencing,11,11
2026-07-09 10:01:01.101,96,MOTION DETECTED,3-Frame Differencing,11,11
2026-07-09 10:01:01.128,97,MOTION DETECTED,3-Frame Differencing,9,9
2026-07-09 10:01:01.156,98,MOTION DETECTED,3-Frame Differencing,10,10
2026-07-09 10:01:01.183,99,MOTION DETECTED,3-Frame Differencing,8,8
2026-07-09 10:01:01.213,100,MOTION DETECTED,3-Frame Differencing,8,8
2026-07-09 10:01:01.245,101,MOTION DETECTED,3-Frame Differencing,7,7
2026-07-09 10:01:01.271,102,MOTION DETECTED,3-Frame Differencing,9,9
2026-07-09 10:01:01.296,103,MOTION DETECTED,3-Frame Differencing,10,10
2026-07-09 10:01:01.321,104,MOTION DETECTED,3-Frame Differencing,14,14
2026-07-09 10:01:01.342,105,MOTION DETECTED,3-Frame Differencing,14,14
2026-07-09 10:01:01.383,106,MOTION DETECTED,3-Frame Differencing,13,13
2026-07-09 10:01:01.405,107,MOTION DETECTED,3-Frame Differencing,9,9
2026-07-09 10:01:01.431,108,MOTION DETECTED,3-Frame Differencing,8,8
2026-07-09 10:01:01.454,109,MOTION DETECTED,3-Frame Differencing,9,9
2026-07-09 10:01:01.478,110,MOTION DETECTED,3-Frame Differencing,11,11
2026-07-09 10:01:01.504,111,MOTION DETECTED,3-Frame Differencing,10,10
2026-07-09 10:01:01.530,112,MOTION DETECTED,3-Frame Differencing,10,10
2026-07-09 10:01:01.554,113,MOTION DETECTED,3-Frame Differencing,10,10
2026-07-09 10:01:01.580,114,MOTION DETECTED,3-Frame Differencing,9,9
2026-07-09 10:01:01.605,115,MOTION DETECTED,3-Frame Differencing,10,10
2026-07-09 10:01:01.631,116,MOTION DETECTED,3-Frame Differencing,12,12
2026-07-09 10:01:01.652,117,MOTION DETECTED,3-Frame Differencing,14,14
2026-07-09 10:01:01.679,118,MOTION DETECTED,3-Frame Differencing,15,15
2026-07-09 10:01:01.703,119,MOTION DETECTED,3-Frame Differencing,11,11
2026-07-09 10:01:01.729,120,MOTION DETECTED,3-Frame Differencing,12,12
2026-07-09 10:01:01.754,121,MOTION DETECTED,3-Frame Differencing,11,11
2026-07-09 10:01:01.780,122,MOTION DETECTED,3-Frame Differencing,13,13
2026-07-09 10:01:01.804,123,MOTION DETECTED,3-Frame Differencing,11,11
2026-07-09 10:01:01.831,124,MOTION DETECTED,3-Frame Differencing,10,10
2026-07-09 10:01:01.861,125,MOTION DETECTED,3-Frame Differencing,10,10
2026-07-09 10:01:01.917,126,MOTION DETECTED,3-Frame Differencing,11,11
2026-07-09 10:01:01.945,127,MOTION DETECTED,3-Frame Differencing,12,12
2026-07-09 10:01:01.977,128,MOTION DETECTED,3-Frame Differencing,9,9
2026-07-09 10:01:02.011,129,MOTION DETECTED,3-Frame Differencing,8,8
2026-07-09 10:01:02.039,130,MOTION DETECTED,3-Frame Differencing,6,6
2026-07-09 10:01:02.067,131,MOTION DETECTED,3-Frame Differencing,9,9
2026-07-09 10:01:02.096,132,MOTION DETECTED,3-Frame Differencing,11,11
2026-07-09 10:01:02.128,133,MOTION DETECTED,3-Frame Differencing,9,9
2026-07-09 10:01:02.159,134,MOTION DETECTED,3-Frame Differencing,14,14
2026-07-09 10:01:02.195,135,MOTION DETECTED,3-Frame Differencing,14,14
2026-07-09 10:01:02.227,136,MOTION DETECTED,3-Frame Differencing,14,14
2026-07-09 10:01:02.503,137,MOTION DETECTED,3-Frame Differencing,14,14
2026-07-09 10:01:02.542,138,MOTION DETECTED,3-Frame Differencing,14,14
2026-07-09 10:01:02.571,139,MOTION DETECTED,3-Frame Differencing,10,10
2026-07-09 10:01:02.598,140,MOTION DETECTED,3-Frame Differencing,11,11
2026-07-09 10:01:02.627,141,MOTION DETECTED,3-Frame Differencing,7,7
2026-07-09 10:01:02.660,142,MOTION DETECTED,3-Frame Differencing,7,7
2026-07-09 10:01:02.694,143,MOTION DETECTED,3-Frame Differencing,7,7
2026-07-09 10:01:02.727,144,MOTION DETECTED,3-Frame Differencing,12,12
2026-07-09 10:01:02.760,145,MOTION DETECTED,3-Frame Differencing,12,12
2026-07-09 10:01:02.794,146,MOTION DETECTED,3-Frame Differencing,11,11
2026-07-09 10:01:02.822,147,MOTION DETECTED,3-Frame Differencing,12,12
2026-07-09 10:01:02.854,148,MOTION DETECTED,3-Frame Differencing,14,14
2026-07-09 10:01:02.879,149,MOTION DETECTED,3-Frame Differencing,13,13
2026-07-09 10:01:02.911,150,MOTION DETECTED,3-Frame Differencing,12,12
2026-07-09 10:01:02.944,151,MOTION DETECTED,3-Frame Differencing,15,15
2026-07-09 10:01:02.976,152,MOTION DETECTED,3-Frame Differencing,13,13
2026-07-09 10:01:03.009,153,MOTION DETECTED,3-Frame Differencing,19,19
2026-07-09 10:01:03.044,154,MOTION DETECTED,3-Frame Differencing,16,16
2026-07-09 10:01:03.077,155,MOTION DETECTED,3-Frame Differencing,13,13
2026-07-09 10:01:03.109,156,MOTION DETECTED,3-Frame Differencing,16,16
2026-07-09 10:01:03.140,157,MOTION DETECTED,3-Frame Differencing,13,13
2026-07-09 10:01:03.170,158,MOTION DETECTED,3-Frame Differencing,8,8
2026-07-09 10:01:03.204,159,MOTION DETECTED,3-Frame Differencing,10,10
2026-07-09 10:01:03.242,160,MOTION DETECTED,3-Frame Differencing,13,13
2026-07-09 10:01:03.273,161,MOTION DETECTED,3-Frame Differencing,12,12
2026-07-09 10:01:03.305,162,MOTION DETECTED,3-Frame Differencing,12,12
2026-07-09 10:01:03.342,163,MOTION DETECTED,3-Frame Differencing,13,13
2026-07-09 10:01:03.374,164,MOTION DETECTED,3-Frame Differencing,9,9
2026-07-09 10:01:03.404,165,MOTION DETECTED,3-Frame Differencing,10,10
2026-07-09 10:01:03.436,166,MOTION DETECTED,3-Frame Differencing,8,8
2026-07-09 10:01:03.464,167,MOTION DETECTED,3-Frame Differencing,8,8
2026-07-09 10:01:03.494,168,MOTION DETECTED,3-Frame Differencing,12,12
2026-07-09 10:01:03.526,169,MOTION DETECTED,3-Frame Differencing,11,11
2026-07-09 10:01:03.559,170,MOTION DETECTED,3-Frame Differencing,13,13
2026-07-09 10:01:03.589,171,MOTION DETECTED,3-Frame Differencing,14,14
2026-07-09 10:01:03.619,172,MOTION DETECTED,3-Frame Differencing,13,13
2026-07-09 10:01:03.652,173,MOTION DETECTED,3-Frame Differencing,8,8
2026-07-09 10:01:03.714,174,MOTION DETECTED,3-Frame Differencing,10,10
2026-07-09 10:01:03.757,175,MOTION DETECTED,3-Frame Differencing,10,10
2026-07-09 10:01:03.794,176,MOTION DETECTED,3-Frame Differencing,11,11
2026-07-09 10:01:03.827,177,MOTION DETECTED,3-Frame Differencing,12,12
2026-07-09 10:01:03.857,178,MOTION DETECTED,3-Frame Differencing,11,11
2026-07-09 10:01:03.889,179,MOTION DETECTED,3-Frame Differencing,9,9
2026-07-09 10:01:03.912,180,MOTION DETECTED,3-Frame Differencing,9,9
2026-07-09 10:01:03.942,181,MOTION DETECTED,3-Frame Differencing,8,8
2026-07-09 10:01:03.977,182,MOTION DETECTED,3-Frame Differencing,6,6
2026-07-09 10:01:04.009,183,MOTION DETECTED,3-Frame Differencing,10,10
2026-07-09 10:01:04.039,184,MOTION DETECTED,3-Frame Differencing,11,11
2026-07-09 10:01:04.064,185,MOTION DETECTED,3-Frame Differencing,13,13
2026-07-09 10:01:04.094,186,MOTION DETECTED,3-Frame Differencing,15,15
2026-07-09 10:01:04.124,187,MOTION DETECTED,3-Frame Differencing,14,14
2026-07-09 10:01:04.157,188,MOTION DETECTED,3-Frame Differencing,12,12
2026-07-09 10:01:04.196,189,MOTION DETECTED,3-Frame Differencing,11,11
2026-07-09 10:01:04.228,190,MOTION DETECTED,3-Frame Differencing,10,10
2026-07-09 10:01:04.255,191,MOTION DETECTED,3-Frame Differencing,9,9
2026-07-09 10:01:04.278,192,MOTION DETECTED,3-Frame Differencing,9,9
2026-07-09 10:01:04.309,193,MOTION DETECTED,3-Frame Differencing,11,11
2026-07-09 10:01:04.341,194,MOTION DETECTED,3-Frame Differencing,9,9
2026-07-09 10:01:04.372,195,MOTION DETECTED,3-Frame Differencing,9,9
2026-07-09 10:01:04.405,196,MOTION DETECTED,3-Frame Differencing,8,8
2026-07-09 10:01:04.444,197,MOTION DETECTED,3-Frame Differencing,12,12
2026-07-09 10:01:04.476,198,MOTION DETECTED,3-Frame Differencing,15,15
2026-07-09 10:01:04.509,199,MOTION DETECTED,3-Frame Differencing,15,15
2026-07-09 10:01:04.541,200,MOTION DETECTED,3-Frame Differencing,10,10
2026-07-09 10:01:04.564,201,MOTION DETECTED,3-Frame Differencing,10,10
2026-07-09 10:01:04.610,202,MOTION DETECTED,3-Frame Differencing,7,7
2026-07-09 10:01:04.646,203,MOTION DETECTED,3-Frame Differencing,9,9
2026-07-09 10:01:04.696,204,MOTION DETECTED,3-Frame Differencing,8,8
2026-07-09 10:01:04.745,205,MOTION DETECTED,3-Frame Differencing,9,9
2026-07-09 10:01:04.777,206,MOTION DETECTED,3-Frame Differencing,12,12
2026-07-09 10:01:04.815,207,MOTION DETECTED,3-Frame Differencing,11,11
2026-07-09 10:01:04.853,208,MOTION DETECTED,3-Frame Differencing,9,9
2026-07-09 10:01:04.877,209,MOTION DETECTED,3-Frame Differencing,8,8
2026-07-09 10:01:04.919,210,MOTION DETECTED,3-Frame Differencing,9,9
2026-07-09 10:01:04.965,211,MOTION DETECTED,3-Frame Differencing,8,8
2026-07-09 10:01:05.006,212,MOTION DETECTED,3-Frame Differencing,7,7
2026-07-09 10:01:05.046,213,MOTION DETECTED,3-Frame Differencing,7,7
2026-07-09 10:01:05.079,214,MOTION DETECTED,3-Frame Differencing,6,6
2026-07-09 10:01:05.111,215,MOTION DETECTED,3-Frame Differencing,7,7
2026-07-09 10:01:05.142,216,MOTION DETECTED,3-Frame Differencing,6,6
2026-07-09 10:01:05.179,217,MOTION DETECTED,3-Frame Differencing,5,5
2026-07-09 10:01:05.222,218,MOTION DETECTED,3-Frame Differencing,7,7
2026-07-09 10:01:05.257,219,MOTION DETECTED,3-Frame Differencing,7,7
2026-07-09 10:01:05.293,220,MOTION DETECTED,3-Frame Differencing,7,7
2026-07-09 10:01:05.335,221,MOTION DETECTED,3-Frame Differencing,8,8
2026-07-09 10:01:05.378,222,MOTION DETECTED,3-Frame Differencing,10,10
2026-07-09 10:01:05.420,223,MOTION DETECTED,3-Frame Differencing,8,8
2026-07-09 10:01:05.467,224,MOTION DETECTED,3-Frame Differencing,7,7
2026-07-09 10:01:05.503,225,MOTION DETECTED,3-Frame Differencing,7,7
2026-07-09 10:01:05.545,226,MOTION DETECTED,3-Frame Differencing,5,5
2026-07-09 10:01:05.592,227,MOTION DETECTED,3-Frame Differencing,5,5
2026-07-09 10:01:05.628,228,MOTION DETECTED,3-Frame Differencing,3,3
2026-07-09 10:01:05.669,229,MOTION DETECTED,3-Frame Differencing,5,5
2026-07-09 10:01:05.712,230,MOTION DETECTED,3-Frame Differencing,6,6
2026-07-09 10:01:05.751,231,MOTION DETECTED,3-Frame Differencing,8,8
2026-07-09 10:01:05.793,232,MOTION DETECTED,3-Frame Differencing,5,5
2026-07-09 10:01:05.828,233,MOTION DETECTED,3-Frame Differencing,7,7
2026-07-09 10:01:05.866,234,MOTION DETECTED,3-Frame Differencing,7,7
2026-07-09 10:01:05.910,235,MOTION DETECTED,3-Frame Differencing,5,5
2026-07-09 10:01:05.948,236,MOTION DETECTED,3-Frame Differencing,11,11
2026-07-09 10:01:05.982,237,MOTION DETECTED,3-Frame Differencing,9,9
2026-07-09 10:01:06.032,238,MOTION DETECTED,3-Frame Differencing,8,8
2026-07-09 10:01:06.066,239,MOTION DETECTED,3-Frame Differencing,8,8
2026-07-09 10:01:06.110,240,MOTION DETECTED,3-Frame Differencing,9,9
2026-07-09 10:01:06.159,241,MOTION DETECTED,3-Frame Differencing,8,8
2026-07-09 10:01:06.194,242,MOTION DETECTED,3-Frame Differencing,6,6
2026-07-09 10:01:06.232,243,MOTION DETECTED,3-Frame Differencing,5,5
2026-07-09 10:01:06.275,244,MOTION DETECTED,3-Frame Differencing,5,5
2026-07-09 10:01:06.309,245,MOTION DETECTED,3-Frame Differencing,5,5
2026-07-09 10:01:06.345,246,MOTION DETECTED,3-Frame Differencing,6,6
2026-07-09 10:01:06.379,247,MOTION DETECTED,3-Frame Differencing,4,4
2026-07-09 10:01:06.443,248,MOTION DETECTED,3-Frame Differencing,6,6
2026-07-09 10:01:06.476,249,MOTION DETECTED,3-Frame Differencing,5,5
2026-07-09 10:01:06.511,250,MOTION DETECTED,3-Frame Differencing,7,7
2026-07-09 10:01:06.553,251,MOTION DETECTED,3-Frame Differencing,6,6
2026-07-09 10:01:06.584,252,MOTION DETECTED,3-Frame Differencing,6,6
2026-07-09 10:01:06.619,253,MOTION DETECTED,3-Frame Differencing,8,8
2026-07-09 10:01:06.664,254,MOTION DETECTED,3-Frame Differencing,7,7
2026-07-09 10:01:06.708,255,MOTION DETECTED,3-Frame Differencing,6,6
2026-07-09 10:01:06.750,256,MOTION DETECTED,3-Frame Differencing,6,6
2026-07-09 10:01:06.802,257,MOTION DETECTED,3-Frame Differencing,6,6
2026-07-09 10:01:06.846,258,MOTION DETECTED,3-Frame Differencing,5,5
2026-07-09 10:01:06.879,259,MOTION DETECTED,3-Frame Differencing,5,5
2026-07-09 10:01:06.919,260,MOTION DETECTED,3-Frame Differencing,8,8
2026-07-09 10:01:06.949,261,MOTION DETECTED,3-Frame Differencing,8,8
2026-07-09 10:01:06.979,262,MOTION DETECTED,3-Frame Differencing,9,9
2026-07-09 10:01:07.016,263,MOTION DETECTED,3-Frame Differencing,10,10
2026-07-09 10:01:07.055,264,MOTION DETECTED,3-Frame Differencing,8,8
2026-07-09 10:01:07.099,265,MOTION DETECTED,3-Frame Differencing,11,11
2026-07-09 10:01:07.139,266,MOTION DETECTED,3-Frame Differencing,11,11
2026-07-09 10:01:07.186,267,MOTION DETECTED,3-Frame Differencing,12,12
2026-07-09 10:01:07.224,268,MOTION DETECTED,3-Frame Differencing,11,11
2026-07-09 10:01:07.258,269,MOTION DETECTED,3-Frame Differencing,7,7
2026-07-09 10:01:07.288,270,MOTION DETECTED,3-Frame Differencing,6,6
2026-07-09 10:01:07.317,271,MOTION DETECTED,3-Frame Differencing,6,6
2026-07-09 10:01:07.358,272,MOTION DETECTED,3-Frame Differencing,6,6
2026-07-09 10:01:07.388,273,MOTION DETECTED,3-Frame Differencing,7,7
2026-07-09 10:01:07.428,274,MOTION DETECTED,3-Frame Differencing,8,8
2026-07-09 10:01:07.464,275,MOTION DETECTED,3-Frame Differencing,10,10
2026-07-09 10:01:07.541,276,MOTION DETECTED,3-Frame Differencing,8,8
2026-07-09 10:01:07.591,277,MOTION DETECTED,3-Frame Differencing,9,9
2026-07-09 10:01:07.634,278,MOTION DETECTED,3-Frame Differencing,9,9
2026-07-09 10:01:07.678,279,MOTION DETECTED,3-Frame Differencing,9,9
2026-07-09 10:01:07.712,280,MOTION DETECTED,3-Frame Differencing,10,10
2026-07-09 10:01:07.750,281,MOTION DETECTED,3-Frame Differencing,7,7
2026-07-09 10:01:07.800,282,MOTION DETECTED,3-Frame Differencing,7,7
2026-07-09 10:01:07.838,283,MOTION DETECTED,3-Frame Differencing,9,9
2026-07-09 10:01:07.877,284,MOTION DETECTED,3-Frame Differencing,6,6
2026-07-09 10:01:07.906,285,MOTION DETECTED,3-Frame Differencing,6,6
2026-07-09 10:01:07.945,286,MOTION DETECTED,3-Frame Differencing,6,6
2026-07-09 10:01:07.994,287,MOTION DETECTED,3-Frame Differencing,6,6
2026-07-09 10:01:08.026,288,MOTION DETECTED,3-Frame Differencing,7,7
2026-07-09 10:01:08.066,289,MOTION DETECTED,3-Frame Differencing,5,5
2026-07-09 10:01:08.096,290,MOTION DETECTED,3-Frame Differencing,7,7
2026-07-09 10:01:08.146,291,MOTION DETECTED,3-Frame Differencing,8,8
2026-07-09 10:01:08.189,292,MOTION DETECTED,3-Frame Differencing,8,8
2026-07-09 10:01:08.221,293,MOTION DETECTED,3-Frame Differencing,6,6
2026-07-09 10:01:08.249,294,MOTION DETECTED,3-Frame Differencing,8,8
2026-07-09 10:01:08.302,295,MOTION DETECTED,3-Frame Differencing,6,6
2026-07-09 10:01:08.341,296,MOTION DETECTED,3-Frame Differencing,8,8
2026-07-09 10:01:08.379,297,MOTION DETECTED,3-Frame Differencing,7,7
2026-07-09 10:01:08.418,298,MOTION DETECTED,3-Frame Differencing,7,7
2026-07-09 10:01:08.460,299,MOTION DETECTED,3-Frame Differencing,9,9
2026-07-09 10:01:08.493,300,MOTION DETECTED,3-Frame Differencing,9,9
2026-07-09 10:01:08.527,301,MOTION DETECTED,3-Frame Differencing,7,7
2026-07-09 10:01:08.562,302,MOTION DETECTED,3-Frame Differencing,10,10
2026-07-09 10:01:08.602,303,MOTION DETECTED,3-Frame Differencing,13,13
2026-07-09 10:01:08.643,304,MOTION DETECTED,3-Frame Differencing,10,10
2026-07-09 10:01:08.678,305,MOTION DETECTED,3-Frame Differencing,9,9
2026-07-09 10:01:08.716,306,MOTION DETECTED,3-Frame Differencing,8,8
2026-07-09 10:01:08.752,307,MOTION DETECTED,3-Frame Differencing,8,8
2026-07-09 10:01:08.798,308,MOTION DETECTED,3-Frame Differencing,7,7
2026-07-09 10:01:08.832,309,MOTION DETECTED,3-Frame Differencing,9,9
2026-07-09 10:01:08.867,310,MOTION DETECTED,3-Frame Differencing,5,5
2026-07-09 10:01:08.906,311,MOTION DETECTED,3-Frame Differencing,7,7
2026-07-09 10:01:08.945,312,MOTION DETECTED,3-Frame Differencing,10,10
2026-07-09 10:01:08.980,313,MOTION DETECTED,3-Frame Differencing,8,8
2026-07-09 10:01:09.021,314,MOTION DETECTED,3-Frame Differencing,11,11
2026-07-09 10:01:09.042,315,MOTION DETECTED,3-Frame Differencing,10,10
2026-07-09 10:01:09.075,316,MOTION DETECTED,3-Frame Differencing,8,8
2026-07-09 10:01:09.099,317,MOTION DETECTED,3-Frame Differencing,12,12
2026-07-09 10:01:09.121,318,MOTION DETECTED,3-Frame Differencing,14,14
2026-07-09 10:01:09.156,319,MOTION DETECTED,3-Frame Differencing,11,11
2026-07-09 10:01:09.176,320,MOTION DETECTED,3-Frame Differencing,9,9
2026-07-09 10:01:09.212,321,MOTION DETECTED,3-Frame Differencing,9,9
2026-07-09 10:01:09.244,322,MOTION DETECTED,3-Frame Differencing,8,8
2026-07-09 10:01:09.282,323,MOTION DETECTED,3-Frame Differencing,8,8
2026-07-09 10:01:09.312,324,MOTION DETECTED,3-Frame Differencing,8,8
2026-07-09 10:01:09.349,325,MOTION DETECTED,3-Frame Differencing,11,11
2026-07-09 10:01:09.397,326,MOTION DETECTED,3-Frame Differencing,9,9
2026-07-09 10:01:09.441,327,MOTION DETECTED,3-Frame Differencing,8,8
2026-07-09 10:01:09.471,328,MOTION DETECTED,3-Frame Differencing,9,9
2026-07-09 10:01:09.512,329,MOTION DETECTED,3-Frame Differencing,9,9
2026-07-09 10:01:09.546,330,MOTION DETECTED,3-Frame Differencing,8,8
2026-07-09 10:01:09.595,331,MOTION DETECTED,3-Frame Differencing,8,8
2026-07-09 10:01:09.629,332,MOTION DETECTED,3-Frame Differencing,8,8
2026-07-09 10:01:09.665,333,MOTION DETECTED,3-Frame Differencing,10,10
2026-07-09 10:01:09.696,334,MOTION DETECTED,3-Frame Differencing,9,9
2026-07-09 10:01:09.728,335,MOTION DETECTED,3-Frame Differencing,10,10
2026-07-09 10:01:09.764,336,MOTION DETECTED,3-Frame Differencing,12,12
2026-07-09 10:01:09.800,337,MOTION DETECTED,3-Frame Differencing,10,10
2026-07-09 10:01:09.835,338,MOTION DETECTED,3-Frame Differencing,11,11
2026-07-09 10:01:09.863,339,MOTION DETECTED,3-Frame Differencing,10,10
2026-07-09 10:01:09.898,340,MOTION DETECTED,3-Frame Differencing,10,10
2026-07-09 10:01:09.925,341,MOTION DETECTED,3-Frame Differencing,9,9
2026-07-09 10:01:09.954,342,MOTION DETECTED,3-Frame Differencing,9,9
2026-07-09 10:01:09.975,343,MOTION DETECTED,3-Frame Differencing,6,6
2026-07-09 10:01:10.012,344,MOTION DETECTED,3-Frame Differencing,4,4
2026-07-09 10:01:10.041,345,MOTION DETECTED,3-Frame Differencing,5,5
2026-07-09 10:01:10.080,346,MOTION DETECTED,3-Frame Differencing,6,6
2026-07-09 10:01:10.117,347,MOTION DETECTED,3-Frame Differencing,7,7
2026-07-09 10:01:10.141,348,MOTION DETECTED,3-Frame Differencing,6,6
2026-07-09 10:01:10.185,349,MOTION DETECTED,3-Frame Differencing,6,6
2026-07-09 10:01:10.215,350,MOTION DETECTED,3-Frame Differencing,8,8
2026-07-09 10:01:10.242,351,MOTION DETECTED,3-Frame Differencing,8,8
2026-07-09 10:01:10.272,352,MOTION DETECTED,3-Frame Differencing,8,8
2026-07-09 10:01:10.300,353,MOTION DETECTED,3-Frame Differencing,7,7
2026-07-09 10:01:10.326,354,MOTION DETECTED,3-Frame Differencing,6,6
2026-07-09 10:01:10.361,355,MOTION DETECTED,3-Frame Differencing,5,5
2026-07-09 10:01:10.398,356,MOTION DETECTED,3-Frame Differencing,6,6
2026-07-09 10:01:10.433,357,MOTION DETECTED,3-Frame Differencing,6,6
2026-07-09 10:01:10.484,358,MOTION DETECTED,3-Frame Differencing,7,7
2026-07-09 10:01:10.526,359,MOTION DETECTED,3-Frame Differencing,7,7
2026-07-09 10:01:10.554,360,MOTION DETECTED,3-Frame Differencing,6,6
2026-07-09 10:01:10.576,361,MOTION DETECTED,3-Frame Differencing,7,7
2026-07-09 10:01:10.616,362,MOTION DETECTED,3-Frame Differencing,10,10
2026-07-09 10:01:10.660,363,MOTION DETECTED,3-Frame Differencing,9,9
2026-07-09 10:01:10.695,364,MOTION DETECTED,3-Frame Differencing,9,9
2026-07-09 10:01:10.732,365,MOTION DETECTED,3-Frame Differencing,8,8
2026-07-09 10:01:10.776,366,MOTION DETECTED,3-Frame Differencing,10,10
2026-07-09 10:01:10.816,367,MOTION DETECTED,3-Frame Differencing,11,11
2026-07-09 10:01:10.862,368,MOTION DETECTED,3-Frame Differencing,9,9
2026-07-09 10:01:10.893,369,MOTION DETECTED,3-Frame Differencing,8,8
2026-07-09 10:01:10.928,370,MOTION DETECTED,3-Frame Differencing,8,8
2026-07-09 10:01:10.976,371,MOTION DETECTED,3-Frame Differencing,9,9
2026-07-09 10:01:11.012,372,MOTION DETECTED,3-Frame Differencing,10,10
2026-07-09 10:01:11.048,373,MOTION DETECTED,3-Frame Differencing,9,9
2026-07-09 10:01:11.093,374,MOTION DETECTED,3-Frame Differencing,8,8
2026-07-09 10:01:11.128,375,MOTION DETECTED,3-Frame Differencing,9,9
2026-07-09 10:01:11.163,376,MOTION DETECTED,3-Frame Differencing,8,8
2026-07-09 10:01:11.213,377,MOTION DETECTED,3-Frame Differencing,10,10
2026-07-09 10:01:11.243,378,MOTION DETECTED,3-Frame Differencing,10,10
2026-07-09 10:01:11.285,379,MOTION DETECTED,3-Frame Differencing,10,10
2026-07-09 10:01:11.317,380,MOTION DETECTED,3-Frame Differencing,9,9
2026-07-09 10:01:11.349,381,MOTION DETECTED,3-Frame Differencing,7,7
2026-07-09 10:01:11.395,382,MOTION DETECTED,3-Frame Differencing,8,8
2026-07-09 10:01:11.429,383,MOTION DETECTED,3-Frame Differencing,10,10
2026-07-09 10:01:11.466,384,MOTION DETECTED,3-Frame Differencing,9,9
2026-07-09 10:01:11.518,385,MOTION DETECTED,3-Frame Differencing,10,10
2026-07-09 10:01:11.557,386,MOTION DETECTED,3-Frame Differencing,12,12
2026-07-09 10:01:11.593,387,MOTION DETECTED,3-Frame Differencing,12,12
2026-07-09 10:01:11.632,388,MOTION DETECTED,3-Frame Differencing,12,12
2026-07-09 10:01:11.665,389,MOTION DETECTED,3-Frame Differencing,10,10
2026-07-09 10:01:11.712,390,MOTION DETECTED,3-Frame Differencing,11,11
2026-07-09 10:01:11.747,391,MOTION DETECTED,3-Frame Differencing,10,10
2026-07-09 10:01:11.779,392,MOTION DETECTED,3-Frame Differencing,9,9
2026-07-09 10:01:11.828,393,MOTION DETECTED,3-Frame Differencing,8,8
2026-07-09 10:01:11.892,394,MOTION DETECTED,3-Frame Differencing,7,7
2026-07-09 10:01:11.926,395,MOTION DETECTED,3-Frame Differencing,6,6
2026-07-09 10:01:11.959,396,MOTION DETECTED,3-Frame Differencing,7,7
2026-07-09 10:01:11.997,397,MOTION DETECTED,3-Frame Differencing,8,8
2026-07-09 10:01:12.024,398,MOTION DETECTED,3-Frame Differencing,8,8
2026-07-09 10:01:12.049,399,MOTION DETECTED,3-Frame Differencing,9,9
2026-07-09 10:01:12.086,400,MOTION DETECTED,3-Frame Differencing,9,9
2026-07-09 10:01:12.109,401,MOTION DETECTED,3-Frame Differencing,9,9
2026-07-09 10:01:12.152,402,MOTION DETECTED,3-Frame Differencing,7,7
2026-07-09 10:01:12.195,403,MOTION DETECTED,3-Frame Differencing,8,8
2026-07-09 10:01:12.229,404,MOTION DETECTED,3-Frame Differencing,5,5
2026-07-09 10:01:12.276,405,MOTION DETECTED,3-Frame Differencing,5,5
2026-07-09 10:01:12.313,406,MOTION DETECTED,3-Frame Differencing,4,4
2026-07-09 10:01:12.350,407,MOTION DETECTED,3-Frame Differencing,9,9
2026-07-09 10:01:12.377,408,MOTION DETECTED,3-Frame Differencing,8,8
2026-07-09 10:01:12.418,409,MOTION DETECTED,3-Frame Differencing,9,9
2026-07-09 10:01:12.471,410,MOTION DETECTED,3-Frame Differencing,7,7
2026-07-09 10:01:12.523,411,MOTION DETECTED,3-Frame Differencing,6,6
2026-07-09 10:01:12.557,412,MOTION DETECTED,3-Frame Differencing,7,7
2026-07-09 10:01:12.579,413,MOTION DETECTED,3-Frame Differencing,7,7
2026-07-09 10:01:12.635,414,MOTION DETECTED,3-Frame Differencing,8,8
2026-07-09 10:01:12.676,415,MOTION DETECTED,3-Frame Differencing,8,8
2026-07-09 10:01:12.719,416,MOTION DETECTED,3-Frame Differencing,7,7
2026-07-09 10:01:12.771,417,MOTION DETECTED,3-Frame Differencing,7,7
2026-07-09 10:01:12.810,418,MOTION DETECTED,3-Frame Differencing,6,6
2026-07-09 10:01:12.836,419,MOTION DETECTED,3-Frame Differencing,6,6
2026-07-09 10:01:12.883,420,MOTION DETECTED,3-Frame Differencing,5,5
2026-07-09 10:01:12.932,421,MOTION DETECTED,3-Frame Differencing,5,5
2026-07-09 10:01:12.982,422,MOTION DETECTED,3-Frame Differencing,8,8
2026-07-09 10:01:13.027,423,MOTION DETECTED,3-Frame Differencing,8,8
2026-07-09 10:01:13.071,424,MOTION DETECTED,3-Frame Differencing,7,7
2026-07-09 10:01:13.117,425,MOTION DETECTED,3-Frame Differencing,7,7
2026-07-09 10:01:13.143,426,MOTION DETECTED,3-Frame Differencing,7,7
2026-07-09 10:01:13.171,427,MOTION DETECTED,3-Frame Differencing,8,8
2026-07-09 10:01:13.192,428,MOTION DETECTED,3-Frame Differencing,7,7
2026-07-09 10:01:13.237,429,MOTION DETECTED,3-Frame Differencing,8,8
2026-07-09 10:01:13.262,430,MOTION DETECTED,3-Frame Differencing,6,6
2026-07-09 10:01:13.294,431,MOTION DETECTED,3-Frame Differencing,7,7
2026-07-09 10:01:13.327,432,MOTION DETECTED,3-Frame Differencing,8,8
2026-07-09 10:01:13.355,433,MOTION DETECTED,3-Frame Differencing,7,7
2026-07-09 10:01:13.388,434,MOTION DETECTED,3-Frame Differencing,6,6
2026-07-09 10:01:13.411,435,MOTION DETECTED,3-Frame Differencing,8,8
2026-07-09 10:01:13.449,436,MOTION DETECTED,3-Frame Differencing,9,9
2026-07-09 10:01:13.498,437,MOTION DETECTED,3-Frame Differencing,9,9
2026-07-09 10:01:13.528,438,MOTION DETECTED,3-Frame Differencing,6,6
2026-07-09 10:01:13.556,439,MOTION DETECTED,3-Frame Differencing,6,6
2026-07-09 10:01:13.580,440,MOTION DETECTED,3-Frame Differencing,7,7
2026-07-09 10:01:13.611,441,MOTION DETECTED,3-Frame Differencing,7,7
2026-07-09 10:01:13.644,442,MOTION DETECTED,3-Frame Differencing,7,7
2026-07-09 10:01:13.679,443,MOTION DETECTED,3-Frame Differencing,10,10
2026-07-09 10:01:13.712,444,MOTION DETECTED,3-Frame Differencing,11,11
2026-07-09 10:01:13.764,445,MOTION DETECTED,3-Frame Differencing,10,10
2026-07-09 10:01:13.794,446,MOTION DETECTED,3-Frame Differencing,10,10
2026-07-09 10:01:13.821,447,MOTION DETECTED,3-Frame Differencing,12,12
2026-07-09 10:01:13.862,448,MOTION DETECTED,3-Frame Differencing,13,13
2026-07-09 10:01:13.901,449,MOTION DETECTED,3-Frame Differencing,12,12
2026-07-09 10:01:13.948,450,MOTION DETECTED,3-Frame Differencing,11,11
2026-07-09 10:01:13.979,451,MOTION DETECTED,3-Frame Differencing,10,10
2026-07-09 10:01:14.013,452,MOTION DETECTED,3-Frame Differencing,10,10
2026-07-09 10:01:14.054,453,MOTION DETECTED,3-Frame Differencing,9,9
2026-07-09 10:01:14.091,454,MOTION DETECTED,3-Frame Differencing,8,8
2026-07-09 10:01:14.129,455,MOTION DETECTED,3-Frame Differencing,10,10
2026-07-09 10:01:14.162,456,MOTION DETECTED,3-Frame Differencing,10,10
2026-07-09 10:01:14.209,457,MOTION DETECTED,3-Frame Differencing,9,9
2026-07-09 10:01:14.250,458,MOTION DETECTED,3-Frame Differencing,8,8
2026-07-09 10:01:14.281,459,MOTION DETECTED,3-Frame Differencing,9,9
2026-07-09 10:01:14.328,460,MOTION DETECTED,3-Frame Differencing,8,8
2026-07-09 10:01:14.362,461,MOTION DETECTED,3-Frame Differencing,7,7
2026-07-09 10:01:14.399,462,MOTION DETECTED,3-Frame Differencing,9,9
2026-07-09 10:01:14.443,463,MOTION DETECTED,3-Frame Differencing,10,10
2026-07-09 10:01:14.479,464,MOTION DETECTED,3-Frame Differencing,11,11
2026-07-09 10:01:14.512,465,MOTION DETECTED,3-Frame Differencing,12,12
2026-07-09 10:01:14.572,466,MOTION DETECTED,3-Frame Differencing,10,10
2026-07-09 10:01:14.626,467,MOTION DETECTED,3-Frame Differencing,9,9
2026-07-09 10:01:14.658,468,MOTION DETECTED,3-Frame Differencing,8,8
2026-07-09 10:01:14.698,469,MOTION DETECTED,3-Frame Differencing,10,10
2026-07-09 10:01:14.745,470,MOTION DETECTED,3-Frame Differencing,8,8
2026-07-09 10:01:14.785,471,MOTION DETECTED,3-Frame Differencing,8,8
2026-07-09 10:01:14.816,472,MOTION DETECTED,3-Frame Differencing,8,8
2026-07-09 10:01:14.862,473,MOTION DETECTED,3-Frame Differencing,8,8
2026-07-09 10:01:14.895,474,MOTION DETECTED,3-Frame Differencing,8,8
2026-07-09 10:01:14.934,475,MOTION DETECTED,3-Frame Differencing,9,9
2026-07-09 10:01:14.980,476,MOTION DETECTED,3-Frame Differencing,10,10
2026-07-09 10:01:15.023,477,MOTION DETECTED,3-Frame Differencing,11,11
2026-07-09 10:01:15.067,478,MOTION DETECTED,3-Frame Differencing,11,11
2026-07-09 10:01:15.117,479,MOTION DETECTED,3-Frame Differencing,10,10
2026-07-09 10:01:15.144,480,MOTION DETECTED,3-Frame Differencing,12,12
2026-07-09 10:01:15.184,481,MOTION DETECTED,3-Frame Differencing,14,14
2026-07-09 10:01:15.228,482,MOTION DETECTED,3-Frame Differencing,12,12
2026-07-09 10:01:15.265,483,MOTION DETECTED,3-Frame Differencing,15,15
2026-07-09 10:01:15.298,484,MOTION DETECTED,3-Frame Differencing,14,14
2026-07-09 10:01:15.348,485,MOTION DETECTED,3-Frame Differencing,12,12
2026-07-09 10:01:15.376,486,MOTION DETECTED,3-Frame Differencing,10,10
2026-07-09 10:01:15.429,487,MOTION DETECTED,3-Frame Differencing,10,10
2026-07-09 10:01:15.467,488,MOTION DETECTED,3-Frame Differencing,9,9
2026-07-09 10:01:15.510,489,MOTION DETECTED,3-Frame Differencing,9,9
2026-07-09 10:01:15.551,490,MOTION DETECTED,3-Frame Differencing,8,8
2026-07-09 10:01:15.580,491,MOTION DETECTED,3-Frame Differencing,9,9
2026-07-09 10:01:15.631,492,MOTION DETECTED,3-Frame Differencing,8,8
2026-07-09 10:01:15.684,493,MOTION DETECTED,3-Frame Differencing,8,8
2026-07-09 10:01:15.731,494,MOTION DETECTED,3-Frame Differencing,8,8
2026-07-09 10:01:15.765,495,MOTION DETECTED,3-Frame Differencing,7,7
2026-07-09 10:01:15.821,496,MOTION DETECTED,3-Frame Differencing,8,8
2026-07-09 10:01:15.862,497,MOTION DETECTED,3-Frame Differencing,9,9
2026-07-09 10:01:15.898,498,MOTION DETECTED,3-Frame Differencing,9,9
2026-07-09 10:01:15.930,499,MOTION DETECTED,3-Frame Differencing,8,8
2026-07-09 10:01:15.967,500,MOTION DETECTED,3-Frame Differencing,5,5
2026-07-09 10:01:16.018,501,MOTION DETECTED,3-Frame Differencing,5,5
2026-07-09 10:01:16.060,502,MOTION DETECTED,3-Frame Differencing,6,6
2026-07-09 10:01:16.113,503,MOTION DETECTED,3-Frame Differencing,5,5
2026-07-09 10:01:16.148,504,MOTION DETECTED,3-Frame Differencing,5,5
2026-07-09 10:01:16.177,505,MOTION DETECTED,3-Frame Differencing,5,5
2026-07-09 10:01:16.205,506,MOTION DETECTED,3-Frame Differencing,8,8
2026-07-09 10:01:16.245,507,MOTION DETECTED,3-Frame Differencing,9,9
2026-07-09 10:01:16.277,508,MOTION DETECTED,3-Frame Differencing,6,6
2026-07-09 10:01:16.295,509,MOTION DETECTED,3-Frame Differencing,7,7
2026-07-09 10:01:16.342,510,MOTION DETECTED,3-Frame Differencing,10,10
2026-07-09 10:01:16.370,511,MOTION DETECTED,3-Frame Differencing,7,7
2026-07-09 10:01:16.411,512,MOTION DETECTED,3-Frame Differencing,9,9
2026-07-09 10:01:16.445,513,MOTION DETECTED,3-Frame Differencing,7,7
2026-07-09 10:01:16.494,514,MOTION DETECTED,3-Frame Differencing,6,6
2026-07-09 10:01:16.538,515,MOTION DETECTED,3-Frame Differencing,6,6
2026-07-09 10:01:16.579,516,MOTION DETECTED,3-Frame Differencing,5,5
2026-07-09 10:01:16.626,517,MOTION DETECTED,3-Frame Differencing,6,6
2026-07-09 10:01:16.667,518,MOTION DETECTED,3-Frame Differencing,8,8
2026-07-09 10:01:16.702,519,MOTION DETECTED,3-Frame Differencing,10,10
2026-07-09 10:01:16.744,520,MOTION DETECTED,3-Frame Differencing,9,9
2026-07-09 10:01:16.781,521,MOTION DETECTED,3-Frame Differencing,10,10
2026-07-09 10:01:16.827,522,MOTION DETECTED,3-Frame Differencing,12,12
2026-07-09 10:01:16.879,523,MOTION DETECTED,3-Frame Differencing,10,10
2026-07-09 10:01:16.926,524,MOTION DETECTED,3-Frame Differencing,8,8
2026-07-09 10:01:16.962,525,MOTION DETECTED,3-Frame Differencing,9,9
2026-07-09 10:01:16.995,526,MOTION DETECTED,3-Frame Differencing,7,7
2026-07-09 10:01:17.044,527,MOTION DETECTED,3-Frame Differencing,10,10
2026-07-09 10:01:17.075,528,MOTION DETECTED,3-Frame Differencing,11,11
2026-07-09 10:01:17.124,529,MOTION DETECTED,3-Frame Differencing,11,11
2026-07-09 10:01:17.164,530,MOTION DETECTED,3-Frame Differencing,13,13
2026-07-09 10:01:17.198,531,MOTION DETECTED,3-Frame Differencing,11,11
2026-07-09 10:01:17.243,532,MOTION DETECTED,3-Frame Differencing,13,13
2026-07-09 10:01:17.277,533,MOTION DETECTED,3-Frame Differencing,9,9
2026-07-09 10:01:17.331,534,MOTION DETECTED,3-Frame Differencing,9,9
2026-07-09 10:01:17.365,535,MOTION DETECTED,3-Frame Differencing,9,9
2026-07-09 10:01:17.416,536,MOTION DETECTED,3-Frame Differencing,8,8
2026-07-09 10:01:17.454,537,MOTION DETECTED,3-Frame Differencing,7,7
2026-07-09 10:01:17.494,538,MOTION DETECTED,3-Frame Differencing,7,7
2026-07-09 10:01:17.527,539,MOTION DETECTED,3-Frame Differencing,4,4
2026-07-09 10:01:17.562,540,MOTION DETECTED,3-Frame Differencing,5,5
2026-07-09 10:01:17.593,541,MOTION DETECTED,3-Frame Differencing,8,8
2026-07-09 10:01:17.637,542,MOTION DETECTED,3-Frame Differencing,13,13
2026-07-09 10:01:17.690,543,MOTION DETECTED,3-Frame Differencing,10,10
2026-07-09 10:01:17.727,544,MOTION DETECTED,3-Frame Differencing,10,10
2026-07-09 10:01:17.762,545,MOTION DETECTED,3-Frame Differencing,7,7
2026-07-09 10:01:17.794,546,MOTION DETECTED,3-Frame Differencing,7,7
2026-07-09 10:01:17.826,547,MOTION DETECTED,3-Frame Differencing,8,8
2026-07-09 10:01:17.863,548,MOTION DETECTED,3-Frame Differencing,9,9
2026-07-09 10:01:17.912,549,MOTION DETECTED,3-Frame Differencing,8,8
2026-07-09 10:01:17.948,550,MOTION DETECTED,3-Frame Differencing,7,7
2026-07-09 10:01:17.984,551,MOTION DETECTED,3-Frame Differencing,8,8
2026-07-09 10:01:18.010,552,MOTION DETECTED,3-Frame Differencing,7,7
2026-07-09 10:01:18.045,553,MOTION DETECTED,3-Frame Differencing,8,8
2026-07-09 10:01:18.093,554,MOTION DETECTED,3-Frame Differencing,6,6
2026-07-09 10:01:18.127,555,MOTION DETECTED,3-Frame Differencing,7,7
2026-07-09 10:01:18.189,556,MOTION DETECTED,3-Frame Differencing,7,7
2026-07-09 10:01:18.224,557,MOTION DETECTED,3-Frame Differencing,7,7
2026-07-09 10:01:18.259,558,MOTION DETECTED,3-Frame Differencing,6,6
2026-07-09 10:01:18.300,559,MOTION DETECTED,3-Frame Differencing,6,6
2026-07-09 10:01:18.330,560,MOTION DETECTED,3-Frame Differencing,6,6
2026-07-09 10:01:18.366,561,MOTION DETECTED,3-Frame Differencing,8,8
2026-07-09 10:01:18.410,562,MOTION DETECTED,3-Frame Differencing,8,8
2026-07-09 10:01:18.445,563,MOTION DETECTED,3-Frame Differencing,10,10
2026-07-09 10:01:18.479,564,MOTION DETECTED,3-Frame Differencing,12,12
2026-07-09 10:01:18.527,565,MOTION DETECTED,3-Frame Differencing,13,13
2026-07-09 10:01:18.566,566,MOTION DETECTED,3-Frame Differencing,8,8
2026-07-09 10:01:18.595,567,MOTION DETECTED,3-Frame Differencing,9,9
2026-07-09 10:01:18.631,568,MOTION DETECTED,3-Frame Differencing,10,10
2026-07-09 10:01:18.663,569,MOTION DETECTED,3-Frame Differencing,9,9
2026-07-09 10:01:18.715,570,MOTION DETECTED,3-Frame Differencing,7,7
2026-07-09 10:01:18.744,571,MOTION DETECTED,3-Frame Differencing,10,10
2026-07-09 10:01:18.779,572,MOTION DETECTED,3-Frame Differencing,11,11
2026-07-09 10:01:18.826,573,MOTION DETECTED,3-Frame Differencing,9,9
2026-07-09 10:01:18.859,574,MOTION DETECTED,3-Frame Differencing,9,9
2026-07-09 10:01:18.881,575,MOTION DETECTED,3-Frame Differencing,9,9
2026-07-09 10:01:18.904,576,MOTION DETECTED,3-Frame Differencing,8,8
2026-07-09 10:01:18.936,577,MOTION DETECTED,3-Frame Differencing,8,8
2026-07-09 10:01:18.984,578,MOTION DETECTED,3-Frame Differencing,10,10
2026-07-09 10:01:19.027,579,MOTION DETECTED,3-Frame Differencing,9,9
2026-07-09 10:01:19.067,580,MOTION DETECTED,3-Frame Differencing,10,10
2026-07-09 10:01:19.120,581,MOTION DETECTED,3-Frame Differencing,10,10
2026-07-09 10:01:19.156,582,MOTION DETECTED,3-Frame Differencing,12,12
2026-07-09 10:01:19.199,583,MOTION DETECTED,3-Frame Differencing,12,12
2026-07-09 10:01:19.236,584,MOTION DETECTED,3-Frame Differencing,17,17
2026-07-09 10:01:19.277,585,MOTION DETECTED,3-Frame Differencing,13,13
2026-07-09 10:01:19.317,586,MOTION DETECTED,3-Frame Differencing,11,11
2026-07-09 10:01:19.358,587,MOTION DETECTED,3-Frame Differencing,14,14
2026-07-09 10:01:19.382,588,MOTION DETECTED,3-Frame Differencing,12,12
2026-07-09 10:01:19.405,589,MOTION DETECTED,3-Frame Differencing,10,10
2026-07-09 10:01:19.444,590,MOTION DETECTED,3-Frame Differencing,11,11
2026-07-09 10:01:19.484,591,MOTION DETECTED,3-Frame Differencing,11,11
2026-07-09 10:01:19.526,592,MOTION DETECTED,3-Frame Differencing,12,12
2026-07-09 10:01:19.560,593,MOTION DETECTED,3-Frame Differencing,8,8
2026-07-09 10:01:19.600,594,MOTION DETECTED,3-Frame Differencing,8,8
2026-07-09 10:01:19.649,595,MOTION DETECTED,3-Frame Differencing,6,6
2026-07-09 10:01:19.684,596,MOTION DETECTED,3-Frame Differencing,7,7
2026-07-09 10:01:19.729,597,MOTION DETECTED,3-Frame Differencing,9,9
2026-07-09 10:01:19.764,598,MOTION DETECTED,3-Frame Differencing,10,10
2026-07-09 10:01:19.815,599,MOTION DETECTED,3-Frame Differencing,14,14
2026-07-09 10:01:19.879,600,MOTION DETECTED,3-Frame Differencing,15,15
2026-07-09 10:01:19.926,601,MOTION DETECTED,3-Frame Differencing,16,16
2026-07-09 10:01:19.959,602,MOTION DETECTED,3-Frame Differencing,10,10
2026-07-09 10:01:19.996,603,MOTION DETECTED,3-Frame Differencing,13,13
2026-07-09 10:01:20.080,604,MOTION DETECTED,3-Frame Differencing,13,13
2026-07-09 10:01:20.113,605,MOTION DETECTED,3-Frame Differencing,8,8
2026-07-09 10:01:20.160,606,MOTION DETECTED,3-Frame Differencing,8,8
2026-07-09 10:01:20.195,607,MOTION DETECTED,3-Frame Differencing,11,11
2026-07-09 10:01:20.260,608,MOTION DETECTED,3-Frame Differencing,9,9
2026-07-09 10:01:20.295,609,MOTION DETECTED,3-Frame Differencing,10,10
2026-07-09 10:01:20.343,610,MOTION DETECTED,3-Frame Differencing,11,11
2026-07-09 10:01:20.392,611,MOTION DETECTED,3-Frame Differencing,12,12
2026-07-09 10:01:20.464,612,MOTION DETECTED,3-Frame Differencing,12,12
2026-07-09 10:01:20.497,613,MOTION DETECTED,3-Frame Differencing,12,12
2026-07-09 10:01:20.551,614,MOTION DETECTED,3-Frame Differencing,10,10
2026-07-09 10:01:20.585,615,MOTION DETECTED,3-Frame Differencing,12,12
2026-07-09 10:01:20.649,616,MOTION DETECTED,3-Frame Differencing,11,11
2026-07-09 10:01:20.682,617,MOTION DETECTED,3-Frame Differencing,9,9
2026-07-09 10:01:20.712,618,MOTION DETECTED,3-Frame Differencing,12,12
2026-07-09 10:01:20.755,619,MOTION DETECTED,3-Frame Differencing,10,10
2026-07-09 10:01:20.831,620,MOTION DETECTED,3-Frame Differencing,12,12
2026-07-09 10:01:20.862,621,MOTION DETECTED,3-Frame Differencing,13,13
2026-07-09 10:01:20.910,622,MOTION DETECTED,3-Frame Differencing,12,12
2026-07-09 10:01:20.950,623,MOTION DETECTED,3-Frame Differencing,6,6
2026-07-09 10:01:21.030,624,MOTION DETECTED,3-Frame Differencing,9,9
2026-07-09 10:01:21.062,625,MOTION DETECTED,3-Frame Differencing,8,8
2026-07-09 10:01:21.110,626,MOTION DETECTED,3-Frame Differencing,10,10
2026-07-09 10:01:21.153,627,MOTION DETECTED,3-Frame Differencing,12,12
2026-07-09 10:01:21.195,628,MOTION DETECTED,3-Frame Differencing,11,11
2026-07-09 10:01:21.234,629,MOTION DETECTED,3-Frame Differencing,12,12
2026-07-09 10:01:21.285,630,MOTION DETECTED,3-Frame Differencing,9,9
2026-07-09 10:01:21.326,631,MOTION DETECTED,3-Frame Differencing,9,9
2026-07-09 10:01:21.360,632,MOTION DETECTED,3-Frame Differencing,9,9
2026-07-09 10:01:21.396,633,MOTION DETECTED,3-Frame Differencing,11,11
2026-07-09 10:01:21.434,634,MOTION DETECTED,3-Frame Differencing,10,10
2026-07-09 10:01:21.475,635,MOTION DETECTED,3-Frame Differencing,7,7
2026-07-09 10:01:21.509,636,MOTION DETECTED,3-Frame Differencing,6,6
2026-07-09 10:01:21.551,637,MOTION DETECTED,3-Frame Differencing,9,9
2026-07-09 10:01:21.584,638,MOTION DETECTED,3-Frame Differencing,6,6
2026-07-09 10:01:21.616,639,MOTION DETECTED,3-Frame Differencing,8,8
2026-07-09 10:01:21.649,640,MOTION DETECTED,3-Frame Differencing,12,12
2026-07-09 10:01:21.680,641,MOTION DETECTED,3-Frame Differencing,11,11
2026-07-09 10:01:21.707,642,MOTION DETECTED,3-Frame Differencing,9,9
2026-07-09 10:01:21.740,643,MOTION DETECTED,3-Frame Differencing,9,9
2026-07-09 10:01:21.764,644,MOTION DETECTED,3-Frame Differencing,8,8
2026-07-09 10:01:21.809,645,MOTION DETECTED,3-Frame Differencing,11,11
2026-07-09 10:01:21.837,646,MOTION DETECTED,3-Frame Differencing,8,8
2026-07-09 10:01:21.865,647,MOTION DETECTED,3-Frame Differencing,10,10
2026-07-09 10:01:21.895,648,MOTION DETECTED,3-Frame Differencing,8,8
2026-07-09 10:01:21.923,649,MOTION DETECTED,3-Frame Differencing,9,9
2026-07-09 10:01:21.948,650,MOTION DETECTED,3-Frame Differencing,11,11
2026-07-09 10:01:21.976,651,MOTION DETECTED,3-Frame Differencing,12,12
2026-07-09 10:01:22.007,652,MOTION DETECTED,3-Frame Differencing,6,6
2026-07-09 10:01:22.031,653,MOTION DETECTED,3-Frame Differencing,8,8
2026-07-09 10:01:22.053,654,MOTION DETECTED,3-Frame Differencing,9,9
2026-07-09 10:01:22.094,655,MOTION DETECTED,3-Frame Differencing,9,9
2026-07-09 10:01:22.157,656,MOTION DETECTED,3-Frame Differencing,7,7
2026-07-09 10:01:22.193,657,MOTION DETECTED,3-Frame Differencing,8,8
2026-07-09 10:01:22.213,658,MOTION DETECTED,3-Frame Differencing,5,5
2026-07-09 10:01:22.245,659,MOTION DETECTED,3-Frame Differencing,10,10
2026-07-09 10:01:22.278,660,MOTION DETECTED,3-Frame Differencing,10,10
2026-07-09 10:01:22.306,661,MOTION DETECTED,3-Frame Differencing,11,11
2026-07-09 10:01:22.328,662,MOTION DETECTED,3-Frame Differencing,10,10
2026-07-09 10:01:22.372,663,MOTION DETECTED,3-Frame Differencing,10,10
2026-07-09 10:01:22.397,664,MOTION DETECTED,3-Frame Differencing,11,11
2026-07-09 10:01:22.428,665,MOTION DETECTED,3-Frame Differencing,6,6
2026-07-09 10:01:22.455,666,MOTION DETECTED,3-Frame Differencing,7,7
2026-07-09 10:01:22.489,667,MOTION DETECTED,3-Frame Differencing,6,6
2026-07-09 10:01:22.560,668,MOTION DETECTED,3-Frame Differencing,8,8
2026-07-09 10:01:22.600,669,MOTION DETECTED,3-Frame Differencing,5,5
2026-07-09 10:01:22.627,670,MOTION DETECTED,3-Frame Differencing,6,6
2026-07-09 10:01:22.659,671,MOTION DETECTED,3-Frame Differencing,8,8
2026-07-09 10:01:22.720,672,MOTION DETECTED,3-Frame Differencing,6,6
2026-07-09 10:01:22.767,673,MOTION DETECTED,3-Frame Differencing,4,4
2026-07-09 10:01:22.810,674,MOTION DETECTED,3-Frame Differencing,7,7
2026-07-09 10:01:22.843,675,MOTION DETECTED,3-Frame Differencing,9,9
2026-07-09 10:01:22.883,676,MOTION DETECTED,3-Frame Differencing,8,8
2026-07-09 10:01:22.913,677,MOTION DETECTED,3-Frame Differencing,8,8
2026-07-09 10:01:22.945,678,MOTION DETECTED,3-Frame Differencing,8,8
2026-07-09 10:01:22.983,679,MOTION DETECTED,3-Frame Differencing,8,8
2026-07-09 10:01:23.028,680,MOTION DETECTED,3-Frame Differencing,9,9
2026-07-09 10:01:23.067,681,MOTION DETECTED,3-Frame Differencing,9,9
2026-07-09 10:01:23.114,682,MOTION DETECTED,3-Frame Differencing,12,12
2026-07-09 10:01:23.151,683,MOTION DETECTED,3-Frame Differencing,10,10
2026-07-09 10:01:23.223,684,MOTION DETECTED,3-Frame Differencing,7,7
2026-07-09 10:01:23.261,685,MOTION DETECTED,3-Frame Differencing,6,6
2026-07-09 10:01:23.299,686,MOTION DETECTED,3-Frame Differencing,8,8
2026-07-09 10:01:23.331,687,MOTION DETECTED,3-Frame Differencing,6,6
2026-07-09 10:01:23.401,688,MOTION DETECTED,3-Frame Differencing,7,7
2026-07-09 10:01:23.437,689,MOTION DETECTED,3-Frame Differencing,12,12
2026-07-09 10:01:23.475,690,MOTION DETECTED,3-Frame Differencing,10,10
2026-07-09 10:01:23.515,691,MOTION DETECTED,3-Frame Differencing,12,12
2026-07-09 10:01:23.587,692,MOTION DETECTED,3-Frame Differencing,14,14
2026-07-09 10:01:23.624,693,MOTION DETECTED,3-Frame Differencing,12,12
2026-07-09 10:01:23.659,694,MOTION DETECTED,3-Frame Differencing,12,12
2026-07-09 10:01:23.693,695,MOTION DETECTED,3-Frame Differencing,9,9
2026-07-09 10:01:23.760,696,MOTION DETECTED,3-Frame Differencing,9,9
2026-07-09 10:01:23.802,697,MOTION DETECTED,3-Frame Differencing,8,8
2026-07-09 10:01:23.830,698,MOTION DETECTED,3-Frame Differencing,8,8
2026-07-09 10:01:23.877,699,MOTION DETECTED,3-Frame Differencing,9,9
2026-07-09 10:01:23.948,700,MOTION DETECTED,3-Frame Differencing,9,9
2026-07-09 10:01:23.997,701,MOTION DETECTED,3-Frame Differencing,12,12
2026-07-09 10:01:24.041,702,MOTION DETECTED,3-Frame Differencing,12,12
2026-07-09 10:01:24.079,703,MOTION DETECTED,3-Frame Differencing,11,11
2026-07-09 10:01:24.125,704,MOTION DETECTED,3-Frame Differencing,8,8
2026-07-09 10:01:24.166,705,MOTION DETECTED,3-Frame Differencing,8,8
2026-07-09 10:01:24.205,706,MOTION DETECTED,3-Frame Differencing,8,8
2026-07-09 10:01:24.234,707,MOTION DETECTED,3-Frame Differencing,6,6
2026-07-09 10:01:24.267,708,MOTION DETECTED,3-Frame Differencing,6,6
2026-07-09 10:01:24.297,709,MOTION DETECTED,3-Frame Differencing,7,7
2026-07-09 10:01:24.333,710,MOTION DETECTED,3-Frame Differencing,10,10
2026-07-09 10:01:24.367,711,MOTION DETECTED,3-Frame Differencing,9,9
2026-07-09 10:01:24.408,712,MOTION DETECTED,3-Frame Differencing,9,9
2026-07-09 10:01:24.443,713,MOTION DETECTED,3-Frame Differencing,8,8
2026-07-09 10:01:24.475,714,MOTION DETECTED,3-Frame Differencing,8,8
2026-07-09 10:01:24.502,715,MOTION DETECTED,3-Frame Differencing,7,7
2026-07-09 10:01:24.563,716,MOTION DETECTED,3-Frame Differencing,8,8
2026-07-09 10:01:24.592,717,MOTION DETECTED,3-Frame Differencing,6,6
2026-07-09 10:01:24.621,718,MOTION DETECTED,3-Frame Differencing,6,6
2026-07-09 10:01:24.647,719,MOTION DETECTED,3-Frame Differencing,5,5
2026-07-09 10:01:24.714,720,MOTION DETECTED,3-Frame Differencing,6,6
2026-07-09 10:01:24.743,721,MOTION DETECTED,3-Frame Differencing,7,7
2026-07-09 10:01:24.778,722,MOTION DETECTED,3-Frame Differencing,10,10
2026-07-09 10:01:24.811,723,MOTION DETECTED,3-Frame Differencing,9,9
2026-07-09 10:01:24.881,724,MOTION DETECTED,3-Frame Differencing,9,9
2026-07-09 10:01:24.908,725,MOTION DETECTED,3-Frame Differencing,12,12
2026-07-09 10:01:24.944,726,MOTION DETECTED,3-Frame Differencing,11,11
2026-07-09 10:01:24.976,727,MOTION DETECTED,3-Frame Differencing,10,10
2026-07-09 10:01:25.043,728,MOTION DETECTED,3-Frame Differencing,11,11
2026-07-09 10:01:25.073,729,MOTION DETECTED,3-Frame Differencing,10,10
2026-07-09 10:01:25.105,730,MOTION DETECTED,3-Frame Differencing,10,10
2026-07-09 10:01:25.134,731,MOTION DETECTED,3-Frame Differencing,7,7
2026-07-09 10:01:25.196,732,MOTION DETECTED,3-Frame Differencing,7,7
2026-07-09 10:01:25.224,733,MOTION DETECTED,3-Frame Differencing,7,7
2026-07-09 10:01:25.246,734,MOTION DETECTED,3-Frame Differencing,9,9
2026-07-09 10:01:25.285,735,MOTION DETECTED,3-Frame Differencing,7,7
2026-07-09 10:01:25.319,736,MOTION DETECTED,3-Frame Differencing,7,7
2026-07-09 10:01:25.345,737,MOTION DETECTED,3-Frame Differencing,11,11
2026-07-09 10:01:25.379,738,MOTION DETECTED,3-Frame Differencing,13,13
2026-07-09 10:01:25.412,739,MOTION DETECTED,3-Frame Differencing,10,10
2026-07-09 10:01:25.441,740,MOTION DETECTED,3-Frame Differencing,10,10
2026-07-09 10:01:25.472,741,MOTION DETECTED,3-Frame Differencing,8,8
2026-07-09 10:01:25.502,742,MOTION DETECTED,3-Frame Differencing,11,11
2026-07-09 10:01:25.530,743,MOTION DETECTED,3-Frame Differencing,7,7
2026-07-09 10:01:25.563,744,MOTION DETECTED,3-Frame Differencing,7,7
2026-07-09 10:01:25.601,745,MOTION DETECTED,3-Frame Differencing,8,8
2026-07-09 10:01:25.632,746,MOTION DETECTED,3-Frame Differencing,8,8
2026-07-09 10:01:25.665,747,MOTION DETECTED,3-Frame Differencing,14,14
2026-07-09 10:01:25.694,748,MOTION DETECTED,3-Frame Differencing,14,14
2026-07-09 10:01:25.713,749,MOTION DETECTED,3-Frame Differencing,11,11
2026-07-09 10:01:25.745,750,MOTION DETECTED,3-Frame Differencing,8,8
2026-07-09 10:01:25.780,751,MOTION DETECTED,3-Frame Differencing,10,10
2026-07-09 10:01:25.841,752,MOTION DETECTED,3-Frame Differencing,10,10
2026-07-09 10:01:25.878,753,MOTION DETECTED,3-Frame Differencing,9,9
2026-07-09 10:01:25.912,754,MOTION DETECTED,3-Frame Differencing,10,10
2026-07-09 10:01:25.944,755,MOTION DETECTED,3-Frame Differencing,9,9
2026-07-09 10:01:26.010,756,MOTION DETECTED,3-Frame Differencing,11,11
2026-07-09 10:01:26.041,757,MOTION DETECTED,3-Frame Differencing,10,10
2026-07-09 10:01:26.083,758,MOTION DETECTED,3-Frame Differencing,12,12
2026-07-09 10:01:26.114,759,MOTION DETECTED,3-Frame Differencing,10,10
2026-07-09 10:01:26.144,760,MOTION DETECTED,3-Frame Differencing,14,14
2026-07-09 10:01:26.193,761,MOTION DETECTED,3-Frame Differencing,15,15
2026-07-09 10:01:26.231,762,MOTION DETECTED,3-Frame Differencing,14,14
2026-07-09 10:01:26.263,763,MOTION DETECTED,3-Frame Differencing,14,14
2026-07-09 10:01:26.294,764,MOTION DETECTED,3-Frame Differencing,13,13
2026-07-09 10:01:26.328,765,MOTION DETECTED,3-Frame Differencing,16,16
2026-07-09 10:01:26.361,766,MOTION DETECTED,3-Frame Differencing,15,15
2026-07-09 10:01:26.394,767,MOTION DETECTED,3-Frame Differencing,14,14
2026-07-09 10:01:26.454,768,MOTION DETECTED,3-Frame Differencing,15,15
2026-07-09 10:01:26.493,769,MOTION DETECTED,3-Frame Differencing,15,15
2026-07-09 10:01:26.512,770,MOTION DETECTED,3-Frame Differencing,12,12
2026-07-09 10:01:26.561,771,MOTION DETECTED,3-Frame Differencing,12,12
2026-07-09 10:01:26.626,772,MOTION DETECTED,3-Frame Differencing,10,10
2026-07-09 10:01:26.663,773,MOTION DETECTED,3-Frame Differencing,17,17
2026-07-09 10:01:26.700,774,MOTION DETECTED,3-Frame Differencing,17,17
2026-07-09 10:01:26.732,775,MOTION DETECTED,3-Frame Differencing,14,14
2026-07-09 10:01:26.761,776,MOTION DETECTED,3-Frame Differencing,14,14
2026-07-09 10:01:26.794,777,MOTION DETECTED,3-Frame Differencing,14,14
2026-07-09 10:01:26.820,778,MOTION DETECTED,3-Frame Differencing,14,14
2026-07-09 10:01:26.848,779,MOTION DETECTED,3-Frame Differencing,16,16
2026-07-09 10:01:26.886,780,MOTION DETECTED,3-Frame Differencing,14,14
2026-07-09 10:01:26.927,781,MOTION DETECTED,3-Frame Differencing,15,15
2026-07-09 10:01:26.961,782,MOTION DETECTED,3-Frame Differencing,17,17
2026-07-09 10:01:26.995,783,MOTION DETECTED,3-Frame Differencing,16,16
2026-07-09 10:01:27.060,784,MOTION DETECTED,3-Frame Differencing,18,18
2026-07-09 10:01:27.095,785,MOTION DETECTED,3-Frame Differencing,15,15
2026-07-09 10:01:27.127,786,MOTION DETECTED,3-Frame Differencing,14,14
2026-07-09 10:01:27.161,787,MOTION DETECTED,3-Frame Differencing,11,11
2026-07-09 10:01:27.213,788,MOTION DETECTED,3-Frame Differencing,11,11
2026-07-09 10:01:27.243,789,MOTION DETECTED,3-Frame Differencing,9,9
2026-07-09 10:01:27.425,790,MOTION DETECTED,3-Frame Differencing,12,12
2026-07-09 10:01:27.460,791,MOTION DETECTED,3-Frame Differencing,12,12
2026-07-09 10:01:27.526,792,MOTION DETECTED,3-Frame Differencing,12,12
2026-07-09 10:01:27.578,793,MOTION DETECTED,3-Frame Differencing,8,8
2026-07-09 10:01:27.623,794,MOTION DETECTED,3-Frame Differencing,6,6
2026-07-09 10:01:27.662,795,MOTION DETECTED,3-Frame Differencing,7,7
2026-07-09 10:01:27.734,796,MOTION DETECTED,3-Frame Differencing,8,8
2026-07-09 10:01:27.791,797,MOTION DETECTED,3-Frame Differencing,9,9
2026-07-09 10:01:27.831,798,MOTION DETECTED,3-Frame Differencing,9,9
2026-07-09 10:01:27.874,799,MOTION DETECTED,3-Frame Differencing,9,9
2026-07-09 10:01:27.919,800,MOTION DETECTED,3-Frame Differencing,13,13
2026-07-09 10:01:27.958,801,MOTION DETECTED,3-Frame Differencing,10,10
2026-07-09 10:01:27.996,802,MOTION DETECTED,3-Frame Differencing,11,11
2026-07-09 10:01:28.045,803,MOTION DETECTED,3-Frame Differencing,10,10
2026-07-09 10:01:28.120,804,MOTION DETECTED,3-Frame Differencing,11,11
2026-07-09 10:01:28.161,805,MOTION DETECTED,3-Frame Differencing,12,12
2026-07-09 10:01:28.213,806,MOTION DETECTED,3-Frame Differencing,10,10
2026-07-09 10:01:28.252,807,MOTION DETECTED,3-Frame Differencing,10,10
2026-07-09 10:01:28.283,808,MOTION DETECTED,3-Frame Differencing,11,11
2026-07-09 10:01:28.323,809,MOTION DETECTED,3-Frame Differencing,7,7
2026-07-09 10:01:28.346,810,MOTION DETECTED,3-Frame Differencing,7,7
2026-07-09 10:01:28.381,811,MOTION DETECTED,3-Frame Differencing,7,7
2026-07-09 10:01:28.426,812,MOTION DETECTED,3-Frame Differencing,6,6
2026-07-09 10:01:28.465,813,MOTION DETECTED,3-Frame Differencing,8,8
2026-07-09 10:01:28.494,814,MOTION DETECTED,3-Frame Differencing,7,7
2026-07-09 10:01:28.528,815,MOTION DETECTED,3-Frame Differencing,9,9
2026-07-09 10:01:28.586,816,MOTION DETECTED,3-Frame Differencing,8,8
2026-07-09 10:01:28.634,817,MOTION DETECTED,3-Frame Differencing,6,6
2026-07-09 10:01:28.664,818,MOTION DETECTED,3-Frame Differencing,4,4
2026-07-09 10:01:28.716,819,MOTION DETECTED,3-Frame Differencing,5,5
2026-07-09 10:01:28.785,820,MOTION DETECTED,3-Frame Differencing,6,6
2026-07-09 10:01:28.827,821,MOTION DETECTED,3-Frame Differencing,5,5
2026-07-09 10:01:28.867,822,MOTION DETECTED,3-Frame Differencing,7,7
2026-07-09 10:01:28.912,823,MOTION DETECTED,3-Frame Differencing,8,8
2026-07-09 10:01:28.984,824,MOTION DETECTED,3-Frame Differencing,7,7
2026-07-09 10:01:29.033,825,MOTION DETECTED,3-Frame Differencing,6,6
2026-07-09 10:01:29.086,826,MOTION DETECTED,3-Frame Differencing,4,4
2026-07-09 10:01:29.121,827,MOTION DETECTED,3-Frame Differencing,7,7
2026-07-09 10:01:29.157,828,MOTION DETECTED,3-Frame Differencing,7,7
2026-07-09 10:01:29.195,829,MOTION DETECTED,3-Frame Differencing,7,7
2026-07-09 10:01:29.229,830,MOTION DETECTED,3-Frame Differencing,4,4
2026-07-09 10:01:29.271,831,MOTION DETECTED,3-Frame Differencing,5,5
2026-07-09 10:01:29.345,832,MOTION DETECTED,3-Frame Differencing,5,5
2026-07-09 10:01:29.397,833,MOTION DETECTED,3-Frame Differencing,3,3
2026-07-09 10:01:29.448,834,MOTION DETECTED,3-Frame Differencing,4,4
2026-07-09 10:01:29.492,835,MOTION DETECTED,3-Frame Differencing,5,5
2026-07-09 10:01:29.559,836,MOTION DETECTED,3-Frame Differencing,6,6
2026-07-09 10:01:29.591,837,MOTION DETECTED,3-Frame Differencing,6,6
2026-07-09 10:01:29.624,838,MOTION DETECTED,3-Frame Differencing,5,5
2026-07-09 10:01:29.653,839,MOTION DETECTED,3-Frame Differencing,8,8
2026-07-09 10:01:29.735,840,MOTION DETECTED,3-Frame Differencing,7,7
2026-07-09 10:01:29.774,841,MOTION DETECTED,3-Frame Differencing,7,7
2026-07-09 10:01:29.812,842,MOTION DETECTED,3-Frame Differencing,4,4
2026-07-09 10:01:29.847,843,MOTION DETECTED,3-Frame Differencing,7,7
2026-07-09 10:01:29.917,844,MOTION DETECTED,3-Frame Differencing,7,7
2026-07-09 10:01:29.953,845,MOTION DETECTED,3-Frame Differencing,8,8
2026-07-09 10:01:29.979,846,MOTION DETECTED,3-Frame Differencing,8,8
2026-07-09 10:01:30.011,847,MOTION DETECTED,3-Frame Differencing,8,8
2026-07-09 10:01:30.074,848,MOTION DETECTED,3-Frame Differencing,11,11
2026-07-09 10:01:30.113,849,MOTION DETECTED,3-Frame Differencing,10,10
2026-07-09 10:01:30.153,850,MOTION DETECTED,3-Frame Differencing,12,12
2026-07-09 10:01:30.187,851,MOTION DETECTED,3-Frame Differencing,11,11
2026-07-09 10:01:30.257,852,MOTION DETECTED,3-Frame Differencing,11,11
2026-07-09 10:01:30.298,853,MOTION DETECTED,3-Frame Differencing,12,12
2026-07-09 10:01:30.341,854,MOTION DETECTED,3-Frame Differencing,10,10
2026-07-09 10:01:30.378,855,MOTION DETECTED,3-Frame Differencing,13,13
2026-07-09 10:01:30.448,856,MOTION DETECTED,3-Frame Differencing,10,10
2026-07-09 10:01:30.479,857,MOTION DETECTED,3-Frame Differencing,7,7
2026-07-09 10:01:30.513,858,MOTION DETECTED,3-Frame Differencing,8,8
2026-07-09 10:01:30.559,859,MOTION DETECTED,3-Frame Differencing,7,7
2026-07-09 10:01:30.626,860,MOTION DETECTED,3-Frame Differencing,9,9
2026-07-09 10:01:30.662,861,MOTION DETECTED,3-Frame Differencing,9,9
2026-07-09 10:01:30.697,862,MOTION DETECTED,3-Frame Differencing,8,8
2026-07-09 10:01:30.741,863,MOTION DETECTED,3-Frame Differencing,8,8
2026-07-09 10:01:30.800,864,MOTION DETECTED,3-Frame Differencing,6,6
2026-07-09 10:01:30.844,865,MOTION DETECTED,3-Frame Differencing,6,6
2026-07-09 10:01:30.888,866,MOTION DETECTED,3-Frame Differencing,6,6
2026-07-09 10:01:30.920,867,MOTION DETECTED,3-Frame Differencing,6,6
2026-07-09 10:01:30.961,868,MOTION DETECTED,3-Frame Differencing,4,4
2026-07-09 10:01:30.991,869,MOTION DETECTED,3-Frame Differencing,4,4
2026-07-09 10:01:31.026,870,MOTION DETECTED,3-Frame Differencing,4,4
2026-07-09 10:01:31.060,871,MOTION DETECTED,3-Frame Differencing,4,4
2026-07-09 10:01:31.126,872,MOTION DETECTED,3-Frame Differencing,3,3
2026-07-09 10:01:31.167,873,MOTION DETECTED,3-Frame Differencing,4,4
2026-07-09 10:01:31.200,874,MOTION DETECTED,3-Frame Differencing,4,4
2026-07-09 10:01:31.230,875,MOTION DETECTED,3-Frame Differencing,5,5
2026-07-09 10:01:31.297,876,MOTION DETECTED,3-Frame Differencing,6,6
2026-07-09 10:01:31.328,877,MOTION DETECTED,3-Frame Differencing,6,6
2026-07-09 10:01:31.362,878,MOTION DETECTED,3-Frame Differencing,8,8
2026-07-09 10:01:31.399,879,MOTION DETECTED,3-Frame Differencing,7,7
2026-07-09 10:01:31.448,880,MOTION DETECTED,3-Frame Differencing,5,5
2026-07-09 10:01:31.480,881,MOTION DETECTED,3-Frame Differencing,6,6
2026-07-09 10:01:31.513,882,MOTION DETECTED,3-Frame Differencing,6,6
2026-07-09 10:01:31.547,883,MOTION DETECTED,3-Frame Differencing,5,5
2026-07-09 10:01:31.578,884,MOTION DETECTED,3-Frame Differencing,5,5
2026-07-09 10:01:31.611,885,MOTION DETECTED,3-Frame Differencing,5,5
2026-07-09 10:01:31.643,886,MOTION DETECTED,3-Frame Differencing,5,5
2026-07-09 10:01:31.676,887,MOTION DETECTED,3-Frame Differencing,5,5
2026-07-09 10:01:31.750,888,MOTION DETECTED,3-Frame Differencing,5,5
2026-07-09 10:01:31.793,889,MOTION DETECTED,3-Frame Differencing,5,5
2026-07-09 10:01:31.827,890,MOTION DETECTED,3-Frame Differencing,4,4
2026-07-09 10:01:31.862,891,MOTION DETECTED,3-Frame Differencing,4,4
2026-07-09 10:01:31.920,892,MOTION DETECTED,3-Frame Differencing,3,3
2026-07-09 10:01:31.949,893,MOTION DETECTED,3-Frame Differencing,4,4
2026-07-09 10:01:31.986,894,MOTION DETECTED,3-Frame Differencing,5,5
2026-07-09 10:01:32.032,895,MOTION DETECTED,3-Frame Differencing,6,6
2026-07-09 10:01:32.099,896,MOTION DETECTED,3-Frame Differencing,5,5
2026-07-09 10:01:32.129,897,MOTION DETECTED,3-Frame Differencing,4,4
