timestamp,frame_number,status,method,contour_count,person_count
2026-07-09 09:46:26.998,1,NO MOTION,Background Subtraction (MOG2),0,0
2026-07-09 09:46:27.096,2,NO MOTION,Background Subtraction (MOG2),0,0
2026-07-09 09:46:27.160,3,MOTION DETECTED,Background Subtraction (MOG2),10,10
2026-07-09 09:46:27.232,4,MOTION DETECTED,Background Subtraction (MOG2),21,21
2026-07-09 09:46:27.298,5,MOTION DETECTED,Background Subtraction (MOG2),19,19
2026-07-09 09:46:27.365,6,MOTION DETECTED,Background Subtraction (MOG2),21,21
2026-07-09 09:46:27.424,7,MOTION DETECTED,Background Subtraction (MOG2),25,25
2026-07-09 09:46:27.484,8,MOTION DETECTED,Background Subtraction (MOG2),23,23
2026-07-09 09:46:27.531,9,MOTION DETECTED,Background Subtraction (MOG2),28,28
2026-07-09 09:46:27.589,10,MOTION DETECTED,Background Subtraction (MOG2),30,30
2026-07-09 09:46:27.656,11,MOTION DETECTED,Background Subtraction (MOG2),33,33
2026-07-09 09:46:27.857,12,MOTION DETECTED,Background Subtraction (MOG2),38,38
2026-07-09 09:46:27.936,13,MOTION DETECTED,Background Subtraction (MOG2),40,40
2026-07-09 09:46:27.995,14,MOTION DETECTED,Background Subtraction (MOG2),39,39
2026-07-09 09:46:28.089,15,MOTION DETECTED,Background Subtraction (MOG2),43,43
2026-07-09 09:46:28.147,16,MOTION DETECTED,Background Subtraction (MOG2),39,39
2026-07-09 09:46:28.194,17,MOTION DETECTED,Background Subtraction (MOG2),37,37
2026-07-09 09:46:28.242,18,MOTION DETECTED,Background Subtraction (MOG2),30,30
2026-07-09 09:46:28.335,19,MOTION DETECTED,Background Subtraction (MOG2),32,32
2026-07-09 09:46:28.391,20,MOTION DETECTED,Background Subtraction (MOG2),30,30
2026-07-09 09:46:28.451,21,MOTION DETECTED,Background Subtraction (MOG2),32,32
2026-07-09 09:46:28.498,22,MOTION DETECTED,Background Subtraction (MOG2),36,36
2026-07-09 09:46:28.545,23,MOTION DETECTED,Background Subtraction (MOG2),37,37
2026-07-09 09:46:28.592,24,MOTION DETECTED,Background Subtraction (MOG2),34,34
2026-07-09 09:46:28.630,25,MOTION DETECTED,Background Subtraction (MOG2),34,34
2026-07-09 09:46:28.691,26,MOTION DETECTED,Background Subtraction (MOG2),36,36
2026-07-09 09:46:28.736,27,MOTION DETECTED,Background Subtraction (MOG2),31,31
2026-07-09 09:46:28.780,28,MOTION DETECTED,Background Subtraction (MOG2),33,33
2026-07-09 09:46:28.832,29,MOTION DETECTED,Background Subtraction (MOG2),35,35
2026-07-09 09:46:28.879,30,MOTION DETECTED,Background Subtraction (MOG2),38,38
2026-07-09 09:46:28.956,31,MOTION DETECTED,Background Subtraction (MOG2),34,34
2026-07-09 09:46:29.002,32,MOTION DETECTED,Background Subtraction (MOG2),31,31
2026-07-09 09:46:29.080,33,MOTION DETECTED,Background Subtraction (MOG2),27,27
2026-07-09 09:46:29.158,34,MOTION DETECTED,Background Subtraction (MOG2),32,32
2026-07-09 09:46:29.207,35,MOTION DETECTED,Background Subtraction (MOG2),28,28
2026-07-09 09:46:29.258,36,MOTION DETECTED,Background Subtraction (MOG2),26,26
2026-07-09 09:46:29.309,37,MOTION DETECTED,Background Subtraction (MOG2),25,25
2026-07-09 09:46:29.344,38,MOTION DETECTED,Background Subtraction (MOG2),21,21
2026-07-09 09:46:29.428,39,MOTION DETECTED,Background Subtraction (MOG2),19,19
2026-07-09 09:46:29.476,40,MOTION DETECTED,Background Subtraction (MOG2),20,20
2026-07-09 09:46:29.525,41,MOTION DETECTED,Background Subtraction (MOG2),22,22
2026-07-09 09:46:29.565,42,MOTION DETECTED,Background Subtraction (MOG2),20,20
2026-07-09 09:46:29.599,43,MOTION DETECTED,Background Subtraction (MOG2),17,17
2026-07-09 09:46:29.641,44,MOTION DETECTED,Background Subtraction (MOG2),17,17
2026-07-09 09:46:29.681,45,MOTION DETECTED,Background Subtraction (MOG2),18,18
2026-07-09 09:46:29.710,46,MOTION DETECTED,Background Subtraction (MOG2),22,22
2026-07-09 09:46:29.780,47,MOTION DETECTED,Background Subtraction (MOG2),24,24
2026-07-09 09:46:29.841,48,MOTION DETECTED,Background Subtraction (MOG2),23,23
2026-07-09 09:46:29.891,49,MOTION DETECTED,Background Subtraction (MOG2),23,23
2026-07-09 09:46:30.091,50,MOTION DETECTED,Background Subtraction (MOG2),29,29
2026-07-09 09:46:30.136,51,MOTION DETECTED,Background Subtraction (MOG2),26,26
2026-07-09 09:46:30.187,52,MOTION DETECTED,Background Subtraction (MOG2),31,31
2026-07-09 09:46:30.232,53,MOTION DETECTED,Background Subtraction (MOG2),31,31
2026-07-09 09:46:30.284,54,MOTION DETECTED,Background Subtraction (MOG2),31,31
2026-07-09 09:46:30.333,55,MOTION DETECTED,Background Subtraction (MOG2),30,30
2026-07-09 09:46:30.375,56,MOTION DETECTED,Background Subtraction (MOG2),30,30
2026-07-09 09:46:30.425,57,MOTION DETECTED,Background Subtraction (MOG2),30,30
2026-07-09 09:46:30.473,58,MOTION DETECTED,Background Subtraction (MOG2),28,28
2026-07-09 09:46:30.519,59,MOTION DETECTED,Background Subtraction (MOG2),31,31
2026-07-09 09:46:30.574,60,MOTION DETECTED,Background Subtraction (MOG2),30,30
2026-07-09 09:46:30.621,61,MOTION DETECTED,Background Subtraction (MOG2),34,34
2026-07-09 09:46:30.664,62,MOTION DETECTED,Background Subtraction (MOG2),35,35
2026-07-09 09:46:30.752,63,MOTION DETECTED,Background Subtraction (MOG2),32,32
2026-07-09 09:46:30.796,64,MOTION DETECTED,Background Subtraction (MOG2),30,30
2026-07-09 09:46:30.847,65,MOTION DETECTED,Background Subtraction (MOG2),26,26
2026-07-09 09:46:30.891,66,MOTION DETECTED,Background Subtraction (MOG2),25,25
2026-07-09 09:46:30.930,67,MOTION DETECTED,Background Subtraction (MOG2),25,25
2026-07-09 09:46:30.980,68,MOTION DETECTED,Background Subtraction (MOG2),27,27
2026-07-09 09:46:31.024,69,MOTION DETECTED,Background Subtraction (MOG2),26,26
2026-07-09 09:46:31.060,70,MOTION DETECTED,Background Subtraction (MOG2),27,27
2026-07-09 09:46:31.127,71,MOTION DETECTED,Background Subtraction (MOG2),30,30
2026-07-09 09:46:31.160,72,MOTION DETECTED,Background Subtraction (MOG2),30,30
2026-07-09 09:46:31.193,73,MOTION DETECTED,Background Subtraction (MOG2),33,33
2026-07-09 09:46:31.233,74,MOTION DETECTED,Background Subtraction (MOG2),39,39
2026-07-09 09:46:31.277,75,MOTION DETECTED,Background Subtraction (MOG2),40,40
2026-07-09 09:46:31.309,76,MOTION DETECTED,Background Subtraction (MOG2),35,35
2026-07-09 09:46:31.347,77,MOTION DETECTED,Background Subtraction (MOG2),32,32
2026-07-09 09:46:31.380,78,MOTION DETECTED,Background Subtraction (MOG2),32,32
2026-07-09 09:46:31.446,79,MOTION DETECTED,Background Subtraction (MOG2),32,32
2026-07-09 09:46:31.479,80,MOTION DETECTED,Background Subtraction (MOG2),33,33
2026-07-09 09:46:31.528,81,MOTION DETECTED,Background Subtraction (MOG2),36,36
2026-07-09 09:46:31.598,82,MOTION DETECTED,Background Subtraction (MOG2),41,41
2026-07-09 09:46:31.631,83,MOTION DETECTED,Background Subtraction (MOG2),43,43
2026-07-09 09:46:31.674,84,MOTION DETECTED,Background Subtraction (MOG2),40,40
2026-07-09 09:46:31.714,85,MOTION DETECTED,Background Subtraction (MOG2),43,43
2026-07-09 09:46:31.748,86,MOTION DETECTED,Background Subtraction (MOG2),38,38
2026-07-09 09:46:31.825,87,MOTION DETECTED,Background Subtraction (MOG2),41,41
2026-07-09 09:46:31.863,88,MOTION DETECTED,Background Subtraction (MOG2),42,42
2026-07-09 09:46:31.912,89,MOTION DETECTED,Background Subtraction (MOG2),34,34
2026-07-09 09:46:31.951,90,MOTION DETECTED,Background Subtraction (MOG2),34,34
2026-07-09 09:46:32.014,91,MOTION DETECTED,Background Subtraction (MOG2),35,35
2026-07-09 09:46:32.054,92,MOTION DETECTED,Background Subtraction (MOG2),44,44
2026-07-09 09:46:32.100,93,MOTION DETECTED,Background Subtraction (MOG2),45,45
2026-07-09 09:46:32.150,94,MOTION DETECTED,Background Subtraction (MOG2),43,43
2026-07-09 09:46:32.222,95,MOTION DETECTED,Background Subtraction (MOG2),41,41
2026-07-09 09:46:32.255,96,MOTION DETECTED,Background Subtraction (MOG2),40,40
2026-07-09 09:46:32.298,97,MOTION DETECTED,Background Subtraction (MOG2),46,46
2026-07-09 09:46:32.375,98,MOTION DETECTED,Background Subtraction (MOG2),42,42
2026-07-09 09:46:32.410,99,MOTION DETECTED,Background Subtraction (MOG2),45,45
2026-07-09 09:46:32.452,100,MOTION DETECTED,Background Subtraction (MOG2),41,41
2026-07-09 09:46:32.484,101,MOTION DETECTED,Background Subtraction (MOG2),38,38
2026-07-09 09:46:32.531,102,MOTION DETECTED,Background Subtraction (MOG2),38,38
2026-07-09 09:46:32.581,103,MOTION DETECTED,Background Subtraction (MOG2),33,33
2026-07-09 09:46:32.637,104,MOTION DETECTED,Background Subtraction (MOG2),32,32
2026-07-09 09:46:32.674,105,MOTION DETECTED,Background Subtraction (MOG2),33,33
2026-07-09 09:46:32.715,106,MOTION DETECTED,Background Subtraction (MOG2),34,34
2026-07-09 09:46:32.754,107,MOTION DETECTED,Background Subtraction (MOG2),36,36
2026-07-09 09:46:32.787,108,MOTION DETECTED,Background Subtraction (MOG2),44,44
2026-07-09 09:46:32.819,109,MOTION DETECTED,Background Subtraction (MOG2),44,44
2026-07-09 09:46:32.862,110,MOTION DETECTED,Background Subtraction (MOG2),44,44
2026-07-09 09:46:32.930,111,MOTION DETECTED,Background Subtraction (MOG2),47,47
2026-07-09 09:46:32.966,112,MOTION DETECTED,Background Subtraction (MOG2),45,45
2026-07-09 09:46:33.016,113,MOTION DETECTED,Background Subtraction (MOG2),47,47
2026-07-09 09:46:33.095,114,MOTION DETECTED,Background Subtraction (MOG2),46,46
2026-07-09 09:46:33.144,115,MOTION DETECTED,Background Subtraction (MOG2),43,43
2026-07-09 09:46:33.184,116,MOTION DETECTED,Background Subtraction (MOG2),48,48
2026-07-09 09:46:33.220,117,MOTION DETECTED,Background Subtraction (MOG2),48,48
2026-07-09 09:46:33.256,118,MOTION DETECTED,Background Subtraction (MOG2),41,41
2026-07-09 09:46:33.292,119,MOTION DETECTED,Background Subtraction (MOG2),48,48
2026-07-09 09:46:33.330,120,MOTION DETECTED,Background Subtraction (MOG2),40,40
2026-07-09 09:46:33.369,121,MOTION DETECTED,Background Subtraction (MOG2),41,41
2026-07-09 09:46:33.411,122,MOTION DETECTED,Background Subtraction (MOG2),43,43
2026-07-09 09:46:33.482,123,MOTION DETECTED,Background Subtraction (MOG2),42,42
2026-07-09 09:46:33.526,124,MOTION DETECTED,Background Subtraction (MOG2),40,40
2026-07-09 09:46:33.562,125,MOTION DETECTED,Background Subtraction (MOG2),43,43
2026-07-09 09:46:33.601,126,MOTION DETECTED,Background Subtraction (MOG2),40,40
2026-07-09 09:46:33.665,127,MOTION DETECTED,Background Subtraction (MOG2),36,36
2026-07-09 09:46:33.708,128,MOTION DETECTED,Background Subtraction (MOG2),36,36
2026-07-09 09:46:33.745,129,MOTION DETECTED,Background Subtraction (MOG2),37,37
2026-07-09 09:46:33.783,130,MOTION DETECTED,Background Subtraction (MOG2),35,35
2026-07-09 09:46:33.828,131,MOTION DETECTED,Background Subtraction (MOG2),34,34
2026-07-09 09:46:33.867,132,MOTION DETECTED,Background Subtraction (MOG2),33,33
2026-07-09 09:46:33.917,133,MOTION DETECTED,Background Subtraction (MOG2),34,34
2026-07-09 09:46:33.951,134,MOTION DETECTED,Background Subtraction (MOG2),38,38
2026-07-09 09:46:34.024,135,MOTION DETECTED,Background Subtraction (MOG2),38,38
2026-07-09 09:46:34.074,136,MOTION DETECTED,Background Subtraction (MOG2),39,39
2026-07-09 09:46:34.108,137,MOTION DETECTED,Background Subtraction (MOG2),43,43
2026-07-09 09:46:34.146,138,MOTION DETECTED,Background Subtraction (MOG2),43,43
2026-07-09 09:46:34.210,139,MOTION DETECTED,Background Subtraction (MOG2),38,38
2026-07-09 09:46:34.252,140,MOTION DETECTED,Background Subtraction (MOG2),43,43
2026-07-09 09:46:34.285,141,MOTION DETECTED,Background Subtraction (MOG2),40,40
2026-07-09 09:46:34.317,142,MOTION DETECTED,Background Subtraction (MOG2),44,44
2026-07-09 09:46:34.396,143,MOTION DETECTED,Background Subtraction (MOG2),44,44
2026-07-09 09:46:34.448,144,MOTION DETECTED,Background Subtraction (MOG2),43,43
2026-07-09 09:46:34.493,145,MOTION DETECTED,Background Subtraction (MOG2),42,42
2026-07-09 09:46:34.530,146,MOTION DETECTED,Background Subtraction (MOG2),43,43
2026-07-09 09:46:34.598,147,MOTION DETECTED,Background Subtraction (MOG2),40,40
2026-07-09 09:46:34.647,148,MOTION DETECTED,Background Subtraction (MOG2),42,42
2026-07-09 09:46:34.691,149,MOTION DETECTED,Background Subtraction (MOG2),41,41
2026-07-09 09:46:34.731,150,MOTION DETECTED,Background Subtraction (MOG2),42,42
2026-07-09 09:46:34.768,151,MOTION DETECTED,Background Subtraction (MOG2),41,41
2026-07-09 09:46:34.816,152,MOTION DETECTED,Background Subtraction (MOG2),43,43
2026-07-09 09:46:34.851,153,MOTION DETECTED,Background Subtraction (MOG2),47,47
2026-07-09 09:46:34.887,154,MOTION DETECTED,Background Subtraction (MOG2),44,44
2026-07-09 09:46:34.952,155,MOTION DETECTED,Background Subtraction (MOG2),43,43
2026-07-09 09:46:34.994,156,MOTION DETECTED,Background Subtraction (MOG2),41,41
2026-07-09 09:46:35.032,157,MOTION DETECTED,Background Subtraction (MOG2),47,47
2026-07-09 09:46:35.066,158,MOTION DETECTED,Background Subtraction (MOG2),47,47
2026-07-09 09:46:35.132,159,MOTION DETECTED,Background Subtraction (MOG2),44,44
2026-07-09 09:46:35.174,160,MOTION DETECTED,Background Subtraction (MOG2),43,43
2026-07-09 09:46:35.217,161,MOTION DETECTED,Background Subtraction (MOG2),46,46
2026-07-09 09:46:35.253,162,MOTION DETECTED,Background Subtraction (MOG2),45,45
2026-07-09 09:46:35.299,163,MOTION DETECTED,Background Subtraction (MOG2),44,44
2026-07-09 09:46:35.334,164,MOTION DETECTED,Background Subtraction (MOG2),46,46
2026-07-09 09:46:35.373,165,MOTION DETECTED,Background Subtraction (MOG2),46,46
2026-07-09 09:46:35.415,166,MOTION DETECTED,Background Subtraction (MOG2),46,46
2026-07-09 09:46:35.452,167,MOTION DETECTED,Background Subtraction (MOG2),46,46
2026-07-09 09:46:35.501,168,MOTION DETECTED,Background Subtraction (MOG2),45,45
2026-07-09 09:46:35.549,169,MOTION DETECTED,Background Subtraction (MOG2),46,46
2026-07-09 09:46:35.596,170,MOTION DETECTED,Background Subtraction (MOG2),39,39
2026-07-09 09:46:35.676,171,MOTION DETECTED,Background Subtraction (MOG2),38,38
2026-07-09 09:46:35.712,172,MOTION DETECTED,Background Subtraction (MOG2),42,42
2026-07-09 09:46:35.753,173,MOTION DETECTED,Background Subtraction (MOG2),39,39
2026-07-09 09:46:35.787,174,MOTION DETECTED,Background Subtraction (MOG2),37,37
2026-07-09 09:46:35.859,175,MOTION DETECTED,Background Subtraction (MOG2),40,40
2026-07-09 09:46:35.894,176,MOTION DETECTED,Background Subtraction (MOG2),41,41
2026-07-09 09:46:35.936,177,MOTION DETECTED,Background Subtraction (MOG2),40,40
2026-07-09 09:46:35.985,178,MOTION DETECTED,Background Subtraction (MOG2),44,44
2026-07-09 09:46:36.019,179,MOTION DETECTED,Background Subtraction (MOG2),42,42
2026-07-09 09:46:36.067,180,MOTION DETECTED,Background Subtraction (MOG2),36,36
2026-07-09 09:46:36.117,181,MOTION DETECTED,Background Subtraction (MOG2),44,44
2026-07-09 09:46:36.167,182,MOTION DETECTED,Background Subtraction (MOG2),45,45
2026-07-09 09:46:36.249,183,MOTION DETECTED,Background Subtraction (MOG2),44,44
2026-07-09 09:46:36.288,184,MOTION DETECTED,Background Subtraction (MOG2),41,41
2026-07-09 09:46:36.334,185,MOTION DETECTED,Background Subtraction (MOG2),40,40
2026-07-09 09:46:36.376,186,MOTION DETECTED,Background Subtraction (MOG2),41,41
2026-07-09 09:46:36.417,187,MOTION DETECTED,Background Subtraction (MOG2),41,41
2026-07-09 09:46:36.451,188,MOTION DETECTED,Background Subtraction (MOG2),38,38
2026-07-09 09:46:36.486,189,MOTION DETECTED,Background Subtraction (MOG2),38,38
2026-07-09 09:46:36.516,190,MOTION DETECTED,Background Subtraction (MOG2),38,38
2026-07-09 09:46:36.584,191,MOTION DETECTED,Background Subtraction (MOG2),37,37
2026-07-09 09:46:36.621,192,MOTION DETECTED,Background Subtraction (MOG2),37,37
2026-07-09 09:46:36.660,193,MOTION DETECTED,Background Subtraction (MOG2),36,36
2026-07-09 09:46:36.697,194,MOTION DETECTED,Background Subtraction (MOG2),34,34
2026-07-09 09:46:36.724,195,MOTION DETECTED,Background Subtraction (MOG2),30,30
2026-07-09 09:46:36.782,196,MOTION DETECTED,Background Subtraction (MOG2),32,32
2026-07-09 09:46:36.825,197,MOTION DETECTED,Background Subtraction (MOG2),38,38
2026-07-09 09:46:36.863,198,MOTION DETECTED,Background Subtraction (MOG2),40,40
2026-07-09 09:46:36.899,199,MOTION DETECTED,Background Subtraction (MOG2),37,37
2026-07-09 09:46:36.950,200,MOTION DETECTED,Background Subtraction (MOG2),34,34
2026-07-09 09:46:36.977,201,MOTION DETECTED,Background Subtraction (MOG2),33,33
2026-07-09 09:46:37.029,202,MOTION DETECTED,Background Subtraction (MOG2),37,37
2026-07-09 09:46:37.062,203,MOTION DETECTED,Background Subtraction (MOG2),39,39
2026-07-09 09:46:37.117,204,MOTION DETECTED,Background Subtraction (MOG2),40,40
2026-07-09 09:46:37.158,205,MOTION DETECTED,Background Subtraction (MOG2),41,41
2026-07-09 09:46:37.200,206,MOTION DETECTED,Background Subtraction (MOG2),41,41
2026-07-09 09:46:37.265,207,MOTION DETECTED,Background Subtraction (MOG2),42,42
2026-07-09 09:46:37.292,208,MOTION DETECTED,Background Subtraction (MOG2),43,43
2026-07-09 09:46:37.349,209,MOTION DETECTED,Background Subtraction (MOG2),39,39
2026-07-09 09:46:37.378,210,MOTION DETECTED,Background Subtraction (MOG2),34,34
2026-07-09 09:46:37.465,211,MOTION DETECTED,Background Subtraction (MOG2),36,36
2026-07-09 09:46:37.492,212,MOTION DETECTED,Background Subtraction (MOG2),34,34
2026-07-09 09:46:37.533,213,MOTION DETECTED,Background Subtraction (MOG2),35,35
2026-07-09 09:46:37.566,214,MOTION DETECTED,Background Subtraction (MOG2),33,33
2026-07-09 09:46:37.643,215,MOTION DETECTED,Background Subtraction (MOG2),37,37
2026-07-09 09:46:37.683,216,MOTION DETECTED,Background Subtraction (MOG2),34,34
2026-07-09 09:46:37.726,217,MOTION DETECTED,Background Subtraction (MOG2),33,33
2026-07-09 09:46:37.765,218,MOTION DETECTED,Background Subtraction (MOG2),32,32
2026-07-09 09:46:37.827,219,MOTION DETECTED,Background Subtraction (MOG2),31,31
2026-07-09 09:46:37.876,220,MOTION DETECTED,Background Subtraction (MOG2),32,32
2026-07-09 09:46:37.917,221,MOTION DETECTED,Background Subtraction (MOG2),36,36
2026-07-09 09:46:37.966,222,MOTION DETECTED,Background Subtraction (MOG2),37,37
2026-07-09 09:46:38.041,223,MOTION DETECTED,Background Subtraction (MOG2),38,38
2026-07-09 09:46:38.078,224,MOTION DETECTED,Background Subtraction (MOG2),38,38
2026-07-09 09:46:38.113,225,MOTION DETECTED,Background Subtraction (MOG2),38,38
2026-07-09 09:46:38.148,226,MOTION DETECTED,Background Subtraction (MOG2),37,37
2026-07-09 09:46:38.191,227,MOTION DETECTED,Background Subtraction (MOG2),38,38
2026-07-09 09:46:38.231,228,MOTION DETECTED,Background Subtraction (MOG2),34,34
2026-07-09 09:46:38.262,229,MOTION DETECTED,Background Subtraction (MOG2),28,28
2026-07-09 09:46:38.297,230,MOTION DETECTED,Background Subtraction (MOG2),26,26
2026-07-09 09:46:38.346,231,MOTION DETECTED,Background Subtraction (MOG2),22,22
2026-07-09 09:46:38.398,232,MOTION DETECTED,Background Subtraction (MOG2),19,19
2026-07-09 09:46:38.442,233,MOTION DETECTED,Background Subtraction (MOG2),21,21
2026-07-09 09:46:38.478,234,MOTION DETECTED,Background Subtraction (MOG2),19,19
2026-07-09 09:46:38.529,235,MOTION DETECTED,Background Subtraction (MOG2),16,16
2026-07-09 09:46:38.568,236,MOTION DETECTED,Background Subtraction (MOG2),15,15
2026-07-09 09:46:38.599,237,MOTION DETECTED,Background Subtraction (MOG2),15,15
2026-07-09 09:46:38.632,238,MOTION DETECTED,Background Subtraction (MOG2),16,16
2026-07-09 09:46:38.716,239,MOTION DETECTED,Background Subtraction (MOG2),13,13
2026-07-09 09:46:38.757,240,MOTION DETECTED,Background Subtraction (MOG2),14,14
2026-07-09 09:46:38.798,241,MOTION DETECTED,Background Subtraction (MOG2),14,14
2026-07-09 09:46:38.831,242,MOTION DETECTED,Background Subtraction (MOG2),15,15
2026-07-09 09:46:38.902,243,MOTION DETECTED,Background Subtraction (MOG2),12,12
2026-07-09 09:46:38.942,244,MOTION DETECTED,Background Subtraction (MOG2),12,12
2026-07-09 09:46:38.980,245,MOTION DETECTED,Background Subtraction (MOG2),10,10
2026-07-09 09:46:39.013,246,MOTION DETECTED,Background Subtraction (MOG2),7,7
2026-07-09 09:46:39.081,247,MOTION DETECTED,Background Subtraction (MOG2),7,7
2026-07-09 09:46:39.114,248,MOTION DETECTED,Background Subtraction (MOG2),8,8
2026-07-09 09:46:39.147,249,MOTION DETECTED,Background Subtraction (MOG2),8,8
2026-07-09 09:46:39.181,250,MOTION DETECTED,Background Subtraction (MOG2),9,9
2026-07-09 09:46:39.244,251,MOTION DETECTED,Background Subtraction (MOG2),10,10
2026-07-09 09:46:39.280,252,MOTION DETECTED,Background Subtraction (MOG2),11,11
2026-07-09 09:46:39.310,253,MOTION DETECTED,Background Subtraction (MOG2),12,12
2026-07-09 09:46:39.352,254,MOTION DETECTED,Background Subtraction (MOG2),11,11
2026-07-09 09:46:39.387,255,MOTION DETECTED,Background Subtraction (MOG2),11,11
2026-07-09 09:46:39.415,256,MOTION DETECTED,Background Subtraction (MOG2),8,8
2026-07-09 09:46:39.448,257,MOTION DETECTED,Background Subtraction (MOG2),11,11
2026-07-09 09:46:39.481,258,MOTION DETECTED,Background Subtraction (MOG2),12,12
2026-07-09 09:46:39.514,259,MOTION DETECTED,Background Subtraction (MOG2),11,11
2026-07-09 09:46:39.547,260,MOTION DETECTED,Background Subtraction (MOG2),12,12
2026-07-09 09:46:39.585,261,MOTION DETECTED,Background Subtraction (MOG2),11,11
2026-07-09 09:46:39.630,262,MOTION DETECTED,Background Subtraction (MOG2),14,14
2026-07-09 09:46:39.690,263,MOTION DETECTED,Background Subtraction (MOG2),13,13
2026-07-09 09:46:39.727,264,MOTION DETECTED,Background Subtraction (MOG2),13,13
2026-07-09 09:46:39.759,265,MOTION DETECTED,Background Subtraction (MOG2),13,13
2026-07-09 09:46:39.795,266,MOTION DETECTED,Background Subtraction (MOG2),12,12
2026-07-09 09:46:39.876,267,MOTION DETECTED,Background Subtraction (MOG2),12,12
2026-07-09 09:46:39.917,268,MOTION DETECTED,Background Subtraction (MOG2),13,13
2026-07-09 09:46:39.948,269,MOTION DETECTED,Background Subtraction (MOG2),13,13
2026-07-09 09:46:39.981,270,MOTION DETECTED,Background Subtraction (MOG2),15,15
2026-07-09 09:46:40.012,271,MOTION DETECTED,Background Subtraction (MOG2),15,15
2026-07-09 09:46:40.060,272,MOTION DETECTED,Background Subtraction (MOG2),20,20
2026-07-09 09:46:40.108,273,MOTION DETECTED,Background Subtraction (MOG2),17,17
2026-07-09 09:46:40.131,274,MOTION DETECTED,Background Subtraction (MOG2),16,16
2026-07-09 09:46:40.209,275,MOTION DETECTED,Background Subtraction (MOG2),19,19
2026-07-09 09:46:40.259,276,MOTION DETECTED,Background Subtraction (MOG2),18,18
2026-07-09 09:46:40.297,277,MOTION DETECTED,Background Subtraction (MOG2),18,18
2026-07-09 09:46:40.338,278,MOTION DETECTED,Background Subtraction (MOG2),18,18
2026-07-09 09:46:40.400,279,MOTION DETECTED,Background Subtraction (MOG2),17,17
2026-07-09 09:46:40.446,280,MOTION DETECTED,Background Subtraction (MOG2),19,19
2026-07-09 09:46:40.481,281,MOTION DETECTED,Background Subtraction (MOG2),16,16
2026-07-09 09:46:40.511,282,MOTION DETECTED,Background Subtraction (MOG2),14,14
2026-07-09 09:46:40.576,283,MOTION DETECTED,Background Subtraction (MOG2),12,12
2026-07-09 09:46:40.615,284,MOTION DETECTED,Background Subtraction (MOG2),14,14
2026-07-09 09:46:40.661,285,MOTION DETECTED,Background Subtraction (MOG2),11,11
2026-07-09 09:46:40.699,286,MOTION DETECTED,Background Subtraction (MOG2),14,14
2026-07-09 09:46:40.782,287,MOTION DETECTED,Background Subtraction (MOG2),15,15
2026-07-09 09:46:40.830,288,MOTION DETECTED,Background Subtraction (MOG2),15,15
2026-07-09 09:46:40.875,289,MOTION DETECTED,Background Subtraction (MOG2),18,18
2026-07-09 09:46:40.921,290,MOTION DETECTED,Background Subtraction (MOG2),20,20
2026-07-09 09:46:40.994,291,MOTION DETECTED,Background Subtraction (MOG2),18,18
2026-07-09 09:46:41.042,292,MOTION DETECTED,Background Subtraction (MOG2),19,19
2026-07-09 09:46:41.081,293,MOTION DETECTED,Background Subtraction (MOG2),25,25
2026-07-09 09:46:41.130,294,MOTION DETECTED,Background Subtraction (MOG2),20,20
2026-07-09 09:46:41.174,295,MOTION DETECTED,Background Subtraction (MOG2),23,23
2026-07-09 09:46:41.213,296,MOTION DETECTED,Background Subtraction (MOG2),25,25
2026-07-09 09:46:41.253,297,MOTION DETECTED,Background Subtraction (MOG2),25,25
2026-07-09 09:46:41.286,298,MOTION DETECTED,Background Subtraction (MOG2),23,23
2026-07-09 09:46:41.373,299,MOTION DETECTED,Background Subtraction (MOG2),24,24
2026-07-09 09:46:41.428,300,MOTION DETECTED,Background Subtraction (MOG2),22,22
2026-07-09 09:46:41.473,301,MOTION DETECTED,Background Subtraction (MOG2),23,23
2026-07-09 09:46:41.524,302,MOTION DETECTED,Background Subtraction (MOG2),23,23
2026-07-09 09:46:41.598,303,MOTION DETECTED,Background Subtraction (MOG2),26,26
2026-07-09 09:46:41.652,304,MOTION DETECTED,Background Subtraction (MOG2),24,24
2026-07-09 09:46:41.702,305,MOTION DETECTED,Background Subtraction (MOG2),23,23
2026-07-09 09:46:41.759,306,MOTION DETECTED,Background Subtraction (MOG2),25,25
2026-07-09 09:46:41.837,307,MOTION DETECTED,Background Subtraction (MOG2),27,27
2026-07-09 09:46:41.881,308,MOTION DETECTED,Background Subtraction (MOG2),25,25
2026-07-09 09:46:41.927,309,MOTION DETECTED,Background Subtraction (MOG2),23,23
2026-07-09 09:46:41.971,310,MOTION DETECTED,Background Subtraction (MOG2),20,20
2026-07-09 09:46:42.044,311,MOTION DETECTED,Background Subtraction (MOG2),21,21
2026-07-09 09:46:42.093,312,MOTION DETECTED,Background Subtraction (MOG2),23,23
2026-07-09 09:46:42.130,313,MOTION DETECTED,Background Subtraction (MOG2),22,22
2026-07-09 09:46:42.211,314,MOTION DETECTED,Background Subtraction (MOG2),21,21
2026-07-09 09:46:42.257,315,MOTION DETECTED,Background Subtraction (MOG2),22,22
2026-07-09 09:46:42.293,316,MOTION DETECTED,Background Subtraction (MOG2),25,25
2026-07-09 09:46:42.328,317,MOTION DETECTED,Background Subtraction (MOG2),20,20
2026-07-09 09:46:42.360,318,MOTION DETECTED,Background Subtraction (MOG2),22,22
2026-07-09 09:46:42.404,319,MOTION DETECTED,Background Subtraction (MOG2),19,19
2026-07-09 09:46:42.437,320,MOTION DETECTED,Background Subtraction (MOG2),22,22
2026-07-09 09:46:42.471,321,MOTION DETECTED,Background Subtraction (MOG2),22,22
2026-07-09 09:46:42.504,322,MOTION DETECTED,Background Subtraction (MOG2),21,21
2026-07-09 09:46:42.549,323,MOTION DETECTED,Background Subtraction (MOG2),24,24
2026-07-09 09:46:42.585,324,MOTION DETECTED,Background Subtraction (MOG2),23,23
2026-07-09 09:46:42.615,325,MOTION DETECTED,Background Subtraction (MOG2),24,24
2026-07-09 09:46:42.645,326,MOTION DETECTED,Background Subtraction (MOG2),27,27
2026-07-09 09:46:42.713,327,MOTION DETECTED,Background Subtraction (MOG2),27,27
2026-07-09 09:46:42.751,328,MOTION DETECTED,Background Subtraction (MOG2),21,21
2026-07-09 09:46:42.789,329,MOTION DETECTED,Background Subtraction (MOG2),22,22
2026-07-09 09:46:42.830,330,MOTION DETECTED,Background Subtraction (MOG2),21,21
2026-07-09 09:46:42.898,331,MOTION DETECTED,Background Subtraction (MOG2),21,21
2026-07-09 09:46:42.932,332,MOTION DETECTED,Background Subtraction (MOG2),24,24
2026-07-09 09:46:42.970,333,MOTION DETECTED,Background Subtraction (MOG2),25,25
2026-07-09 09:46:43.002,334,MOTION DETECTED,Background Subtraction (MOG2),24,24
2026-07-09 09:46:43.035,335,MOTION DETECTED,Background Subtraction (MOG2),25,25
2026-07-09 09:46:43.062,336,MOTION DETECTED,Background Subtraction (MOG2),23,23
2026-07-09 09:46:43.110,337,MOTION DETECTED,Background Subtraction (MOG2),20,20
2026-07-09 09:46:43.160,338,MOTION DETECTED,Background Subtraction (MOG2),23,23
2026-07-09 09:46:43.230,339,MOTION DETECTED,Background Subtraction (MOG2),23,23
2026-07-09 09:46:43.264,340,MOTION DETECTED,Background Subtraction (MOG2),25,25
2026-07-09 09:46:43.297,341,MOTION DETECTED,Background Subtraction (MOG2),21,21
2026-07-09 09:46:43.329,342,MOTION DETECTED,Background Subtraction (MOG2),23,23
2026-07-09 09:46:43.407,343,MOTION DETECTED,Background Subtraction (MOG2),22,22
2026-07-09 09:46:43.442,344,MOTION DETECTED,Background Subtraction (MOG2),23,23
2026-07-09 09:46:43.483,345,MOTION DETECTED,Background Subtraction (MOG2),23,23
2026-07-09 09:46:43.512,346,MOTION DETECTED,Background Subtraction (MOG2),19,19
2026-07-09 09:46:43.572,347,MOTION DETECTED,Background Subtraction (MOG2),19,19
2026-07-09 09:46:43.607,348,MOTION DETECTED,Background Subtraction (MOG2),23,23
2026-07-09 09:46:43.644,349,MOTION DETECTED,Background Subtraction (MOG2),24,24
2026-07-09 09:46:43.684,350,MOTION DETECTED,Background Subtraction (MOG2),25,25
2026-07-09 09:46:43.764,351,MOTION DETECTED,Background Subtraction (MOG2),28,28
2026-07-09 09:46:43.798,352,MOTION DETECTED,Background Subtraction (MOG2),35,35
2026-07-09 09:46:43.832,353,MOTION DETECTED,Background Subtraction (MOG2),33,33
2026-07-09 09:46:43.864,354,MOTION DETECTED,Background Subtraction (MOG2),31,31
2026-07-09 09:46:43.932,355,MOTION DETECTED,Background Subtraction (MOG2),31,31
2026-07-09 09:46:43.960,356,MOTION DETECTED,Background Subtraction (MOG2),33,33
2026-07-09 09:46:43.994,357,MOTION DETECTED,Background Subtraction (MOG2),31,31
2026-07-09 09:46:44.037,358,MOTION DETECTED,Background Subtraction (MOG2),33,33
2026-07-09 09:46:44.113,359,MOTION DETECTED,Background Subtraction (MOG2),34,34
2026-07-09 09:46:44.145,360,MOTION DETECTED,Background Subtraction (MOG2),35,35
2026-07-09 09:46:44.179,361,MOTION DETECTED,Background Subtraction (MOG2),33,33
2026-07-09 09:46:44.213,362,MOTION DETECTED,Background Subtraction (MOG2),33,33
2026-07-09 09:46:44.282,363,MOTION DETECTED,Background Subtraction (MOG2),32,32
2026-07-09 09:46:44.323,364,MOTION DETECTED,Background Subtraction (MOG2),31,31
2026-07-09 09:46:44.363,365,MOTION DETECTED,Background Subtraction (MOG2),38,38
2026-07-09 09:46:44.401,366,MOTION DETECTED,Background Subtraction (MOG2),40,40
2026-07-09 09:46:44.482,367,MOTION DETECTED,Background Subtraction (MOG2),37,37
2026-07-09 09:46:44.514,368,MOTION DETECTED,Background Subtraction (MOG2),38,38
2026-07-09 09:46:44.557,369,MOTION DETECTED,Background Subtraction (MOG2),35,35
2026-07-09 09:46:44.595,370,MOTION DETECTED,Background Subtraction (MOG2),30,30
2026-07-09 09:46:44.661,371,MOTION DETECTED,Background Subtraction (MOG2),29,29
2026-07-09 09:46:44.698,372,MOTION DETECTED,Background Subtraction (MOG2),24,24
2026-07-09 09:46:44.732,373,MOTION DETECTED,Background Subtraction (MOG2),22,22
2026-07-09 09:46:44.775,374,MOTION DETECTED,Background Subtraction (MOG2),22,22
2026-07-09 09:46:44.816,375,MOTION DETECTED,Background Subtraction (MOG2),29,29
2026-07-09 09:46:44.858,376,MOTION DETECTED,Background Subtraction (MOG2),27,27
2026-07-09 09:46:44.917,377,MOTION DETECTED,Background Subtraction (MOG2),25,25
2026-07-09 09:46:44.962,378,MOTION DETECTED,Background Subtraction (MOG2),23,23
2026-07-09 09:46:45.007,379,MOTION DETECTED,Background Subtraction (MOG2),24,24
2026-07-09 09:46:45.042,380,MOTION DETECTED,Background Subtraction (MOG2),22,22
2026-07-09 09:46:45.085,381,MOTION DETECTED,Background Subtraction (MOG2),23,23
2026-07-09 09:46:45.120,382,MOTION DETECTED,Background Subtraction (MOG2),25,25
2026-07-09 09:46:45.183,383,MOTION DETECTED,Background Subtraction (MOG2),26,26
2026-07-09 09:46:45.225,384,MOTION DETECTED,Background Subtraction (MOG2),24,24
2026-07-09 09:46:45.265,385,MOTION DETECTED,Background Subtraction (MOG2),24,24
2026-07-09 09:46:45.331,386,MOTION DETECTED,Background Subtraction (MOG2),26,26
2026-07-09 09:46:45.366,387,MOTION DETECTED,Background Subtraction (MOG2),26,26
2026-07-09 09:46:45.398,388,MOTION DETECTED,Background Subtraction (MOG2),22,22
2026-07-09 09:46:45.433,389,MOTION DETECTED,Background Subtraction (MOG2),23,23
2026-07-09 09:46:45.473,390,MOTION DETECTED,Background Subtraction (MOG2),24,24
2026-07-09 09:46:45.515,391,MOTION DETECTED,Background Subtraction (MOG2),17,17
2026-07-09 09:46:45.546,392,MOTION DETECTED,Background Subtraction (MOG2),20,20
2026-07-09 09:46:45.583,393,MOTION DETECTED,Background Subtraction (MOG2),19,19
2026-07-09 09:46:45.627,394,MOTION DETECTED,Background Subtraction (MOG2),19,19
2026-07-09 09:46:45.697,395,MOTION DETECTED,Background Subtraction (MOG2),20,20
2026-07-09 09:46:45.736,396,MOTION DETECTED,Background Subtraction (MOG2),21,21
2026-07-09 09:46:45.775,397,MOTION DETECTED,Background Subtraction (MOG2),23,23
2026-07-09 09:46:45.810,398,MOTION DETECTED,Background Subtraction (MOG2),21,21
2026-07-09 09:46:45.851,399,MOTION DETECTED,Background Subtraction (MOG2),20,20
2026-07-09 09:46:45.892,400,MOTION DETECTED,Background Subtraction (MOG2),22,22
2026-07-09 09:46:45.931,401,MOTION DETECTED,Background Subtraction (MOG2),18,18
2026-07-09 09:46:45.963,402,MOTION DETECTED,Background Subtraction (MOG2),13,13
2026-07-09 09:46:45.993,403,MOTION DETECTED,Background Subtraction (MOG2),15,15
2026-07-09 09:46:46.032,404,MOTION DETECTED,Background Subtraction (MOG2),18,18
2026-07-09 09:46:46.065,405,MOTION DETECTED,Background Subtraction (MOG2),17,17
2026-07-09 09:46:46.097,406,MOTION DETECTED,Background Subtraction (MOG2),16,16
2026-07-09 09:46:46.159,407,MOTION DETECTED,Background Subtraction (MOG2),13,13
2026-07-09 09:46:46.200,408,MOTION DETECTED,Background Subtraction (MOG2),15,15
2026-07-09 09:46:46.233,409,MOTION DETECTED,Background Subtraction (MOG2),15,15
2026-07-09 09:46:46.274,410,MOTION DETECTED,Background Subtraction (MOG2),16,16
2026-07-09 09:46:46.314,411,MOTION DETECTED,Background Subtraction (MOG2),17,17
2026-07-09 09:46:46.354,412,MOTION DETECTED,Background Subtraction (MOG2),19,19
2026-07-09 09:46:46.387,413,MOTION DETECTED,Background Subtraction (MOG2),17,17
2026-07-09 09:46:46.414,414,MOTION DETECTED,Background Subtraction (MOG2),17,17
2026-07-09 09:46:46.461,415,MOTION DETECTED,Background Subtraction (MOG2),15,15
2026-07-09 09:46:46.497,416,MOTION DETECTED,Background Subtraction (MOG2),14,14
2026-07-09 09:46:46.534,417,MOTION DETECTED,Background Subtraction (MOG2),11,11
2026-07-09 09:46:46.563,418,MOTION DETECTED,Background Subtraction (MOG2),12,12
2026-07-09 09:46:46.625,419,MOTION DETECTED,Background Subtraction (MOG2),12,12
2026-07-09 09:46:46.661,420,MOTION DETECTED,Background Subtraction (MOG2),10,10
2026-07-09 09:46:46.694,421,MOTION DETECTED,Background Subtraction (MOG2),11,11
2026-07-09 09:46:46.744,422,MOTION DETECTED,Background Subtraction (MOG2),11,11
2026-07-09 09:46:46.823,423,MOTION DETECTED,Background Subtraction (MOG2),11,11
2026-07-09 09:46:46.866,424,MOTION DETECTED,Background Subtraction (MOG2),9,9
2026-07-09 09:46:46.907,425,MOTION DETECTED,Background Subtraction (MOG2),11,11
2026-07-09 09:46:46.954,426,MOTION DETECTED,Background Subtraction (MOG2),13,13
2026-07-09 09:46:47.022,427,MOTION DETECTED,Background Subtraction (MOG2),12,12
2026-07-09 09:46:47.075,428,MOTION DETECTED,Background Subtraction (MOG2),13,13
2026-07-09 09:46:47.124,429,MOTION DETECTED,Background Subtraction (MOG2),14,14
2026-07-09 09:46:47.170,430,MOTION DETECTED,Background Subtraction (MOG2),14,14
2026-07-09 09:46:47.250,431,MOTION DETECTED,Background Subtraction (MOG2),16,16
2026-07-09 09:46:47.291,432,MOTION DETECTED,Background Subtraction (MOG2),18,18
2026-07-09 09:46:47.331,433,MOTION DETECTED,Background Subtraction (MOG2),17,17
2026-07-09 09:46:47.379,434,MOTION DETECTED,Background Subtraction (MOG2),17,17
2026-07-09 09:46:47.455,435,MOTION DETECTED,Background Subtraction (MOG2),19,19
2026-07-09 09:46:47.499,436,MOTION DETECTED,Background Subtraction (MOG2),19,19
2026-07-09 09:46:47.527,437,MOTION DETECTED,Background Subtraction (MOG2),21,21
2026-07-09 09:46:47.578,438,MOTION DETECTED,Background Subtraction (MOG2),21,21
2026-07-09 09:46:47.615,439,MOTION DETECTED,Background Subtraction (MOG2),22,22
2026-07-09 09:46:47.654,440,MOTION DETECTED,Background Subtraction (MOG2),22,22
2026-07-09 09:46:47.691,441,MOTION DETECTED,Background Subtraction (MOG2),21,21
2026-07-09 09:46:47.725,442,MOTION DETECTED,Background Subtraction (MOG2),19,19
2026-07-09 09:46:47.797,443,MOTION DETECTED,Background Subtraction (MOG2),22,22
2026-07-09 09:46:47.834,444,MOTION DETECTED,Background Subtraction (MOG2),20,20
2026-07-09 09:46:47.884,445,MOTION DETECTED,Background Subtraction (MOG2),17,17
2026-07-09 09:46:47.916,446,MOTION DETECTED,Background Subtraction (MOG2),24,24
2026-07-09 09:46:47.995,447,MOTION DETECTED,Background Subtraction (MOG2),21,21
2026-07-09 09:46:48.029,448,MOTION DETECTED,Background Subtraction (MOG2),20,20
2026-07-09 09:46:48.081,449,MOTION DETECTED,Background Subtraction (MOG2),19,19
2026-07-09 09:46:48.113,450,MOTION DETECTED,Background Subtraction (MOG2),21,21
2026-07-09 09:46:48.181,451,MOTION DETECTED,Background Subtraction (MOG2),19,19
2026-07-09 09:46:48.242,452,MOTION DETECTED,Background Subtraction (MOG2),19,19
2026-07-09 09:46:48.280,453,MOTION DETECTED,Background Subtraction (MOG2),20,20
2026-07-09 09:46:48.314,454,MOTION DETECTED,Background Subtraction (MOG2),23,23
2026-07-09 09:46:48.354,455,MOTION DETECTED,Background Subtraction (MOG2),21,21
2026-07-09 09:46:48.402,456,MOTION DETECTED,Background Subtraction (MOG2),20,20
2026-07-09 09:46:48.436,457,MOTION DETECTED,Background Subtraction (MOG2),20,20
2026-07-09 09:46:48.473,458,MOTION DETECTED,Background Subtraction (MOG2),22,22
2026-07-09 09:46:48.508,459,MOTION DETECTED,Background Subtraction (MOG2),19,19
2026-07-09 09:46:48.549,460,MOTION DETECTED,Background Subtraction (MOG2),21,21
2026-07-09 09:46:48.580,461,MOTION DETECTED,Background Subtraction (MOG2),18,18
2026-07-09 09:46:48.614,462,MOTION DETECTED,Background Subtraction (MOG2),19,19
2026-07-09 09:46:48.680,463,MOTION DETECTED,Background Subtraction (MOG2),18,18
2026-07-09 09:46:48.715,464,MOTION DETECTED,Background Subtraction (MOG2),16,16
2026-07-09 09:46:48.755,465,MOTION DETECTED,Background Subtraction (MOG2),10,10
2026-07-09 09:46:48.791,466,MOTION DETECTED,Background Subtraction (MOG2),10,10
2026-07-09 09:46:48.844,467,MOTION DETECTED,Background Subtraction (MOG2),14,14
2026-07-09 09:46:48.894,468,MOTION DETECTED,Background Subtraction (MOG2),12,12
2026-07-09 09:46:48.933,469,MOTION DETECTED,Background Subtraction (MOG2),16,16
2026-07-09 09:46:48.965,470,MOTION DETECTED,Background Subtraction (MOG2),17,17
2026-07-09 09:46:49.003,471,MOTION DETECTED,Background Subtraction (MOG2),16,16
2026-07-09 09:46:49.035,472,MOTION DETECTED,Background Subtraction (MOG2),17,17
2026-07-09 09:46:49.065,473,MOTION DETECTED,Background Subtraction (MOG2),17,17
2026-07-09 09:46:49.096,474,MOTION DETECTED,Background Subtraction (MOG2),16,16
2026-07-09 09:46:49.162,475,MOTION DETECTED,Background Subtraction (MOG2),19,19
2026-07-09 09:46:49.196,476,MOTION DETECTED,Background Subtraction (MOG2),21,21
2026-07-09 09:46:49.229,477,MOTION DETECTED,Background Subtraction (MOG2),24,24
2026-07-09 09:46:49.267,478,MOTION DETECTED,Background Subtraction (MOG2),24,24
2026-07-09 09:46:49.331,479,MOTION DETECTED,Background Subtraction (MOG2),24,24
2026-07-09 09:46:49.363,480,MOTION DETECTED,Background Subtraction (MOG2),24,24
2026-07-09 09:46:49.396,481,MOTION DETECTED,Background Subtraction (MOG2),23,23
2026-07-09 09:46:49.434,482,MOTION DETECTED,Background Subtraction (MOG2),24,24
2026-07-09 09:46:49.501,483,MOTION DETECTED,Background Subtraction (MOG2),27,27
2026-07-09 09:46:49.530,484,MOTION DETECTED,Background Subtraction (MOG2),25,25
2026-07-09 09:46:49.560,485,MOTION DETECTED,Background Subtraction (MOG2),25,25
2026-07-09 09:46:49.596,486,MOTION DETECTED,Background Subtraction (MOG2),24,24
2026-07-09 09:46:49.667,487,MOTION DETECTED,Background Subtraction (MOG2),19,19
2026-07-09 09:46:49.705,488,MOTION DETECTED,Background Subtraction (MOG2),18,18
2026-07-09 09:46:49.738,489,MOTION DETECTED,Background Subtraction (MOG2),15,15
2026-07-09 09:46:49.774,490,MOTION DETECTED,Background Subtraction (MOG2),20,20
2026-07-09 09:46:49.846,491,MOTION DETECTED,Background Subtraction (MOG2),21,21
2026-07-09 09:46:49.893,492,MOTION DETECTED,Background Subtraction (MOG2),16,16
2026-07-09 09:46:49.934,493,MOTION DETECTED,Background Subtraction (MOG2),16,16
2026-07-09 09:46:49.965,494,MOTION DETECTED,Background Subtraction (MOG2),18,18
2026-07-09 09:46:50.029,495,MOTION DETECTED,Background Subtraction (MOG2),16,16
2026-07-09 09:46:50.076,496,MOTION DETECTED,Background Subtraction (MOG2),18,18
2026-07-09 09:46:50.115,497,MOTION DETECTED,Background Subtraction (MOG2),14,14
2026-07-09 09:46:50.181,498,MOTION DETECTED,Background Subtraction (MOG2),15,15
2026-07-09 09:46:50.209,499,MOTION DETECTED,Background Subtraction (MOG2),14,14
2026-07-09 09:46:50.267,500,MOTION DETECTED,Background Subtraction (MOG2),19,19
2026-07-09 09:46:50.295,501,MOTION DETECTED,Background Subtraction (MOG2),19,19
2026-07-09 09:46:50.346,502,MOTION DETECTED,Background Subtraction (MOG2),22,22
2026-07-09 09:46:50.382,503,MOTION DETECTED,Background Subtraction (MOG2),21,21
2026-07-09 09:46:50.431,504,MOTION DETECTED,Background Subtraction (MOG2),18,18
2026-07-09 09:46:50.463,505,MOTION DETECTED,Background Subtraction (MOG2),20,20
2026-07-09 09:46:50.518,506,MOTION DETECTED,Background Subtraction (MOG2),22,22
2026-07-09 09:46:50.577,507,MOTION DETECTED,Background Subtraction (MOG2),19,19
2026-07-09 09:46:50.629,508,MOTION DETECTED,Background Subtraction (MOG2),20,20
2026-07-09 09:46:50.665,509,MOTION DETECTED,Background Subtraction (MOG2),20,20
2026-07-09 09:46:50.699,510,MOTION DETECTED,Background Subtraction (MOG2),19,19
2026-07-09 09:46:50.760,511,MOTION DETECTED,Background Subtraction (MOG2),18,18
2026-07-09 09:46:50.796,512,MOTION DETECTED,Background Subtraction (MOG2),21,21
2026-07-09 09:46:50.830,513,MOTION DETECTED,Background Subtraction (MOG2),19,19
2026-07-09 09:46:50.862,514,MOTION DETECTED,Background Subtraction (MOG2),19,19
2026-07-09 09:46:50.896,515,MOTION DETECTED,Background Subtraction (MOG2),22,22
2026-07-09 09:46:50.930,516,MOTION DETECTED,Background Subtraction (MOG2),18,18
2026-07-09 09:46:50.961,517,MOTION DETECTED,Background Subtraction (MOG2),19,19
2026-07-09 09:46:51.015,518,MOTION DETECTED,Background Subtraction (MOG2),16,16
2026-07-09 09:46:51.101,519,MOTION DETECTED,Background Subtraction (MOG2),18,18
2026-07-09 09:46:51.146,520,MOTION DETECTED,Background Subtraction (MOG2),16,16
2026-07-09 09:46:51.196,521,MOTION DETECTED,Background Subtraction (MOG2),20,20
2026-07-09 09:46:51.227,522,MOTION DETECTED,Background Subtraction (MOG2),17,17
2026-07-09 09:46:51.297,523,MOTION DETECTED,Background Subtraction (MOG2),19,19
2026-07-09 09:46:51.331,524,MOTION DETECTED,Background Subtraction (MOG2),18,18
2026-07-09 09:46:51.368,525,MOTION DETECTED,Background Subtraction (MOG2),20,20
2026-07-09 09:46:51.404,526,MOTION DETECTED,Background Subtraction (MOG2),23,23
2026-07-09 09:46:51.441,527,MOTION DETECTED,Background Subtraction (MOG2),27,27
2026-07-09 09:46:51.482,528,MOTION DETECTED,Background Subtraction (MOG2),28,28
2026-07-09 09:46:51.526,529,MOTION DETECTED,Background Subtraction (MOG2),28,28
2026-07-09 09:46:51.564,530,MOTION DETECTED,Background Subtraction (MOG2),30,30
2026-07-09 09:46:51.630,531,MOTION DETECTED,Background Subtraction (MOG2),27,27
2026-07-09 09:46:51.685,532,MOTION DETECTED,Background Subtraction (MOG2),26,26
2026-07-09 09:46:51.720,533,MOTION DETECTED,Background Subtraction (MOG2),27,27
2026-07-09 09:46:51.764,534,MOTION DETECTED,Background Subtraction (MOG2),21,21
2026-07-09 09:46:51.798,535,MOTION DETECTED,Background Subtraction (MOG2),22,22
2026-07-09 09:46:51.829,536,MOTION DETECTED,Background Subtraction (MOG2),24,24
2026-07-09 09:46:51.866,537,MOTION DETECTED,Background Subtraction (MOG2),22,22
2026-07-09 09:46:51.902,538,MOTION DETECTED,Background Subtraction (MOG2),25,25
2026-07-09 09:46:51.934,539,MOTION DETECTED,Background Subtraction (MOG2),29,29
2026-07-09 09:46:51.966,540,MOTION DETECTED,Background Subtraction (MOG2),32,32
2026-07-09 09:46:52.018,541,MOTION DETECTED,Background Subtraction (MOG2),30,30
2026-07-09 09:46:52.051,542,MOTION DETECTED,Background Subtraction (MOG2),31,31
2026-07-09 09:46:52.102,543,MOTION DETECTED,Background Subtraction (MOG2),28,28
2026-07-09 09:46:52.134,544,MOTION DETECTED,Background Subtraction (MOG2),27,27
2026-07-09 09:46:52.183,545,MOTION DETECTED,Background Subtraction (MOG2),27,27
2026-07-09 09:46:52.225,546,MOTION DETECTED,Background Subtraction (MOG2),26,26
2026-07-09 09:46:52.274,547,MOTION DETECTED,Background Subtraction (MOG2),28,28
2026-07-09 09:46:52.307,548,MOTION DETECTED,Background Subtraction (MOG2),29,29
2026-07-09 09:46:52.352,549,MOTION DETECTED,Background Subtraction (MOG2),24,24
2026-07-09 09:46:52.384,550,MOTION DETECTED,Background Subtraction (MOG2),25,25
2026-07-09 09:46:52.449,551,MOTION DETECTED,Background Subtraction (MOG2),22,22
2026-07-09 09:46:52.482,552,MOTION DETECTED,Background Subtraction (MOG2),25,25
2026-07-09 09:46:52.515,553,MOTION DETECTED,Background Subtraction (MOG2),27,27
2026-07-09 09:46:52.557,554,MOTION DETECTED,Background Subtraction (MOG2),28,28
2026-07-09 09:46:52.625,555,MOTION DETECTED,Background Subtraction (MOG2),26,26
2026-07-09 09:46:52.674,556,MOTION DETECTED,Background Subtraction (MOG2),22,22
2026-07-09 09:46:52.721,557,MOTION DETECTED,Background Subtraction (MOG2),23,23
2026-07-09 09:46:52.776,558,MOTION DETECTED,Background Subtraction (MOG2),21,21
2026-07-09 09:46:52.843,559,MOTION DETECTED,Background Subtraction (MOG2),21,21
2026-07-09 09:46:52.891,560,MOTION DETECTED,Background Subtraction (MOG2),24,24
2026-07-09 09:46:52.937,561,MOTION DETECTED,Background Subtraction (MOG2),24,24
2026-07-09 09:46:52.984,562,MOTION DETECTED,Background Subtraction (MOG2),21,21
2026-07-09 09:46:53.041,563,MOTION DETECTED,Background Subtraction (MOG2),23,23
2026-07-09 09:46:53.091,564,MOTION DETECTED,Background Subtraction (MOG2),22,22
2026-07-09 09:46:53.132,565,MOTION DETECTED,Background Subtraction (MOG2),24,24
2026-07-09 09:46:53.175,566,MOTION DETECTED,Background Subtraction (MOG2),24,24
2026-07-09 09:46:53.251,567,MOTION DETECTED,Background Subtraction (MOG2),26,26
2026-07-09 09:46:53.293,568,MOTION DETECTED,Background Subtraction (MOG2),23,23
2026-07-09 09:46:53.343,569,MOTION DETECTED,Background Subtraction (MOG2),20,20
2026-07-09 09:46:53.381,570,MOTION DETECTED,Background Subtraction (MOG2),24,24
2026-07-09 09:46:53.465,571,MOTION DETECTED,Background Subtraction (MOG2),25,25
2026-07-09 09:46:53.497,572,MOTION DETECTED,Background Subtraction (MOG2),28,28
2026-07-09 09:46:53.534,573,MOTION DETECTED,Background Subtraction (MOG2),29,29
2026-07-09 09:46:53.584,574,MOTION DETECTED,Background Subtraction (MOG2),27,27
2026-07-09 09:46:53.647,575,MOTION DETECTED,Background Subtraction (MOG2),20,20
2026-07-09 09:46:53.692,576,MOTION DETECTED,Background Subtraction (MOG2),20,20
2026-07-09 09:46:53.725,577,MOTION DETECTED,Background Subtraction (MOG2),21,21
2026-07-09 09:46:53.760,578,MOTION DETECTED,Background Subtraction (MOG2),19,19
2026-07-09 09:46:53.825,579,MOTION DETECTED,Background Subtraction (MOG2),19,19
2026-07-09 09:46:53.856,580,MOTION DETECTED,Background Subtraction (MOG2),19,19
2026-07-09 09:46:53.890,581,MOTION DETECTED,Background Subtraction (MOG2),21,21
2026-07-09 09:46:53.923,582,MOTION DETECTED,Background Subtraction (MOG2),20,20
2026-07-09 09:46:53.989,583,MOTION DETECTED,Background Subtraction (MOG2),23,23
2026-07-09 09:46:54.025,584,MOTION DETECTED,Background Subtraction (MOG2),21,21
2026-07-09 09:46:54.075,585,MOTION DETECTED,Background Subtraction (MOG2),20,20
2026-07-09 09:46:54.111,586,MOTION DETECTED,Background Subtraction (MOG2),26,26
2026-07-09 09:46:54.184,587,MOTION DETECTED,Background Subtraction (MOG2),21,21
2026-07-09 09:46:54.225,588,MOTION DETECTED,Background Subtraction (MOG2),22,22
2026-07-09 09:46:54.265,589,MOTION DETECTED,Background Subtraction (MOG2),18,18
2026-07-09 09:46:54.313,590,MOTION DETECTED,Background Subtraction (MOG2),20,20
2026-07-09 09:46:54.387,591,MOTION DETECTED,Background Subtraction (MOG2),18,18
2026-07-09 09:46:54.431,592,MOTION DETECTED,Background Subtraction (MOG2),22,22
2026-07-09 09:46:54.480,593,MOTION DETECTED,Background Subtraction (MOG2),23,23
2026-07-09 09:46:54.517,594,MOTION DETECTED,Background Subtraction (MOG2),24,24
2026-07-09 09:46:54.554,595,MOTION DETECTED,Background Subtraction (MOG2),24,24
2026-07-09 09:46:54.597,596,MOTION DETECTED,Background Subtraction (MOG2),25,25
2026-07-09 09:46:54.637,597,MOTION DETECTED,Background Subtraction (MOG2),26,26
2026-07-09 09:46:54.671,598,MOTION DETECTED,Background Subtraction (MOG2),27,27
2026-07-09 09:46:54.707,599,MOTION DETECTED,Background Subtraction (MOG2),27,27
2026-07-09 09:46:54.751,600,MOTION DETECTED,Background Subtraction (MOG2),27,27
2026-07-09 09:46:54.802,601,MOTION DETECTED,Background Subtraction (MOG2),22,22
2026-07-09 09:46:54.838,602,MOTION DETECTED,Background Subtraction (MOG2),27,27
2026-07-09 09:46:54.873,603,MOTION DETECTED,Background Subtraction (MOG2),30,30
2026-07-09 09:46:54.911,604,MOTION DETECTED,Background Subtraction (MOG2),33,33
2026-07-09 09:46:54.962,605,MOTION DETECTED,Background Subtraction (MOG2),35,35
2026-07-09 09:46:54.996,606,MOTION DETECTED,Background Subtraction (MOG2),33,33
2026-07-09 09:46:55.033,607,MOTION DETECTED,Background Subtraction (MOG2),33,33
2026-07-09 09:46:55.066,608,MOTION DETECTED,Background Subtraction (MOG2),32,32
2026-07-09 09:46:55.117,609,MOTION DETECTED,Background Subtraction (MOG2),34,34
2026-07-09 09:46:55.175,610,MOTION DETECTED,Background Subtraction (MOG2),36,36
2026-07-09 09:46:55.208,611,MOTION DETECTED,Background Subtraction (MOG2),35,35
2026-07-09 09:46:55.248,612,MOTION DETECTED,Background Subtraction (MOG2),35,35
2026-07-09 09:46:55.285,613,MOTION DETECTED,Background Subtraction (MOG2),31,31
2026-07-09 09:46:55.321,614,MOTION DETECTED,Background Subtraction (MOG2),31,31
2026-07-09 09:46:55.353,615,MOTION DETECTED,Background Subtraction (MOG2),29,29
2026-07-09 09:46:55.395,616,MOTION DETECTED,Background Subtraction (MOG2),23,23
2026-07-09 09:46:55.428,617,MOTION DETECTED,Background Subtraction (MOG2),21,21
2026-07-09 09:46:55.476,618,MOTION DETECTED,Background Subtraction (MOG2),20,20
2026-07-09 09:46:55.509,619,MOTION DETECTED,Background Subtraction (MOG2),21,21
2026-07-09 09:46:55.552,620,MOTION DETECTED,Background Subtraction (MOG2),20,20
2026-07-09 09:46:55.586,621,MOTION DETECTED,Background Subtraction (MOG2),19,19
2026-07-09 09:46:55.634,622,MOTION DETECTED,Background Subtraction (MOG2),19,19
2026-07-09 09:46:55.679,623,MOTION DETECTED,Background Subtraction (MOG2),20,20
2026-07-09 09:46:55.725,624,MOTION DETECTED,Background Subtraction (MOG2),23,23
2026-07-09 09:46:55.768,625,MOTION DETECTED,Background Subtraction (MOG2),22,22
2026-07-09 09:46:55.801,626,MOTION DETECTED,Background Subtraction (MOG2),20,20
2026-07-09 09:46:55.851,627,MOTION DETECTED,Background Subtraction (MOG2),18,18
2026-07-09 09:46:55.879,628,MOTION DETECTED,Background Subtraction (MOG2),21,21
2026-07-09 09:46:55.926,629,MOTION DETECTED,Background Subtraction (MOG2),21,21
2026-07-09 09:46:55.962,630,MOTION DETECTED,Background Subtraction (MOG2),20,20
2026-07-09 09:46:56.045,631,MOTION DETECTED,Background Subtraction (MOG2),19,19
2026-07-09 09:46:56.084,632,MOTION DETECTED,Background Subtraction (MOG2),15,15
2026-07-09 09:46:56.120,633,MOTION DETECTED,Background Subtraction (MOG2),19,19
2026-07-09 09:46:56.161,634,MOTION DETECTED,Background Subtraction (MOG2),21,21
2026-07-09 09:46:56.204,635,MOTION DETECTED,Background Subtraction (MOG2),25,25
2026-07-09 09:46:56.252,636,MOTION DETECTED,Background Subtraction (MOG2),28,28
2026-07-09 09:46:56.298,637,MOTION DETECTED,Background Subtraction (MOG2),28,28
2026-07-09 09:46:56.357,638,MOTION DETECTED,Background Subtraction (MOG2),23,23
2026-07-09 09:46:56.404,639,MOTION DETECTED,Background Subtraction (MOG2),28,28
2026-07-09 09:46:56.456,640,MOTION DETECTED,Background Subtraction (MOG2),27,27
2026-07-09 09:46:56.503,641,MOTION DETECTED,Background Subtraction (MOG2),28,28
2026-07-09 09:46:56.551,642,MOTION DETECTED,Background Subtraction (MOG2),36,36
2026-07-09 09:46:56.589,643,MOTION DETECTED,Background Subtraction (MOG2),29,29
2026-07-09 09:46:56.624,644,MOTION DETECTED,Background Subtraction (MOG2),25,25
2026-07-09 09:46:56.661,645,MOTION DETECTED,Background Subtraction (MOG2),24,24
2026-07-09 09:46:56.720,646,MOTION DETECTED,Background Subtraction (MOG2),25,25
2026-07-09 09:46:56.800,647,MOTION DETECTED,Background Subtraction (MOG2),29,29
2026-07-09 09:46:56.847,648,MOTION DETECTED,Background Subtraction (MOG2),29,29
2026-07-09 09:46:56.893,649,MOTION DETECTED,Background Subtraction (MOG2),30,30
2026-07-09 09:46:56.943,650,MOTION DETECTED,Background Subtraction (MOG2),30,30
2026-07-09 09:46:56.992,651,MOTION DETECTED,Background Subtraction (MOG2),29,29
2026-07-09 09:46:57.037,652,MOTION DETECTED,Background Subtraction (MOG2),30,30
2026-07-09 09:46:57.091,653,MOTION DETECTED,Background Subtraction (MOG2),31,31
2026-07-09 09:46:57.143,654,MOTION DETECTED,Background Subtraction (MOG2),25,25
2026-07-09 09:46:57.395,655,MOTION DETECTED,Background Subtraction (MOG2),29,29
2026-07-09 09:46:57.451,656,MOTION DETECTED,Background Subtraction (MOG2),27,27
2026-07-09 09:46:57.498,657,MOTION DETECTED,Background Subtraction (MOG2),27,27
2026-07-09 09:46:57.556,658,MOTION DETECTED,Background Subtraction (MOG2),26,26
2026-07-09 09:46:57.609,659,MOTION DETECTED,Background Subtraction (MOG2),25,25
2026-07-09 09:46:57.652,660,MOTION DETECTED,Background Subtraction (MOG2),24,24
2026-07-09 09:46:57.702,661,MOTION DETECTED,Background Subtraction (MOG2),22,22
2026-07-09 09:46:57.744,662,MOTION DETECTED,Background Subtraction (MOG2),29,29
2026-07-09 09:46:57.793,663,MOTION DETECTED,Background Subtraction (MOG2),27,27
2026-07-09 09:46:57.841,664,MOTION DETECTED,Background Subtraction (MOG2),30,30
2026-07-09 09:46:57.894,665,MOTION DETECTED,Background Subtraction (MOG2),31,31
2026-07-09 09:46:57.942,666,MOTION DETECTED,Background Subtraction (MOG2),29,29
2026-07-09 09:46:57.988,667,MOTION DETECTED,Background Subtraction (MOG2),32,32
2026-07-09 09:46:58.032,668,MOTION DETECTED,Background Subtraction (MOG2),32,32
2026-07-09 09:46:58.091,669,MOTION DETECTED,Background Subtraction (MOG2),31,31
2026-07-09 09:46:58.142,670,MOTION DETECTED,Background Subtraction (MOG2),32,32
2026-07-09 09:46:58.192,671,MOTION DETECTED,Background Subtraction (MOG2),30,30
2026-07-09 09:46:58.238,672,MOTION DETECTED,Background Subtraction (MOG2),28,28
2026-07-09 09:46:58.292,673,MOTION DETECTED,Background Subtraction (MOG2),31,31
2026-07-09 09:46:58.333,674,MOTION DETECTED,Background Subtraction (MOG2),29,29
2026-07-09 09:46:58.383,675,MOTION DETECTED,Background Subtraction (MOG2),20,20
2026-07-09 09:46:58.426,676,MOTION DETECTED,Background Subtraction (MOG2),20,20
2026-07-09 09:46:58.474,677,MOTION DETECTED,Background Subtraction (MOG2),20,20
2026-07-09 09:46:58.509,678,MOTION DETECTED,Background Subtraction (MOG2),19,19
2026-07-09 09:46:58.559,679,MOTION DETECTED,Background Subtraction (MOG2),19,19
2026-07-09 09:46:58.609,680,MOTION DETECTED,Background Subtraction (MOG2),20,20
2026-07-09 09:46:58.653,681,MOTION DETECTED,Background Subtraction (MOG2),21,21
2026-07-09 09:46:58.698,682,MOTION DETECTED,Background Subtraction (MOG2),20,20
2026-07-09 09:46:58.745,683,MOTION DETECTED,Background Subtraction (MOG2),17,17
2026-07-09 09:46:58.783,684,MOTION DETECTED,Background Subtraction (MOG2),16,16
2026-07-09 09:46:58.825,685,MOTION DETECTED,Background Subtraction (MOG2),14,14
2026-07-09 09:46:58.862,686,MOTION DETECTED,Background Subtraction (MOG2),13,13
2026-07-09 09:46:58.902,687,MOTION DETECTED,Background Subtraction (MOG2),11,11
2026-07-09 09:46:58.933,688,MOTION DETECTED,Background Subtraction (MOG2),15,15
2026-07-09 09:46:58.975,689,MOTION DETECTED,Background Subtraction (MOG2),20,20
2026-07-09 09:46:59.017,690,MOTION DETECTED,Background Subtraction (MOG2),21,21
2026-07-09 09:46:59.043,691,MOTION DETECTED,Background Subtraction (MOG2),23,23
2026-07-09 09:46:59.086,692,MOTION DETECTED,Background Subtraction (MOG2),24,24
2026-07-09 09:46:59.126,693,MOTION DETECTED,Background Subtraction (MOG2),29,29
2026-07-09 09:46:59.169,694,MOTION DETECTED,Background Subtraction (MOG2),28,28
2026-07-09 09:46:59.202,695,MOTION DETECTED,Background Subtraction (MOG2),24,24
2026-07-09 09:46:59.233,696,MOTION DETECTED,Background Subtraction (MOG2),24,24
2026-07-09 09:46:59.266,697,MOTION DETECTED,Background Subtraction (MOG2),24,24
2026-07-09 09:46:59.302,698,MOTION DETECTED,Background Subtraction (MOG2),26,26
2026-07-09 09:46:59.331,699,MOTION DETECTED,Background Subtraction (MOG2),27,27
2026-07-09 09:46:59.366,700,MOTION DETECTED,Background Subtraction (MOG2),27,27
2026-07-09 09:46:59.400,701,MOTION DETECTED,Background Subtraction (MOG2),28,28
2026-07-09 09:46:59.431,702,MOTION DETECTED,Background Subtraction (MOG2),27,27
2026-07-09 09:46:59.480,703,MOTION DETECTED,Background Subtraction (MOG2),28,28
2026-07-09 09:46:59.518,704,MOTION DETECTED,Background Subtraction (MOG2),28,28
2026-07-09 09:46:59.570,705,MOTION DETECTED,Background Subtraction (MOG2),26,26
2026-07-09 09:46:59.604,706,MOTION DETECTED,Background Subtraction (MOG2),25,25
2026-07-09 09:46:59.636,707,MOTION DETECTED,Background Subtraction (MOG2),24,24
2026-07-09 09:46:59.669,708,MOTION DETECTED,Background Subtraction (MOG2),25,25
2026-07-09 09:46:59.701,709,MOTION DETECTED,Background Subtraction (MOG2),24,24
2026-07-09 09:46:59.735,710,MOTION DETECTED,Background Subtraction (MOG2),25,25
2026-07-09 09:46:59.767,711,MOTION DETECTED,Background Subtraction (MOG2),27,27
2026-07-09 09:46:59.808,712,MOTION DETECTED,Background Subtraction (MOG2),23,23
2026-07-09 09:46:59.848,713,MOTION DETECTED,Background Subtraction (MOG2),25,25
2026-07-09 09:46:59.881,714,MOTION DETECTED,Background Subtraction (MOG2),21,21
2026-07-09 09:46:59.916,715,MOTION DETECTED,Background Subtraction (MOG2),22,22
2026-07-09 09:46:59.964,716,MOTION DETECTED,Background Subtraction (MOG2),24,24
2026-07-09 09:47:00.013,717,MOTION DETECTED,Background Subtraction (MOG2),26,26
2026-07-09 09:47:00.052,718,MOTION DETECTED,Background Subtraction (MOG2),24,24
2026-07-09 09:47:00.083,719,MOTION DETECTED,Background Subtraction (MOG2),24,24
2026-07-09 09:47:00.118,720,MOTION DETECTED,Background Subtraction (MOG2),26,26
2026-07-09 09:47:00.162,721,MOTION DETECTED,Background Subtraction (MOG2),24,24
2026-07-09 09:47:00.213,722,MOTION DETECTED,Background Subtraction (MOG2),21,21
2026-07-09 09:47:00.297,723,MOTION DETECTED,Background Subtraction (MOG2),29,29
2026-07-09 09:47:00.340,724,MOTION DETECTED,Background Subtraction (MOG2),28,28
2026-07-09 09:47:00.380,725,MOTION DETECTED,Background Subtraction (MOG2),31,31
2026-07-09 09:47:00.433,726,MOTION DETECTED,Background Subtraction (MOG2),33,33
2026-07-09 09:47:00.526,727,MOTION DETECTED,Background Subtraction (MOG2),28,28
2026-07-09 09:47:00.579,728,MOTION DETECTED,Background Subtraction (MOG2),29,29
2026-07-09 09:47:00.626,729,MOTION DETECTED,Background Subtraction (MOG2),25,25
2026-07-09 09:47:00.671,730,MOTION DETECTED,Background Subtraction (MOG2),31,31
2026-07-09 09:47:00.715,731,MOTION DETECTED,Background Subtraction (MOG2),32,32
2026-07-09 09:47:00.767,732,MOTION DETECTED,Background Subtraction (MOG2),27,27
2026-07-09 09:47:00.815,733,MOTION DETECTED,Background Subtraction (MOG2),30,30
2026-07-09 09:47:00.871,734,MOTION DETECTED,Background Subtraction (MOG2),27,27
2026-07-09 09:47:00.946,735,MOTION DETECTED,Background Subtraction (MOG2),29,29
2026-07-09 09:47:00.975,736,MOTION DETECTED,Background Subtraction (MOG2),34,34
2026-07-09 09:47:01.017,737,MOTION DETECTED,Background Subtraction (MOG2),37,37
2026-07-09 09:47:01.054,738,MOTION DETECTED,Background Subtraction (MOG2),37,37
2026-07-09 09:47:01.086,739,MOTION DETECTED,Background Subtraction (MOG2),40,40
2026-07-09 09:47:01.120,740,MOTION DETECTED,Background Subtraction (MOG2),37,37
2026-07-09 09:47:01.154,741,MOTION DETECTED,Background Subtraction (MOG2),36,36
2026-07-09 09:47:01.194,742,MOTION DETECTED,Background Subtraction (MOG2),33,33
2026-07-09 09:47:01.243,743,MOTION DETECTED,Background Subtraction (MOG2),33,33
2026-07-09 09:47:01.283,744,MOTION DETECTED,Background Subtraction (MOG2),36,36
2026-07-09 09:47:01.331,745,MOTION DETECTED,Background Subtraction (MOG2),37,37
2026-07-09 09:47:01.368,746,MOTION DETECTED,Background Subtraction (MOG2),34,34
2026-07-09 09:47:01.408,747,MOTION DETECTED,Background Subtraction (MOG2),39,39
2026-07-09 09:47:01.450,748,MOTION DETECTED,Background Subtraction (MOG2),41,41
2026-07-09 09:47:01.505,749,MOTION DETECTED,Background Subtraction (MOG2),36,36
2026-07-09 09:47:01.554,750,MOTION DETECTED,Background Subtraction (MOG2),32,32
2026-07-09 09:47:01.591,751,MOTION DETECTED,Background Subtraction (MOG2),33,33
2026-07-09 09:47:01.633,752,MOTION DETECTED,Background Subtraction (MOG2),36,36
2026-07-09 09:47:01.669,753,MOTION DETECTED,Background Subtraction (MOG2),37,37
2026-07-09 09:47:01.726,754,MOTION DETECTED,Background Subtraction (MOG2),35,35
2026-07-09 09:47:01.776,755,MOTION DETECTED,Background Subtraction (MOG2),40,40
2026-07-09 09:47:01.826,756,MOTION DETECTED,Background Subtraction (MOG2),40,40
2026-07-09 09:47:01.870,757,MOTION DETECTED,Background Subtraction (MOG2),37,37
2026-07-09 09:47:01.919,758,MOTION DETECTED,Background Subtraction (MOG2),35,35
2026-07-09 09:47:01.969,759,MOTION DETECTED,Background Subtraction (MOG2),32,32
2026-07-09 09:47:02.015,760,MOTION DETECTED,Background Subtraction (MOG2),33,33
2026-07-09 09:47:02.082,761,MOTION DETECTED,Background Subtraction (MOG2),41,41
2026-07-09 09:47:02.125,762,MOTION DETECTED,Background Subtraction (MOG2),37,37
2026-07-09 09:47:02.166,763,MOTION DETECTED,Background Subtraction (MOG2),35,35
2026-07-09 09:47:02.209,764,MOTION DETECTED,Background Subtraction (MOG2),43,43
2026-07-09 09:47:02.264,765,MOTION DETECTED,Background Subtraction (MOG2),40,40
2026-07-09 09:47:02.293,766,MOTION DETECTED,Background Subtraction (MOG2),38,38
2026-07-09 09:47:02.356,767,MOTION DETECTED,Background Subtraction (MOG2),39,39
2026-07-09 09:47:02.408,768,MOTION DETECTED,Background Subtraction (MOG2),37,37
2026-07-09 09:47:02.456,769,MOTION DETECTED,Background Subtraction (MOG2),39,39
2026-07-09 09:47:02.493,770,MOTION DETECTED,Background Subtraction (MOG2),34,34
2026-07-09 09:47:02.543,771,MOTION DETECTED,Background Subtraction (MOG2),37,37
2026-07-09 09:47:02.596,772,MOTION DETECTED,Background Subtraction (MOG2),37,37
2026-07-09 09:47:02.646,773,MOTION DETECTED,Background Subtraction (MOG2),40,40
2026-07-09 09:47:02.680,774,MOTION DETECTED,Background Subtraction (MOG2),36,36
2026-07-09 09:47:02.736,775,MOTION DETECTED,Background Subtraction (MOG2),37,37
2026-07-09 09:47:02.797,776,MOTION DETECTED,Background Subtraction (MOG2),35,35
2026-07-09 09:47:02.847,777,MOTION DETECTED,Background Subtraction (MOG2),30,30
2026-07-09 09:47:02.893,778,MOTION DETECTED,Background Subtraction (MOG2),31,31
2026-07-09 09:47:02.937,779,MOTION DETECTED,Background Subtraction (MOG2),29,29
2026-07-09 09:47:02.984,780,MOTION DETECTED,Background Subtraction (MOG2),32,32
2026-07-09 09:47:03.013,781,MOTION DETECTED,Background Subtraction (MOG2),35,35
2026-07-09 09:47:03.066,782,MOTION DETECTED,Background Subtraction (MOG2),35,35
2026-07-09 09:47:03.108,783,MOTION DETECTED,Background Subtraction (MOG2),31,31
2026-07-09 09:47:03.158,784,MOTION DETECTED,Background Subtraction (MOG2),33,33
2026-07-09 09:47:03.209,785,MOTION DETECTED,Background Subtraction (MOG2),30,30
2026-07-09 09:47:03.258,786,MOTION DETECTED,Background Subtraction (MOG2),31,31
2026-07-09 09:47:03.311,787,MOTION DETECTED,Background Subtraction (MOG2),34,34
2026-07-09 09:47:03.359,788,MOTION DETECTED,Background Subtraction (MOG2),33,33
2026-07-09 09:47:03.409,789,MOTION DETECTED,Background Subtraction (MOG2),36,36
2026-07-09 09:47:03.459,790,MOTION DETECTED,Background Subtraction (MOG2),35,35
2026-07-09 09:47:03.542,791,MOTION DETECTED,Background Subtraction (MOG2),29,29
2026-07-09 09:47:03.590,792,MOTION DETECTED,Background Subtraction (MOG2),32,32
2026-07-09 09:47:03.643,793,MOTION DETECTED,Background Subtraction (MOG2),30,30
2026-07-09 09:47:03.677,794,MOTION DETECTED,Background Subtraction (MOG2),28,28
2026-07-09 09:47:03.718,795,MOTION DETECTED,Background Subtraction (MOG2),34,34
2026-07-09 09:47:03.764,796,MOTION DETECTED,Background Subtraction (MOG2),33,33
2026-07-09 09:47:03.816,797,MOTION DETECTED,Background Subtraction (MOG2),34,34
2026-07-09 09:47:03.875,798,MOTION DETECTED,Background Subtraction (MOG2),29,29
2026-07-09 09:47:03.956,799,MOTION DETECTED,Background Subtraction (MOG2),26,26
2026-07-09 09:47:04.002,800,MOTION DETECTED,Background Subtraction (MOG2),26,26
2026-07-09 09:47:04.041,801,MOTION DETECTED,Background Subtraction (MOG2),24,24
2026-07-09 09:47:04.074,802,MOTION DETECTED,Background Subtraction (MOG2),28,28
2026-07-09 09:47:04.111,803,MOTION DETECTED,Background Subtraction (MOG2),28,28
2026-07-09 09:47:04.151,804,MOTION DETECTED,Background Subtraction (MOG2),31,31
2026-07-09 09:47:04.179,805,MOTION DETECTED,Background Subtraction (MOG2),33,33
2026-07-09 09:47:04.225,806,MOTION DETECTED,Background Subtraction (MOG2),33,33
2026-07-09 09:47:04.300,807,MOTION DETECTED,Background Subtraction (MOG2),32,32
2026-07-09 09:47:04.331,808,MOTION DETECTED,Background Subtraction (MOG2),33,33
2026-07-09 09:47:04.376,809,MOTION DETECTED,Background Subtraction (MOG2),34,34
2026-07-09 09:47:04.412,810,MOTION DETECTED,Background Subtraction (MOG2),35,35
2026-07-09 09:47:04.450,811,MOTION DETECTED,Background Subtraction (MOG2),35,35
2026-07-09 09:47:04.477,812,MOTION DETECTED,Background Subtraction (MOG2),32,32
2026-07-09 09:47:04.517,813,MOTION DETECTED,Background Subtraction (MOG2),31,31
2026-07-09 09:47:04.565,814,MOTION DETECTED,Background Subtraction (MOG2),27,27
2026-07-09 09:47:04.632,815,MOTION DETECTED,Background Subtraction (MOG2),24,24
2026-07-09 09:47:04.665,816,MOTION DETECTED,Background Subtraction (MOG2),29,29
2026-07-09 09:47:04.709,817,MOTION DETECTED,Background Subtraction (MOG2),29,29
2026-07-09 09:47:04.750,818,MOTION DETECTED,Background Subtraction (MOG2),31,31
2026-07-09 09:47:04.818,819,MOTION DETECTED,Background Subtraction (MOG2),29,29
2026-07-09 09:47:04.860,820,MOTION DETECTED,Background Subtraction (MOG2),33,33
2026-07-09 09:47:04.897,821,MOTION DETECTED,Background Subtraction (MOG2),29,29
2026-07-09 09:47:04.927,822,MOTION DETECTED,Background Subtraction (MOG2),24,24
2026-07-09 09:47:04.962,823,MOTION DETECTED,Background Subtraction (MOG2),27,27
2026-07-09 09:47:05.009,824,MOTION DETECTED,Background Subtraction (MOG2),27,27
2026-07-09 09:47:05.048,825,MOTION DETECTED,Background Subtraction (MOG2),27,27
2026-07-09 09:47:05.081,826,MOTION DETECTED,Background Subtraction (MOG2),28,28
2026-07-09 09:47:05.158,827,MOTION DETECTED,Background Subtraction (MOG2),28,28
2026-07-09 09:47:05.201,828,MOTION DETECTED,Background Subtraction (MOG2),25,25
2026-07-09 09:47:05.245,829,MOTION DETECTED,Background Subtraction (MOG2),20,20
2026-07-09 09:47:05.287,830,MOTION DETECTED,Background Subtraction (MOG2),19,19
2026-07-09 09:47:05.356,831,MOTION DETECTED,Background Subtraction (MOG2),19,19
2026-07-09 09:47:05.398,832,MOTION DETECTED,Background Subtraction (MOG2),19,19
2026-07-09 09:47:05.442,833,MOTION DETECTED,Background Subtraction (MOG2),18,18
2026-07-09 09:47:05.488,834,MOTION DETECTED,Background Subtraction (MOG2),18,18
2026-07-09 09:47:05.557,835,MOTION DETECTED,Background Subtraction (MOG2),17,17
2026-07-09 09:47:05.607,836,MOTION DETECTED,Background Subtraction (MOG2),19,19
2026-07-09 09:47:05.650,837,MOTION DETECTED,Background Subtraction (MOG2),17,17
2026-07-09 09:47:05.694,838,MOTION DETECTED,Background Subtraction (MOG2),13,13
2026-07-09 09:47:05.742,839,MOTION DETECTED,Background Subtraction (MOG2),13,13
2026-07-09 09:47:05.778,840,MOTION DETECTED,Background Subtraction (MOG2),13,13
2026-07-09 09:47:05.816,841,MOTION DETECTED,Background Subtraction (MOG2),19,19
2026-07-09 09:47:05.848,842,MOTION DETECTED,Background Subtraction (MOG2),19,19
2026-07-09 09:47:05.884,843,MOTION DETECTED,Background Subtraction (MOG2),17,17
2026-07-09 09:47:05.918,844,MOTION DETECTED,Background Subtraction (MOG2),12,12
2026-07-09 09:47:05.961,845,MOTION DETECTED,Background Subtraction (MOG2),14,14
2026-07-09 09:47:06.001,846,MOTION DETECTED,Background Subtraction (MOG2),13,13
2026-07-09 09:47:06.059,847,MOTION DETECTED,Background Subtraction (MOG2),12,12
2026-07-09 09:47:06.105,848,MOTION DETECTED,Background Subtraction (MOG2),12,12
2026-07-09 09:47:06.147,849,MOTION DETECTED,Background Subtraction (MOG2),12,12
2026-07-09 09:47:06.194,850,MOTION DETECTED,Background Subtraction (MOG2),16,16
2026-07-09 09:47:06.242,851,MOTION DETECTED,Background Subtraction (MOG2),17,17
2026-07-09 09:47:06.276,852,MOTION DETECTED,Background Subtraction (MOG2),14,14
2026-07-09 09:47:06.316,853,MOTION DETECTED,Background Subtraction (MOG2),16,16
2026-07-09 09:47:06.364,854,MOTION DETECTED,Background Subtraction (MOG2),19,19
2026-07-09 09:47:06.398,855,MOTION DETECTED,Background Subtraction (MOG2),19,19
2026-07-09 09:47:06.436,856,MOTION DETECTED,Background Subtraction (MOG2),17,17
2026-07-09 09:47:06.468,857,MOTION DETECTED,Background Subtraction (MOG2),17,17
2026-07-09 09:47:06.500,858,MOTION DETECTED,Background Subtraction (MOG2),18,18
2026-07-09 09:47:06.552,859,MOTION DETECTED,Background Subtraction (MOG2),18,18
2026-07-09 09:47:06.591,860,MOTION DETECTED,Background Subtraction (MOG2),17,17
2026-07-09 09:47:06.631,861,MOTION DETECTED,Background Subtraction (MOG2),18,18
2026-07-09 09:47:06.659,862,MOTION DETECTED,Background Subtraction (MOG2),15,15
2026-07-09 09:47:06.696,863,MOTION DETECTED,Background Subtraction (MOG2),12,12
2026-07-09 09:47:06.743,864,MOTION DETECTED,Background Subtraction (MOG2),12,12
2026-07-09 09:47:06.785,865,MOTION DETECTED,Background Subtraction (MOG2),14,14
2026-07-09 09:47:06.818,866,MOTION DETECTED,Background Subtraction (MOG2),10,10
2026-07-09 09:47:06.850,867,MOTION DETECTED,Background Subtraction (MOG2),10,10
2026-07-09 09:47:06.876,868,MOTION DETECTED,Background Subtraction (MOG2),12,12
2026-07-09 09:47:06.916,869,MOTION DETECTED,Background Subtraction (MOG2),10,10
2026-07-09 09:47:06.958,870,MOTION DETECTED,Background Subtraction (MOG2),12,12
2026-07-09 09:47:07.017,871,MOTION DETECTED,Background Subtraction (MOG2),11,11
2026-07-09 09:47:07.067,872,MOTION DETECTED,Background Subtraction (MOG2),12,12
2026-07-09 09:47:07.114,873,MOTION DETECTED,Background Subtraction (MOG2),12,12
2026-07-09 09:47:07.151,874,MOTION DETECTED,Background Subtraction (MOG2),10,10
2026-07-09 09:47:07.187,875,MOTION DETECTED,Background Subtraction (MOG2),9,9
2026-07-09 09:47:07.215,876,MOTION DETECTED,Background Subtraction (MOG2),7,7
2026-07-09 09:47:07.267,877,MOTION DETECTED,Background Subtraction (MOG2),8,8
2026-07-09 09:47:07.315,878,MOTION DETECTED,Background Subtraction (MOG2),9,9
2026-07-09 09:47:07.379,879,MOTION DETECTED,Background Subtraction (MOG2),8,8
2026-07-09 09:47:07.412,880,MOTION DETECTED,Background Subtraction (MOG2),9,9
2026-07-09 09:47:07.445,881,MOTION DETECTED,Background Subtraction (MOG2),11,11
2026-07-09 09:47:07.483,882,MOTION DETECTED,Background Subtraction (MOG2),9,9
2026-07-09 09:47:07.562,883,MOTION DETECTED,Background Subtraction (MOG2),7,7
2026-07-09 09:47:07.611,884,MOTION DETECTED,Background Subtraction (MOG2),7,7
2026-07-09 09:47:07.643,885,MOTION DETECTED,Background Subtraction (MOG2),9,9
2026-07-09 09:47:07.676,886,MOTION DETECTED,Background Subtraction (MOG2),9,9
2026-07-09 09:47:07.743,887,MOTION DETECTED,Background Subtraction (MOG2),9,9
2026-07-09 09:47:07.791,888,MOTION DETECTED,Background Subtraction (MOG2),9,9
2026-07-09 09:47:07.826,889,MOTION DETECTED,Background Subtraction (MOG2),7,7
2026-07-09 09:47:07.863,890,MOTION DETECTED,Background Subtraction (MOG2),7,7
2026-07-09 09:47:07.942,891,MOTION DETECTED,Background Subtraction (MOG2),7,7
2026-07-09 09:47:07.979,892,MOTION DETECTED,Background Subtraction (MOG2),8,8
2026-07-09 09:47:08.009,893,MOTION DETECTED,Background Subtraction (MOG2),9,9
2026-07-09 09:47:08.051,894,MOTION DETECTED,Background Subtraction (MOG2),11,11
2026-07-09 09:47:08.092,895,MOTION DETECTED,Background Subtraction (MOG2),10,10
2026-07-09 09:47:08.132,896,MOTION DETECTED,Background Subtraction (MOG2),11,11
2026-07-09 09:47:08.177,897,MOTION DETECTED,Background Subtraction (MOG2),9,9
2026-07-09 10:06:05.772,1,NO MOTION,Background Subtraction (MOG2),0,0
2026-07-09 10:06:05.852,2,NO MOTION,Background Subtraction (MOG2),0,0
2026-07-09 10:06:05.884,3,NO MOTION,Background Subtraction (MOG2),10,0
2026-07-09 10:06:05.971,4,MOTION DETECTED,Background Subtraction (MOG2),21,3
2026-07-09 10:06:06.020,5,MOTION DETECTED,Background Subtraction (MOG2),19,11
2026-07-09 10:06:06.072,6,MOTION DETECTED,Background Subtraction (MOG2),21,18
2026-07-09 10:06:06.124,7,MOTION DETECTED,Background Subtraction (MOG2),25,19
2026-07-09 10:06:06.172,8,MOTION DETECTED,Background Subtraction (MOG2),23,19
2026-07-09 10:06:06.227,9,MOTION DETECTED,Background Subtraction (MOG2),28,23
2026-07-09 10:06:06.283,10,MOTION DETECTED,Background Subtraction (MOG2),30,27
2026-07-09 10:06:06.335,11,MOTION DETECTED,Background Subtraction (MOG2),33,30
2026-07-09 10:06:06.393,12,MOTION DETECTED,Background Subtraction (MOG2),38,32
2026-07-09 10:06:06.458,13,MOTION DETECTED,Background Subtraction (MOG2),40,37
2026-07-09 10:06:06.523,14,MOTION DETECTED,Background Subtraction (MOG2),39,36
2026-07-09 10:06:06.578,15,MOTION DETECTED,Background Subtraction (MOG2),43,40
2026-07-09 10:06:06.644,16,MOTION DETECTED,Background Subtraction (MOG2),39,37
2026-07-09 10:06:06.705,17,MOTION DETECTED,Background Subtraction (MOG2),37,34
2026-07-09 10:06:06.769,18,MOTION DETECTED,Background Subtraction (MOG2),30,27
2026-07-09 10:06:06.830,19,MOTION DETECTED,Background Subtraction (MOG2),32,28
2026-07-09 10:06:06.893,20,MOTION DETECTED,Background Subtraction (MOG2),30,28
2026-07-09 10:06:06.956,21,MOTION DETECTED,Background Subtraction (MOG2),32,30
2026-07-09 10:06:07.012,22,MOTION DETECTED,Background Subtraction (MOG2),36,28
2026-07-09 10:06:07.066,23,MOTION DETECTED,Background Subtraction (MOG2),37,33
2026-07-09 10:06:07.115,24,MOTION DETECTED,Background Subtraction (MOG2),34,30
2026-07-09 10:06:07.167,25,MOTION DETECTED,Background Subtraction (MOG2),34,29
2026-07-09 10:06:07.221,26,MOTION DETECTED,Background Subtraction (MOG2),36,30
2026-07-09 10:06:07.305,27,MOTION DETECTED,Background Subtraction (MOG2),31,30
2026-07-09 10:06:07.370,28,MOTION DETECTED,Background Subtraction (MOG2),33,27
2026-07-09 10:06:07.435,29,MOTION DETECTED,Background Subtraction (MOG2),35,32
2026-07-09 10:06:07.491,30,MOTION DETECTED,Background Subtraction (MOG2),38,32
2026-07-09 10:06:07.557,31,MOTION DETECTED,Background Subtraction (MOG2),34,32
2026-07-09 10:06:07.614,32,MOTION DETECTED,Background Subtraction (MOG2),31,29
2026-07-09 10:06:07.663,33,MOTION DETECTED,Background Subtraction (MOG2),27,26
2026-07-09 10:06:07.733,34,MOTION DETECTED,Background Subtraction (MOG2),32,27
2026-07-09 10:06:07.782,35,MOTION DETECTED,Background Subtraction (MOG2),28,26
2026-07-09 10:06:07.832,36,MOTION DETECTED,Background Subtraction (MOG2),26,21
2026-07-09 10:06:07.898,37,MOTION DETECTED,Background Subtraction (MOG2),25,22
2026-07-09 10:06:07.953,38,MOTION DETECTED,Background Subtraction (MOG2),21,19
2026-07-09 10:06:08.003,39,MOTION DETECTED,Background Subtraction (MOG2),19,18
2026-07-09 10:06:08.056,40,MOTION DETECTED,Background Subtraction (MOG2),20,16
2026-07-09 10:06:08.104,41,MOTION DETECTED,Background Subtraction (MOG2),22,16
2026-07-09 10:06:08.149,42,MOTION DETECTED,Background Subtraction (MOG2),20,20
2026-07-09 10:06:08.199,43,MOTION DETECTED,Background Subtraction (MOG2),17,17
2026-07-09 10:06:08.247,44,MOTION DETECTED,Background Subtraction (MOG2),17,17
2026-07-09 10:06:08.299,45,MOTION DETECTED,Background Subtraction (MOG2),18,17
2026-07-09 10:06:08.343,46,MOTION DETECTED,Background Subtraction (MOG2),22,17
2026-07-09 10:06:08.391,47,MOTION DETECTED,Background Subtraction (MOG2),24,20
2026-07-09 10:06:08.440,48,MOTION DETECTED,Background Subtraction (MOG2),23,21
2026-07-09 10:06:08.476,49,MOTION DETECTED,Background Subtraction (MOG2),23,19
2026-07-09 10:06:08.508,50,MOTION DETECTED,Background Subtraction (MOG2),29,23
2026-07-09 10:06:08.542,51,MOTION DETECTED,Background Subtraction (MOG2),26,26
2026-07-09 10:06:08.591,52,MOTION DETECTED,Background Subtraction (MOG2),31,25
2026-07-09 10:06:08.637,53,MOTION DETECTED,Background Subtraction (MOG2),31,28
2026-07-09 10:06:08.670,54,MOTION DETECTED,Background Subtraction (MOG2),31,25
2026-07-09 10:06:08.711,55,MOTION DETECTED,Background Subtraction (MOG2),30,29
2026-07-09 10:06:08.748,56,MOTION DETECTED,Background Subtraction (MOG2),30,27
2026-07-09 10:06:08.791,57,MOTION DETECTED,Background Subtraction (MOG2),30,25
2026-07-09 10:06:08.819,58,MOTION DETECTED,Background Subtraction (MOG2),28,25
2026-07-09 10:06:08.872,59,MOTION DETECTED,Background Subtraction (MOG2),31,30
2026-07-09 10:06:08.907,60,MOTION DETECTED,Background Subtraction (MOG2),30,25
2026-07-09 10:06:08.962,61,MOTION DETECTED,Background Subtraction (MOG2),34,29
2026-07-09 10:06:09.007,62,MOTION DETECTED,Background Subtraction (MOG2),35,29
2026-07-09 10:06:09.053,63,MOTION DETECTED,Background Subtraction (MOG2),32,29
2026-07-09 10:06:09.095,64,MOTION DETECTED,Background Subtraction (MOG2),30,27
2026-07-09 10:06:09.139,65,MOTION DETECTED,Background Subtraction (MOG2),26,24
2026-07-09 10:06:09.179,66,MOTION DETECTED,Background Subtraction (MOG2),25,22
2026-07-09 10:06:09.230,67,MOTION DETECTED,Background Subtraction (MOG2),25,23
2026-07-09 10:06:09.274,68,MOTION DETECTED,Background Subtraction (MOG2),27,23
2026-07-09 10:06:09.325,69,MOTION DETECTED,Background Subtraction (MOG2),26,26
2026-07-09 10:06:09.362,70,MOTION DETECTED,Background Subtraction (MOG2),27,26
2026-07-09 10:06:09.405,71,MOTION DETECTED,Background Subtraction (MOG2),30,29
2026-07-09 10:06:09.446,72,MOTION DETECTED,Background Subtraction (MOG2),30,28
2026-07-09 10:06:09.499,73,MOTION DETECTED,Background Subtraction (MOG2),33,29
2026-07-09 10:06:09.548,74,MOTION DETECTED,Background Subtraction (MOG2),39,32
2026-07-09 10:06:09.588,75,MOTION DETECTED,Background Subtraction (MOG2),40,36
2026-07-09 10:06:09.632,76,MOTION DETECTED,Background Subtraction (MOG2),35,32
2026-07-09 10:06:09.667,77,MOTION DETECTED,Background Subtraction (MOG2),32,30
2026-07-09 10:06:09.712,78,MOTION DETECTED,Background Subtraction (MOG2),32,26
2026-07-09 10:06:09.749,79,MOTION DETECTED,Background Subtraction (MOG2),32,28
2026-07-09 10:06:09.795,80,MOTION DETECTED,Background Subtraction (MOG2),33,29
2026-07-09 10:06:09.841,81,MOTION DETECTED,Background Subtraction (MOG2),36,29
2026-07-09 10:06:09.886,82,MOTION DETECTED,Background Subtraction (MOG2),41,35
2026-07-09 10:06:09.932,83,MOTION DETECTED,Background Subtraction (MOG2),43,38
2026-07-09 10:06:09.974,84,MOTION DETECTED,Background Subtraction (MOG2),40,40
2026-07-09 10:06:10.030,85,MOTION DETECTED,Background Subtraction (MOG2),43,38
2026-07-09 10:06:10.069,86,MOTION DETECTED,Background Subtraction (MOG2),38,35
2026-07-09 10:06:10.117,87,MOTION DETECTED,Background Subtraction (MOG2),41,37
2026-07-09 10:06:10.175,88,MOTION DETECTED,Background Subtraction (MOG2),42,39
2026-07-09 10:06:10.217,89,MOTION DETECTED,Background Subtraction (MOG2),34,32
2026-07-09 10:06:10.259,90,MOTION DETECTED,Background Subtraction (MOG2),34,31
2026-07-09 10:06:10.308,91,MOTION DETECTED,Background Subtraction (MOG2),35,30
2026-07-09 10:06:10.354,92,MOTION DETECTED,Background Subtraction (MOG2),44,40
2026-07-09 10:06:10.394,93,MOTION DETECTED,Background Subtraction (MOG2),45,41
2026-07-09 10:06:10.443,94,MOTION DETECTED,Background Subtraction (MOG2),43,40
2026-07-09 10:06:10.482,95,MOTION DETECTED,Background Subtraction (MOG2),41,40
2026-07-09 10:06:10.519,96,MOTION DETECTED,Background Subtraction (MOG2),40,37
2026-07-09 10:06:10.567,97,MOTION DETECTED,Background Subtraction (MOG2),46,38
2026-07-09 10:06:10.615,98,MOTION DETECTED,Background Subtraction (MOG2),42,40
2026-07-09 10:06:10.671,99,MOTION DETECTED,Background Subtraction (MOG2),45,43
2026-07-09 10:06:10.719,100,MOTION DETECTED,Background Subtraction (MOG2),41,34
2026-07-09 10:06:10.767,101,MOTION DETECTED,Background Subtraction (MOG2),38,35
2026-07-09 10:06:10.814,102,MOTION DETECTED,Background Subtraction (MOG2),38,32
2026-07-09 10:06:10.855,103,MOTION DETECTED,Background Subtraction (MOG2),33,31
2026-07-09 10:06:10.898,104,MOTION DETECTED,Background Subtraction (MOG2),32,30
2026-07-09 10:06:10.945,105,MOTION DETECTED,Background Subtraction (MOG2),33,30
2026-07-09 10:06:10.999,106,MOTION DETECTED,Background Subtraction (MOG2),34,32
2026-07-09 10:06:11.041,107,MOTION DETECTED,Background Subtraction (MOG2),36,33
2026-07-09 10:06:11.099,108,MOTION DETECTED,Background Subtraction (MOG2),44,32
2026-07-09 10:06:11.141,109,MOTION DETECTED,Background Subtraction (MOG2),44,36
2026-07-09 10:06:11.191,110,MOTION DETECTED,Background Subtraction (MOG2),44,39
2026-07-09 10:06:11.241,111,MOTION DETECTED,Background Subtraction (MOG2),47,41
2026-07-09 10:06:11.293,112,MOTION DETECTED,Background Subtraction (MOG2),45,40
2026-07-09 10:06:11.344,113,MOTION DETECTED,Background Subtraction (MOG2),47,44
2026-07-09 10:06:11.399,114,MOTION DETECTED,Background Subtraction (MOG2),46,39
2026-07-09 10:06:11.441,115,MOTION DETECTED,Background Subtraction (MOG2),43,40
2026-07-09 10:06:11.501,116,MOTION DETECTED,Background Subtraction (MOG2),48,40
2026-07-09 10:06:11.550,117,MOTION DETECTED,Background Subtraction (MOG2),48,43
2026-07-09 10:06:11.601,118,MOTION DETECTED,Background Subtraction (MOG2),41,36
2026-07-09 10:06:11.650,119,MOTION DETECTED,Background Subtraction (MOG2),48,42
2026-07-09 10:06:11.701,120,MOTION DETECTED,Background Subtraction (MOG2),40,38
2026-07-09 10:06:11.749,121,MOTION DETECTED,Background Subtraction (MOG2),41,35
2026-07-09 10:06:11.802,122,MOTION DETECTED,Background Subtraction (MOG2),43,40
2026-07-09 10:06:11.851,123,MOTION DETECTED,Background Subtraction (MOG2),42,40
2026-07-09 10:06:11.900,124,MOTION DETECTED,Background Subtraction (MOG2),40,37
2026-07-09 10:06:11.972,125,MOTION DETECTED,Background Subtraction (MOG2),43,41
2026-07-09 10:06:12.019,126,MOTION DETECTED,Background Subtraction (MOG2),40,37
2026-07-09 10:06:12.079,127,MOTION DETECTED,Background Subtraction (MOG2),36,34
2026-07-09 10:06:12.117,128,MOTION DETECTED,Background Subtraction (MOG2),36,33
2026-07-09 10:06:12.159,129,MOTION DETECTED,Background Subtraction (MOG2),37,34
2026-07-09 10:06:12.210,130,MOTION DETECTED,Background Subtraction (MOG2),35,34
2026-07-09 10:06:12.254,131,MOTION DETECTED,Background Subtraction (MOG2),34,29
2026-07-09 10:06:12.296,132,MOTION DETECTED,Background Subtraction (MOG2),33,32
2026-07-09 10:06:12.341,133,MOTION DETECTED,Background Subtraction (MOG2),34,30
2026-07-09 10:06:12.384,134,MOTION DETECTED,Background Subtraction (MOG2),38,33
2026-07-09 10:06:12.440,135,MOTION DETECTED,Background Subtraction (MOG2),38,34
2026-07-09 10:06:12.484,136,MOTION DETECTED,Background Subtraction (MOG2),39,35
2026-07-09 10:06:12.517,137,MOTION DETECTED,Background Subtraction (MOG2),43,37
2026-07-09 10:06:12.572,138,MOTION DETECTED,Background Subtraction (MOG2),43,39
2026-07-09 10:06:12.621,139,MOTION DETECTED,Background Subtraction (MOG2),38,37
2026-07-09 10:06:12.677,140,MOTION DETECTED,Background Subtraction (MOG2),43,34
2026-07-09 10:06:12.725,141,MOTION DETECTED,Background Subtraction (MOG2),40,37
2026-07-09 10:06:12.769,142,MOTION DETECTED,Background Subtraction (MOG2),44,39
2026-07-09 10:06:12.804,143,MOTION DETECTED,Background Subtraction (MOG2),44,41
2026-07-09 10:06:12.850,144,MOTION DETECTED,Background Subtraction (MOG2),43,39
2026-07-09 10:06:12.901,145,MOTION DETECTED,Background Subtraction (MOG2),42,38
2026-07-09 10:06:12.956,146,MOTION DETECTED,Background Subtraction (MOG2),43,40
2026-07-09 10:06:12.995,147,MOTION DETECTED,Background Subtraction (MOG2),40,39
2026-07-09 10:06:13.031,148,MOTION DETECTED,Background Subtraction (MOG2),42,39
2026-07-09 10:06:13.069,149,MOTION DETECTED,Background Subtraction (MOG2),41,38
2026-07-09 10:06:13.119,150,MOTION DETECTED,Background Subtraction (MOG2),42,38
2026-07-09 10:06:13.160,151,MOTION DETECTED,Background Subtraction (MOG2),41,35
2026-07-09 10:06:13.209,152,MOTION DETECTED,Background Subtraction (MOG2),43,37
2026-07-09 10:06:13.265,153,MOTION DETECTED,Background Subtraction (MOG2),47,39
2026-07-09 10:06:13.334,154,MOTION DETECTED,Background Subtraction (MOG2),44,37
2026-07-09 10:06:13.380,155,MOTION DETECTED,Background Subtraction (MOG2),43,41
2026-07-09 10:06:13.426,156,MOTION DETECTED,Background Subtraction (MOG2),41,39
2026-07-09 10:06:13.464,157,MOTION DETECTED,Background Subtraction (MOG2),47,40
2026-07-09 10:06:13.516,158,MOTION DETECTED,Background Subtraction (MOG2),47,42
2026-07-09 10:06:13.563,159,MOTION DETECTED,Background Subtraction (MOG2),44,42
2026-07-09 10:06:13.606,160,MOTION DETECTED,Background Subtraction (MOG2),43,42
2026-07-09 10:06:13.664,161,MOTION DETECTED,Background Subtraction (MOG2),46,40
2026-07-09 10:06:13.711,162,MOTION DETECTED,Background Subtraction (MOG2),45,45
2026-07-09 10:06:13.756,163,MOTION DETECTED,Background Subtraction (MOG2),44,40
2026-07-09 10:06:13.791,164,MOTION DETECTED,Background Subtraction (MOG2),46,43
2026-07-09 10:06:13.842,165,MOTION DETECTED,Background Subtraction (MOG2),46,41
2026-07-09 10:06:13.895,166,MOTION DETECTED,Background Subtraction (MOG2),46,44
2026-07-09 10:06:13.941,167,MOTION DETECTED,Background Subtraction (MOG2),46,43
2026-07-09 10:06:13.991,168,MOTION DETECTED,Background Subtraction (MOG2),45,43
2026-07-09 10:06:14.033,169,MOTION DETECTED,Background Subtraction (MOG2),46,42
2026-07-09 10:06:14.081,170,MOTION DETECTED,Background Subtraction (MOG2),39,38
2026-07-09 10:06:14.129,171,MOTION DETECTED,Background Subtraction (MOG2),38,38
2026-07-09 10:06:14.166,172,MOTION DETECTED,Background Subtraction (MOG2),42,38
2026-07-09 10:06:14.216,173,MOTION DETECTED,Background Subtraction (MOG2),39,36
2026-07-09 10:06:14.260,174,MOTION DETECTED,Background Subtraction (MOG2),37,35
2026-07-09 10:06:14.307,175,MOTION DETECTED,Background Subtraction (MOG2),40,35
2026-07-09 10:06:14.353,176,MOTION DETECTED,Background Subtraction (MOG2),41,39
2026-07-09 10:06:14.391,177,MOTION DETECTED,Background Subtraction (MOG2),40,36
2026-07-09 10:06:14.448,178,MOTION DETECTED,Background Subtraction (MOG2),44,40
2026-07-09 10:06:14.494,179,MOTION DETECTED,Background Subtraction (MOG2),42,41
2026-07-09 10:06:14.541,180,MOTION DETECTED,Background Subtraction (MOG2),36,35
2026-07-09 10:06:14.596,181,MOTION DETECTED,Background Subtraction (MOG2),44,39
2026-07-09 10:06:14.646,182,MOTION DETECTED,Background Subtraction (MOG2),45,44
2026-07-09 10:06:14.706,183,MOTION DETECTED,Background Subtraction (MOG2),44,40
2026-07-09 10:06:14.741,184,MOTION DETECTED,Background Subtraction (MOG2),41,38
2026-07-09 10:06:14.799,185,MOTION DETECTED,Background Subtraction (MOG2),40,36
2026-07-09 10:06:14.850,186,MOTION DETECTED,Background Subtraction (MOG2),41,37
2026-07-09 10:06:14.899,187,MOTION DETECTED,Background Subtraction (MOG2),41,37
2026-07-09 10:06:14.948,188,MOTION DETECTED,Background Subtraction (MOG2),38,36
2026-07-09 10:06:14.994,189,MOTION DETECTED,Background Subtraction (MOG2),38,36
2026-07-09 10:06:15.042,190,MOTION DETECTED,Background Subtraction (MOG2),38,34
2026-07-09 10:06:15.084,191,MOTION DETECTED,Background Subtraction (MOG2),37,35
2026-07-09 10:06:15.132,192,MOTION DETECTED,Background Subtraction (MOG2),37,37
2026-07-09 10:06:15.171,193,MOTION DETECTED,Background Subtraction (MOG2),36,34
2026-07-09 10:06:15.226,194,MOTION DETECTED,Background Subtraction (MOG2),34,32
2026-07-09 10:06:15.265,195,MOTION DETECTED,Background Subtraction (MOG2),30,28
2026-07-09 10:06:15.308,196,MOTION DETECTED,Background Subtraction (MOG2),32,30
2026-07-09 10:06:15.349,197,MOTION DETECTED,Background Subtraction (MOG2),38,31
2026-07-09 10:06:15.390,198,MOTION DETECTED,Background Subtraction (MOG2),40,35
2026-07-09 10:06:15.441,199,MOTION DETECTED,Background Subtraction (MOG2),37,35
2026-07-09 10:06:15.499,200,MOTION DETECTED,Background Subtraction (MOG2),34,33
2026-07-09 10:06:15.541,201,MOTION DETECTED,Background Subtraction (MOG2),33,32
2026-07-09 10:06:15.597,202,MOTION DETECTED,Background Subtraction (MOG2),37,30
2026-07-09 10:06:15.649,203,MOTION DETECTED,Background Subtraction (MOG2),39,36
2026-07-09 10:06:15.685,204,MOTION DETECTED,Background Subtraction (MOG2),40,33
2026-07-09 10:06:15.734,205,MOTION DETECTED,Background Subtraction (MOG2),41,39
2026-07-09 10:06:15.782,206,MOTION DETECTED,Background Subtraction (MOG2),41,38
2026-07-09 10:06:15.836,207,MOTION DETECTED,Background Subtraction (MOG2),42,39
2026-07-09 10:06:15.873,208,MOTION DETECTED,Background Subtraction (MOG2),43,38
2026-07-09 10:06:15.922,209,MOTION DETECTED,Background Subtraction (MOG2),39,37
2026-07-09 10:06:15.981,210,MOTION DETECTED,Background Subtraction (MOG2),34,33
2026-07-09 10:06:16.020,211,MOTION DETECTED,Background Subtraction (MOG2),36,34
2026-07-09 10:06:16.076,212,MOTION DETECTED,Background Subtraction (MOG2),34,33
2026-07-09 10:06:16.116,213,MOTION DETECTED,Background Subtraction (MOG2),35,32
2026-07-09 10:06:16.164,214,MOTION DETECTED,Background Subtraction (MOG2),33,32
2026-07-09 10:06:16.204,215,MOTION DETECTED,Background Subtraction (MOG2),37,36
2026-07-09 10:06:16.256,216,MOTION DETECTED,Background Subtraction (MOG2),34,32
2026-07-09 10:06:16.301,217,MOTION DETECTED,Background Subtraction (MOG2),33,31
2026-07-09 10:06:16.357,218,MOTION DETECTED,Background Subtraction (MOG2),32,31
2026-07-09 10:06:16.397,219,MOTION DETECTED,Background Subtraction (MOG2),31,30
2026-07-09 10:06:16.434,220,MOTION DETECTED,Background Subtraction (MOG2),32,28
2026-07-09 10:06:16.476,221,MOTION DETECTED,Background Subtraction (MOG2),36,31
2026-07-09 10:06:16.523,222,MOTION DETECTED,Background Subtraction (MOG2),37,35
2026-07-09 10:06:16.565,223,MOTION DETECTED,Background Subtraction (MOG2),38,31
2026-07-09 10:06:16.615,224,MOTION DETECTED,Background Subtraction (MOG2),38,37
2026-07-09 10:06:16.656,225,MOTION DETECTED,Background Subtraction (MOG2),38,35
2026-07-09 10:06:16.709,226,MOTION DETECTED,Background Subtraction (MOG2),37,35
2026-07-09 10:06:16.750,227,MOTION DETECTED,Background Subtraction (MOG2),38,34
2026-07-09 10:06:16.795,228,MOTION DETECTED,Background Subtraction (MOG2),34,33
2026-07-09 10:06:16.833,229,MOTION DETECTED,Background Subtraction (MOG2),28,26
2026-07-09 10:06:16.872,230,MOTION DETECTED,Background Subtraction (MOG2),26,25
2026-07-09 10:06:16.904,231,MOTION DETECTED,Background Subtraction (MOG2),22,19
2026-07-09 10:06:16.956,232,MOTION DETECTED,Background Subtraction (MOG2),19,17
2026-07-09 10:06:17.010,233,MOTION DETECTED,Background Subtraction (MOG2),21,19
2026-07-09 10:06:17.049,234,MOTION DETECTED,Background Subtraction (MOG2),19,16
2026-07-09 10:06:17.091,235,MOTION DETECTED,Background Subtraction (MOG2),16,15
2026-07-09 10:06:17.136,236,MOTION DETECTED,Background Subtraction (MOG2),15,15
2026-07-09 10:06:17.176,237,MOTION DETECTED,Background Subtraction (MOG2),15,13
2026-07-09 10:06:17.217,238,MOTION DETECTED,Background Subtraction (MOG2),16,13
2026-07-09 10:06:17.250,239,MOTION DETECTED,Background Subtraction (MOG2),13,11
2026-07-09 10:06:17.286,240,MOTION DETECTED,Background Subtraction (MOG2),14,13
2026-07-09 10:06:17.322,241,MOTION DETECTED,Background Subtraction (MOG2),14,13
2026-07-09 10:06:17.368,242,MOTION DETECTED,Background Subtraction (MOG2),15,14
2026-07-09 10:06:17.432,243,MOTION DETECTED,Background Subtraction (MOG2),12,11
2026-07-09 10:06:17.467,244,MOTION DETECTED,Background Subtraction (MOG2),12,11
2026-07-09 10:06:17.500,245,MOTION DETECTED,Background Subtraction (MOG2),10,10
2026-07-09 10:06:17.541,246,MOTION DETECTED,Background Subtraction (MOG2),7,7
2026-07-09 10:06:17.571,247,MOTION DETECTED,Background Subtraction (MOG2),7,7
2026-07-09 10:06:17.622,248,MOTION DETECTED,Background Subtraction (MOG2),8,7
2026-07-09 10:06:17.668,249,MOTION DETECTED,Background Subtraction (MOG2),8,8
2026-07-09 10:06:17.706,250,MOTION DETECTED,Background Subtraction (MOG2),9,8
2026-07-09 10:06:17.741,251,MOTION DETECTED,Background Subtraction (MOG2),10,8
2026-07-09 10:06:17.773,252,MOTION DETECTED,Background Subtraction (MOG2),11,10
2026-07-09 10:06:17.807,253,MOTION DETECTED,Background Subtraction (MOG2),12,10
2026-07-09 10:06:17.858,254,MOTION DETECTED,Background Subtraction (MOG2),11,10
2026-07-09 10:06:17.909,255,MOTION DETECTED,Background Subtraction (MOG2),11,10
2026-07-09 10:06:17.958,256,MOTION DETECTED,Background Subtraction (MOG2),8,8
2026-07-09 10:06:17.997,257,MOTION DETECTED,Background Subtraction (MOG2),11,10
2026-07-09 10:06:18.042,258,MOTION DETECTED,Background Subtraction (MOG2),12,10
2026-07-09 10:06:18.075,259,MOTION DETECTED,Background Subtraction (MOG2),11,11
2026-07-09 10:06:18.105,260,MOTION DETECTED,Background Subtraction (MOG2),12,11
2026-07-09 10:06:18.142,261,MOTION DETECTED,Background Subtraction (MOG2),11,10
2026-07-09 10:06:18.181,262,MOTION DETECTED,Background Subtraction (MOG2),14,11
2026-07-09 10:06:18.207,263,MOTION DETECTED,Background Subtraction (MOG2),13,11
2026-07-09 10:06:18.255,264,MOTION DETECTED,Background Subtraction (MOG2),13,12
2026-07-09 10:06:18.305,265,MOTION DETECTED,Background Subtraction (MOG2),13,10
2026-07-09 10:06:18.355,266,MOTION DETECTED,Background Subtraction (MOG2),12,11
2026-07-09 10:06:18.400,267,MOTION DETECTED,Background Subtraction (MOG2),12,12
2026-07-09 10:06:18.441,268,MOTION DETECTED,Background Subtraction (MOG2),13,12
2026-07-09 10:06:18.475,269,MOTION DETECTED,Background Subtraction (MOG2),13,12
2026-07-09 10:06:18.515,270,MOTION DETECTED,Background Subtraction (MOG2),15,14
2026-07-09 10:06:18.558,271,MOTION DETECTED,Background Subtraction (MOG2),15,12
2026-07-09 10:06:18.609,272,MOTION DETECTED,Background Subtraction (MOG2),20,15
2026-07-09 10:06:18.643,273,MOTION DETECTED,Background Subtraction (MOG2),17,17
2026-07-09 10:06:18.692,274,MOTION DETECTED,Background Subtraction (MOG2),16,15
2026-07-09 10:06:18.720,275,MOTION DETECTED,Background Subtraction (MOG2),19,17
2026-07-09 10:06:18.767,276,MOTION DETECTED,Background Subtraction (MOG2),18,16
2026-07-09 10:06:18.819,277,MOTION DETECTED,Background Subtraction (MOG2),18,18
2026-07-09 10:06:18.870,278,MOTION DETECTED,Background Subtraction (MOG2),18,17
2026-07-09 10:06:18.909,279,MOTION DETECTED,Background Subtraction (MOG2),17,15
2026-07-09 10:06:18.952,280,MOTION DETECTED,Background Subtraction (MOG2),19,16
2026-07-09 10:06:19.008,281,MOTION DETECTED,Background Subtraction (MOG2),16,16
2026-07-09 10:06:19.049,282,MOTION DETECTED,Background Subtraction (MOG2),14,14
2026-07-09 10:06:19.091,283,MOTION DETECTED,Background Subtraction (MOG2),12,12
2026-07-09 10:06:19.117,284,MOTION DETECTED,Background Subtraction (MOG2),14,13
2026-07-09 10:06:19.157,285,MOTION DETECTED,Background Subtraction (MOG2),11,11
2026-07-09 10:06:19.207,286,MOTION DETECTED,Background Subtraction (MOG2),14,11
2026-07-09 10:06:19.241,287,MOTION DETECTED,Background Subtraction (MOG2),15,13
2026-07-09 10:06:19.284,288,MOTION DETECTED,Background Subtraction (MOG2),15,12
2026-07-09 10:06:19.333,289,MOTION DETECTED,Background Subtraction (MOG2),18,14
2026-07-09 10:06:19.381,290,MOTION DETECTED,Background Subtraction (MOG2),20,18
2026-07-09 10:06:19.421,291,MOTION DETECTED,Background Subtraction (MOG2),18,17
2026-07-09 10:06:19.459,292,MOTION DETECTED,Background Subtraction (MOG2),19,16
2026-07-09 10:06:19.513,293,MOTION DETECTED,Background Subtraction (MOG2),25,20
2026-07-09 10:06:19.549,294,MOTION DETECTED,Background Subtraction (MOG2),20,20
2026-07-09 10:06:19.584,295,MOTION DETECTED,Background Subtraction (MOG2),23,18
2026-07-09 10:06:19.622,296,MOTION DETECTED,Background Subtraction (MOG2),25,20
2026-07-09 10:06:19.673,297,MOTION DETECTED,Background Subtraction (MOG2),25,24
2026-07-09 10:06:19.719,298,MOTION DETECTED,Background Subtraction (MOG2),23,22
2026-07-09 10:06:19.779,299,MOTION DETECTED,Background Subtraction (MOG2),24,20
2026-07-09 10:06:19.827,300,MOTION DETECTED,Background Subtraction (MOG2),22,22
2026-07-09 10:06:19.873,301,MOTION DETECTED,Background Subtraction (MOG2),23,21
2026-07-09 10:06:19.917,302,MOTION DETECTED,Background Subtraction (MOG2),23,20
2026-07-09 10:06:19.959,303,MOTION DETECTED,Background Subtraction (MOG2),26,25
2026-07-09 10:06:20.016,304,MOTION DETECTED,Background Subtraction (MOG2),24,21
2026-07-09 10:06:20.066,305,MOTION DETECTED,Background Subtraction (MOG2),23,23
2026-07-09 10:06:20.106,306,MOTION DETECTED,Background Subtraction (MOG2),25,22
2026-07-09 10:06:20.150,307,MOTION DETECTED,Background Subtraction (MOG2),27,23
2026-07-09 10:06:20.192,308,MOTION DETECTED,Background Subtraction (MOG2),25,21
2026-07-09 10:06:20.241,309,MOTION DETECTED,Background Subtraction (MOG2),23,23
2026-07-09 10:06:20.295,310,MOTION DETECTED,Background Subtraction (MOG2),20,19
2026-07-09 10:06:20.338,311,MOTION DETECTED,Background Subtraction (MOG2),21,19
2026-07-09 10:06:20.384,312,MOTION DETECTED,Background Subtraction (MOG2),23,21
2026-07-09 10:06:20.418,313,MOTION DETECTED,Background Subtraction (MOG2),22,21
2026-07-09 10:06:20.466,314,MOTION DETECTED,Background Subtraction (MOG2),21,20
2026-07-09 10:06:20.513,315,MOTION DETECTED,Background Subtraction (MOG2),22,21
2026-07-09 10:06:20.550,316,MOTION DETECTED,Background Subtraction (MOG2),25,20
2026-07-09 10:06:20.586,317,MOTION DETECTED,Background Subtraction (MOG2),20,19
2026-07-09 10:06:20.617,318,MOTION DETECTED,Background Subtraction (MOG2),22,20
2026-07-09 10:06:20.669,319,MOTION DETECTED,Background Subtraction (MOG2),19,19
2026-07-09 10:06:20.710,320,MOTION DETECTED,Background Subtraction (MOG2),22,20
2026-07-09 10:06:20.741,321,MOTION DETECTED,Background Subtraction (MOG2),22,20
2026-07-09 10:06:20.801,322,MOTION DETECTED,Background Subtraction (MOG2),21,21
2026-07-09 10:06:20.848,323,MOTION DETECTED,Background Subtraction (MOG2),24,22
2026-07-09 10:06:20.901,324,MOTION DETECTED,Background Subtraction (MOG2),23,20
2026-07-09 10:06:20.951,325,MOTION DETECTED,Background Subtraction (MOG2),24,22
2026-07-09 10:06:20.986,326,MOTION DETECTED,Background Subtraction (MOG2),27,23
2026-07-09 10:06:21.018,327,MOTION DETECTED,Background Subtraction (MOG2),27,25
2026-07-09 10:06:21.067,328,MOTION DETECTED,Background Subtraction (MOG2),21,19
2026-07-09 10:06:21.110,329,MOTION DETECTED,Background Subtraction (MOG2),22,18
2026-07-09 10:06:21.155,330,MOTION DETECTED,Background Subtraction (MOG2),21,20
2026-07-09 10:06:21.196,331,MOTION DETECTED,Background Subtraction (MOG2),21,17
2026-07-09 10:06:21.232,332,MOTION DETECTED,Background Subtraction (MOG2),24,19
2026-07-09 10:06:21.271,333,MOTION DETECTED,Background Subtraction (MOG2),25,20
2026-07-09 10:06:21.331,334,MOTION DETECTED,Background Subtraction (MOG2),24,23
2026-07-09 10:06:21.372,335,MOTION DETECTED,Background Subtraction (MOG2),25,22
2026-07-09 10:06:21.410,336,MOTION DETECTED,Background Subtraction (MOG2),23,20
2026-07-09 10:06:21.445,337,MOTION DETECTED,Background Subtraction (MOG2),20,18
2026-07-09 10:06:21.513,338,MOTION DETECTED,Background Subtraction (MOG2),23,20
2026-07-09 10:06:21.561,339,MOTION DETECTED,Background Subtraction (MOG2),23,21
2026-07-09 10:06:21.600,340,MOTION DETECTED,Background Subtraction (MOG2),25,22
2026-07-09 10:06:21.640,341,MOTION DETECTED,Background Subtraction (MOG2),21,19
2026-07-09 10:06:21.678,342,MOTION DETECTED,Background Subtraction (MOG2),23,19
2026-07-09 10:06:21.721,343,MOTION DETECTED,Background Subtraction (MOG2),22,22
2026-07-09 10:06:21.762,344,MOTION DETECTED,Background Subtraction (MOG2),23,22
2026-07-09 10:06:21.811,345,MOTION DETECTED,Background Subtraction (MOG2),23,22
2026-07-09 10:06:21.846,346,MOTION DETECTED,Background Subtraction (MOG2),19,18
2026-07-09 10:06:21.883,347,MOTION DETECTED,Background Subtraction (MOG2),19,18
2026-07-09 10:06:21.922,348,MOTION DETECTED,Background Subtraction (MOG2),23,18
2026-07-09 10:06:21.955,349,MOTION DETECTED,Background Subtraction (MOG2),24,21
2026-07-09 10:06:22.002,350,MOTION DETECTED,Background Subtraction (MOG2),25,20
2026-07-09 10:06:22.047,351,MOTION DETECTED,Background Subtraction (MOG2),28,26
2026-07-09 10:06:22.094,352,MOTION DETECTED,Background Subtraction (MOG2),35,30
2026-07-09 10:06:22.141,353,MOTION DETECTED,Background Subtraction (MOG2),33,31
2026-07-09 10:06:22.180,354,MOTION DETECTED,Background Subtraction (MOG2),31,27
2026-07-09 10:06:22.220,355,MOTION DETECTED,Background Subtraction (MOG2),31,27
2026-07-09 10:06:22.266,356,MOTION DETECTED,Background Subtraction (MOG2),33,31
2026-07-09 10:06:22.310,357,MOTION DETECTED,Background Subtraction (MOG2),31,30
2026-07-09 10:06:22.359,358,MOTION DETECTED,Background Subtraction (MOG2),33,29
2026-07-09 10:06:22.406,359,MOTION DETECTED,Background Subtraction (MOG2),34,33
2026-07-09 10:06:22.451,360,MOTION DETECTED,Background Subtraction (MOG2),35,32
2026-07-09 10:06:22.500,361,MOTION DETECTED,Background Subtraction (MOG2),33,31
2026-07-09 10:06:22.549,362,MOTION DETECTED,Background Subtraction (MOG2),33,33
2026-07-09 10:06:22.592,363,MOTION DETECTED,Background Subtraction (MOG2),32,32
2026-07-09 10:06:22.635,364,MOTION DETECTED,Background Subtraction (MOG2),31,28
2026-07-09 10:06:22.680,365,MOTION DETECTED,Background Subtraction (MOG2),38,32
2026-07-09 10:06:22.730,366,MOTION DETECTED,Background Subtraction (MOG2),40,34
2026-07-09 10:06:22.773,367,MOTION DETECTED,Background Subtraction (MOG2),37,36
2026-07-09 10:06:22.811,368,MOTION DETECTED,Background Subtraction (MOG2),38,34
2026-07-09 10:06:22.876,369,MOTION DETECTED,Background Subtraction (MOG2),35,33
2026-07-09 10:06:22.918,370,MOTION DETECTED,Background Subtraction (MOG2),30,29
2026-07-09 10:06:22.966,371,MOTION DETECTED,Background Subtraction (MOG2),29,25
2026-07-09 10:06:23.013,372,MOTION DETECTED,Background Subtraction (MOG2),24,23
2026-07-09 10:06:23.059,373,MOTION DETECTED,Background Subtraction (MOG2),22,21
2026-07-09 10:06:23.116,374,MOTION DETECTED,Background Subtraction (MOG2),22,21
2026-07-09 10:06:23.161,375,MOTION DETECTED,Background Subtraction (MOG2),29,24
2026-07-09 10:06:23.216,376,MOTION DETECTED,Background Subtraction (MOG2),27,22
2026-07-09 10:06:23.265,377,MOTION DETECTED,Background Subtraction (MOG2),25,24
2026-07-09 10:06:23.309,378,MOTION DETECTED,Background Subtraction (MOG2),23,21
2026-07-09 10:06:23.359,379,MOTION DETECTED,Background Subtraction (MOG2),24,20
2026-07-09 10:06:23.410,380,MOTION DETECTED,Background Subtraction (MOG2),22,22
2026-07-09 10:06:23.458,381,MOTION DETECTED,Background Subtraction (MOG2),23,22
2026-07-09 10:06:23.509,382,MOTION DETECTED,Background Subtraction (MOG2),25,23
2026-07-09 10:06:23.566,383,MOTION DETECTED,Background Subtraction (MOG2),26,24
2026-07-09 10:06:23.612,384,MOTION DETECTED,Background Subtraction (MOG2),24,24
2026-07-09 10:06:23.657,385,MOTION DETECTED,Background Subtraction (MOG2),24,24
2026-07-09 10:06:23.701,386,MOTION DETECTED,Background Subtraction (MOG2),26,22
2026-07-09 10:06:23.741,387,MOTION DETECTED,Background Subtraction (MOG2),26,21
2026-07-09 10:06:23.789,388,MOTION DETECTED,Background Subtraction (MOG2),22,22
2026-07-09 10:06:23.826,389,MOTION DETECTED,Background Subtraction (MOG2),23,23
2026-07-09 10:06:23.857,390,MOTION DETECTED,Background Subtraction (MOG2),24,21
2026-07-09 10:06:23.900,391,MOTION DETECTED,Background Subtraction (MOG2),17,17
2026-07-09 10:06:23.934,392,MOTION DETECTED,Background Subtraction (MOG2),20,18
2026-07-09 10:06:23.967,393,MOTION DETECTED,Background Subtraction (MOG2),19,18
2026-07-09 10:06:24.031,394,MOTION DETECTED,Background Subtraction (MOG2),19,17
2026-07-09 10:06:24.068,395,MOTION DETECTED,Background Subtraction (MOG2),20,18
2026-07-09 10:06:24.128,396,MOTION DETECTED,Background Subtraction (MOG2),21,21
2026-07-09 10:06:24.166,397,MOTION DETECTED,Background Subtraction (MOG2),23,21
2026-07-09 10:06:24.217,398,MOTION DETECTED,Background Subtraction (MOG2),21,19
2026-07-09 10:06:24.257,399,MOTION DETECTED,Background Subtraction (MOG2),20,17
2026-07-09 10:06:24.294,400,MOTION DETECTED,Background Subtraction (MOG2),22,18
2026-07-09 10:06:24.341,401,MOTION DETECTED,Background Subtraction (MOG2),18,17
2026-07-09 10:06:24.380,402,MOTION DETECTED,Background Subtraction (MOG2),13,13
2026-07-09 10:06:24.428,403,MOTION DETECTED,Background Subtraction (MOG2),15,13
2026-07-09 10:06:24.477,404,MOTION DETECTED,Background Subtraction (MOG2),18,16
2026-07-09 10:06:24.510,405,MOTION DETECTED,Background Subtraction (MOG2),17,17
2026-07-09 10:06:24.559,406,MOTION DETECTED,Background Subtraction (MOG2),16,15
2026-07-09 10:06:24.596,407,MOTION DETECTED,Background Subtraction (MOG2),13,13
2026-07-09 10:06:24.641,408,MOTION DETECTED,Background Subtraction (MOG2),15,12
2026-07-09 10:06:24.683,409,MOTION DETECTED,Background Subtraction (MOG2),15,13
2026-07-09 10:06:24.717,410,MOTION DETECTED,Background Subtraction (MOG2),16,14
2026-07-09 10:06:24.756,411,MOTION DETECTED,Background Subtraction (MOG2),17,15
2026-07-09 10:06:24.786,412,MOTION DETECTED,Background Subtraction (MOG2),19,17
2026-07-09 10:06:24.821,413,MOTION DETECTED,Background Subtraction (MOG2),17,16
2026-07-09 10:06:24.871,414,MOTION DETECTED,Background Subtraction (MOG2),17,17
2026-07-09 10:06:24.926,415,MOTION DETECTED,Background Subtraction (MOG2),15,15
2026-07-09 10:06:24.973,416,MOTION DETECTED,Background Subtraction (MOG2),14,13
2026-07-09 10:06:25.021,417,MOTION DETECTED,Background Subtraction (MOG2),11,11
2026-07-09 10:06:25.053,418,MOTION DETECTED,Background Subtraction (MOG2),12,12
2026-07-09 10:06:25.091,419,MOTION DETECTED,Background Subtraction (MOG2),12,12
2026-07-09 10:06:25.118,420,MOTION DETECTED,Background Subtraction (MOG2),10,9
2026-07-09 10:06:25.158,421,MOTION DETECTED,Background Subtraction (MOG2),11,10
2026-07-09 10:06:25.191,422,MOTION DETECTED,Background Subtraction (MOG2),11,11
2026-07-09 10:06:25.224,423,MOTION DETECTED,Background Subtraction (MOG2),11,11
2026-07-09 10:06:25.265,424,MOTION DETECTED,Background Subtraction (MOG2),9,9
2026-07-09 10:06:25.303,425,MOTION DETECTED,Background Subtraction (MOG2),11,9
2026-07-09 10:06:25.341,426,MOTION DETECTED,Background Subtraction (MOG2),13,9
2026-07-09 10:06:25.375,427,MOTION DETECTED,Background Subtraction (MOG2),12,11
2026-07-09 10:06:25.413,428,MOTION DETECTED,Background Subtraction (MOG2),13,12
2026-07-09 10:06:25.450,429,MOTION DETECTED,Background Subtraction (MOG2),14,14
2026-07-09 10:06:25.491,430,MOTION DETECTED,Background Subtraction (MOG2),14,13
2026-07-09 10:06:25.532,431,MOTION DETECTED,Background Subtraction (MOG2),16,13
2026-07-09 10:06:25.569,432,MOTION DETECTED,Background Subtraction (MOG2),18,16
2026-07-09 10:06:25.612,433,MOTION DETECTED,Background Subtraction (MOG2),17,16
2026-07-09 10:06:25.655,434,MOTION DETECTED,Background Subtraction (MOG2),17,16
2026-07-09 10:06:25.704,435,MOTION DETECTED,Background Subtraction (MOG2),19,17
2026-07-09 10:06:25.734,436,MOTION DETECTED,Background Subtraction (MOG2),19,16
2026-07-09 10:06:25.769,437,MOTION DETECTED,Background Subtraction (MOG2),21,18
2026-07-09 10:06:25.807,438,MOTION DETECTED,Background Subtraction (MOG2),21,20
2026-07-09 10:06:25.857,439,MOTION DETECTED,Background Subtraction (MOG2),22,22
2026-07-09 10:06:25.892,440,MOTION DETECTED,Background Subtraction (MOG2),22,20
2026-07-09 10:06:25.941,441,MOTION DETECTED,Background Subtraction (MOG2),21,19
2026-07-09 10:06:25.975,442,MOTION DETECTED,Background Subtraction (MOG2),19,16
2026-07-09 10:06:26.018,443,MOTION DETECTED,Background Subtraction (MOG2),22,19
2026-07-09 10:06:26.051,444,MOTION DETECTED,Background Subtraction (MOG2),20,18
2026-07-09 10:06:26.091,445,MOTION DETECTED,Background Subtraction (MOG2),17,16
2026-07-09 10:06:26.139,446,MOTION DETECTED,Background Subtraction (MOG2),24,20
2026-07-09 10:06:26.172,447,MOTION DETECTED,Background Subtraction (MOG2),21,20
2026-07-09 10:06:26.227,448,MOTION DETECTED,Background Subtraction (MOG2),20,18
2026-07-09 10:06:26.259,449,MOTION DETECTED,Background Subtraction (MOG2),19,16
2026-07-09 10:06:26.291,450,MOTION DETECTED,Background Subtraction (MOG2),21,19
2026-07-09 10:06:26.332,451,MOTION DETECTED,Background Subtraction (MOG2),19,18
2026-07-09 10:06:26.382,452,MOTION DETECTED,Background Subtraction (MOG2),19,17
2026-07-09 10:06:26.421,453,MOTION DETECTED,Background Subtraction (MOG2),20,17
2026-07-09 10:06:26.466,454,MOTION DETECTED,Background Subtraction (MOG2),23,20
2026-07-09 10:06:26.503,455,MOTION DETECTED,Background Subtraction (MOG2),21,18
2026-07-09 10:06:26.559,456,MOTION DETECTED,Background Subtraction (MOG2),20,18
2026-07-09 10:06:26.606,457,MOTION DETECTED,Background Subtraction (MOG2),20,19
2026-07-09 10:06:26.650,458,MOTION DETECTED,Background Subtraction (MOG2),22,19
2026-07-09 10:06:26.691,459,MOTION DETECTED,Background Subtraction (MOG2),19,19
2026-07-09 10:06:26.741,460,MOTION DETECTED,Background Subtraction (MOG2),21,21
2026-07-09 10:06:26.781,461,MOTION DETECTED,Background Subtraction (MOG2),18,17
2026-07-09 10:06:26.816,462,MOTION DETECTED,Background Subtraction (MOG2),19,15
2026-07-09 10:06:26.854,463,MOTION DETECTED,Background Subtraction (MOG2),18,16
2026-07-09 10:06:26.884,464,MOTION DETECTED,Background Subtraction (MOG2),16,16
2026-07-09 10:06:26.917,465,MOTION DETECTED,Background Subtraction (MOG2),10,9
2026-07-09 10:06:26.960,466,MOTION DETECTED,Background Subtraction (MOG2),10,9
2026-07-09 10:06:26.993,467,MOTION DETECTED,Background Subtraction (MOG2),14,10
2026-07-09 10:06:27.045,468,MOTION DETECTED,Background Subtraction (MOG2),12,11
2026-07-09 10:06:27.091,469,MOTION DETECTED,Background Subtraction (MOG2),16,14
2026-07-09 10:06:27.120,470,MOTION DETECTED,Background Subtraction (MOG2),17,15
2026-07-09 10:06:27.170,471,MOTION DETECTED,Background Subtraction (MOG2),16,16
2026-07-09 10:06:27.207,472,MOTION DETECTED,Background Subtraction (MOG2),17,16
2026-07-09 10:06:27.248,473,MOTION DETECTED,Background Subtraction (MOG2),17,16
2026-07-09 10:06:27.293,474,MOTION DETECTED,Background Subtraction (MOG2),16,16
2026-07-09 10:06:27.333,475,MOTION DETECTED,Background Subtraction (MOG2),19,16
2026-07-09 10:06:27.371,476,MOTION DETECTED,Background Subtraction (MOG2),21,19
2026-07-09 10:06:27.410,477,MOTION DETECTED,Background Subtraction (MOG2),24,21
2026-07-09 10:06:27.455,478,MOTION DETECTED,Background Subtraction (MOG2),24,23
2026-07-09 10:06:27.491,479,MOTION DETECTED,Background Subtraction (MOG2),24,21
2026-07-09 10:06:27.525,480,MOTION DETECTED,Background Subtraction (MOG2),24,23
2026-07-09 10:06:27.577,481,MOTION DETECTED,Background Subtraction (MOG2),23,22
2026-07-09 10:06:27.623,482,MOTION DETECTED,Background Subtraction (MOG2),24,21
2026-07-09 10:06:27.656,483,MOTION DETECTED,Background Subtraction (MOG2),27,22
2026-07-09 10:06:27.697,484,MOTION DETECTED,Background Subtraction (MOG2),25,24
2026-07-09 10:06:27.734,485,MOTION DETECTED,Background Subtraction (MOG2),25,21
2026-07-09 10:06:27.780,486,MOTION DETECTED,Background Subtraction (MOG2),24,23
2026-07-09 10:06:27.817,487,MOTION DETECTED,Background Subtraction (MOG2),19,19
2026-07-09 10:06:27.860,488,MOTION DETECTED,Background Subtraction (MOG2),18,16
2026-07-09 10:06:27.900,489,MOTION DETECTED,Background Subtraction (MOG2),15,15
2026-07-09 10:06:27.955,490,MOTION DETECTED,Background Subtraction (MOG2),20,18
2026-07-09 10:06:27.999,491,MOTION DETECTED,Background Subtraction (MOG2),21,18
2026-07-09 10:06:28.033,492,MOTION DETECTED,Background Subtraction (MOG2),16,16
2026-07-09 10:06:28.072,493,MOTION DETECTED,Background Subtraction (MOG2),16,14
2026-07-09 10:06:28.110,494,MOTION DETECTED,Background Subtraction (MOG2),18,16
2026-07-09 10:06:28.153,495,MOTION DETECTED,Background Subtraction (MOG2),16,16
2026-07-09 10:06:28.194,496,MOTION DETECTED,Background Subtraction (MOG2),18,18
2026-07-09 10:06:28.234,497,MOTION DETECTED,Background Subtraction (MOG2),14,14
2026-07-09 10:06:28.269,498,MOTION DETECTED,Background Subtraction (MOG2),15,15
2026-07-09 10:06:28.323,499,MOTION DETECTED,Background Subtraction (MOG2),14,13
2026-07-09 10:06:28.357,500,MOTION DETECTED,Background Subtraction (MOG2),19,14
2026-07-09 10:06:28.396,501,MOTION DETECTED,Background Subtraction (MOG2),19,18
2026-07-09 10:06:28.436,502,MOTION DETECTED,Background Subtraction (MOG2),22,20
2026-07-09 10:06:28.470,503,MOTION DETECTED,Background Subtraction (MOG2),21,20
2026-07-09 10:06:28.516,504,MOTION DETECTED,Background Subtraction (MOG2),18,18
2026-07-09 10:06:28.562,505,MOTION DETECTED,Background Subtraction (MOG2),20,19
2026-07-09 10:06:28.612,506,MOTION DETECTED,Background Subtraction (MOG2),22,20
2026-07-09 10:06:28.647,507,MOTION DETECTED,Background Subtraction (MOG2),19,19
2026-07-09 10:06:28.691,508,MOTION DETECTED,Background Subtraction (MOG2),20,17
2026-07-09 10:06:28.744,509,MOTION DETECTED,Background Subtraction (MOG2),20,14
2026-07-09 10:06:28.784,510,MOTION DETECTED,Background Subtraction (MOG2),19,19
2026-07-09 10:06:28.823,511,MOTION DETECTED,Background Subtraction (MOG2),18,17
2026-07-09 10:06:28.860,512,MOTION DETECTED,Background Subtraction (MOG2),21,17
2026-07-09 10:06:28.893,513,MOTION DETECTED,Background Subtraction (MOG2),19,18
2026-07-09 10:06:28.939,514,MOTION DETECTED,Background Subtraction (MOG2),19,15
2026-07-09 10:06:28.980,515,MOTION DETECTED,Background Subtraction (MOG2),22,20
2026-07-09 10:06:29.018,516,MOTION DETECTED,Background Subtraction (MOG2),18,18
2026-07-09 10:06:29.068,517,MOTION DETECTED,Background Subtraction (MOG2),19,18
2026-07-09 10:06:29.117,518,MOTION DETECTED,Background Subtraction (MOG2),16,15
2026-07-09 10:06:29.160,519,MOTION DETECTED,Background Subtraction (MOG2),18,17
2026-07-09 10:06:29.191,520,MOTION DETECTED,Background Subtraction (MOG2),16,16
2026-07-09 10:06:29.227,521,MOTION DETECTED,Background Subtraction (MOG2),20,16
2026-07-09 10:06:29.259,522,MOTION DETECTED,Background Subtraction (MOG2),17,17
2026-07-09 10:06:29.297,523,MOTION DETECTED,Background Subtraction (MOG2),19,16
2026-07-09 10:06:29.341,524,MOTION DETECTED,Background Subtraction (MOG2),18,15
2026-07-09 10:06:29.383,525,MOTION DETECTED,Background Subtraction (MOG2),20,18
2026-07-09 10:06:29.423,526,MOTION DETECTED,Background Subtraction (MOG2),23,19
2026-07-09 10:06:29.478,527,MOTION DETECTED,Background Subtraction (MOG2),27,25
2026-07-09 10:06:29.517,528,MOTION DETECTED,Background Subtraction (MOG2),28,26
2026-07-09 10:06:29.560,529,MOTION DETECTED,Background Subtraction (MOG2),28,24
2026-07-09 10:06:29.603,530,MOTION DETECTED,Background Subtraction (MOG2),30,28
2026-07-09 10:06:29.656,531,MOTION DETECTED,Background Subtraction (MOG2),27,25
2026-07-09 10:06:29.702,532,MOTION DETECTED,Background Subtraction (MOG2),26,26
2026-07-09 10:06:29.741,533,MOTION DETECTED,Background Subtraction (MOG2),27,24
2026-07-09 10:06:29.778,534,MOTION DETECTED,Background Subtraction (MOG2),21,20
2026-07-09 10:06:29.823,535,MOTION DETECTED,Background Subtraction (MOG2),22,20
2026-07-09 10:06:29.860,536,MOTION DETECTED,Background Subtraction (MOG2),24,22
2026-07-09 10:06:29.907,537,MOTION DETECTED,Background Subtraction (MOG2),22,22
2026-07-09 10:06:29.941,538,MOTION DETECTED,Background Subtraction (MOG2),25,20
2026-07-09 10:06:29.972,539,MOTION DETECTED,Background Subtraction (MOG2),29,23
2026-07-09 10:06:30.022,540,MOTION DETECTED,Background Subtraction (MOG2),32,29
2026-07-09 10:06:30.080,541,MOTION DETECTED,Background Subtraction (MOG2),30,24
2026-07-09 10:06:30.129,542,MOTION DETECTED,Background Subtraction (MOG2),31,25
2026-07-09 10:06:30.178,543,MOTION DETECTED,Background Subtraction (MOG2),28,26
2026-07-09 10:06:30.218,544,MOTION DETECTED,Background Subtraction (MOG2),27,23
2026-07-09 10:06:30.268,545,MOTION DETECTED,Background Subtraction (MOG2),27,25
2026-07-09 10:06:30.307,546,MOTION DETECTED,Background Subtraction (MOG2),26,25
2026-07-09 10:06:30.355,547,MOTION DETECTED,Background Subtraction (MOG2),28,25
2026-07-09 10:06:30.400,548,MOTION DETECTED,Background Subtraction (MOG2),29,25
2026-07-09 10:06:30.441,549,MOTION DETECTED,Background Subtraction (MOG2),24,23
2026-07-09 10:06:30.485,550,MOTION DETECTED,Background Subtraction (MOG2),25,21
2026-07-09 10:06:30.547,551,MOTION DETECTED,Background Subtraction (MOG2),22,21
2026-07-09 10:06:30.596,552,MOTION DETECTED,Background Subtraction (MOG2),25,23
2026-07-09 10:06:30.650,553,MOTION DETECTED,Background Subtraction (MOG2),27,23
2026-07-09 10:06:30.698,554,MOTION DETECTED,Background Subtraction (MOG2),28,25
2026-07-09 10:06:30.741,555,MOTION DETECTED,Background Subtraction (MOG2),26,25
2026-07-09 10:06:30.783,556,MOTION DETECTED,Background Subtraction (MOG2),22,21
2026-07-09 10:06:30.836,557,MOTION DETECTED,Background Subtraction (MOG2),23,21
2026-07-09 10:06:30.884,558,MOTION DETECTED,Background Subtraction (MOG2),21,21
2026-07-09 10:06:30.921,559,MOTION DETECTED,Background Subtraction (MOG2),21,20
2026-07-09 10:06:30.956,560,MOTION DETECTED,Background Subtraction (MOG2),24,20
2026-07-09 10:06:30.999,561,MOTION DETECTED,Background Subtraction (MOG2),24,22
2026-07-09 10:06:31.041,562,MOTION DETECTED,Background Subtraction (MOG2),21,18
2026-07-09 10:06:31.096,563,MOTION DETECTED,Background Subtraction (MOG2),23,21
2026-07-09 10:06:31.125,564,MOTION DETECTED,Background Subtraction (MOG2),22,22
2026-07-09 10:06:31.173,565,MOTION DETECTED,Background Subtraction (MOG2),24,22
2026-07-09 10:06:31.217,566,MOTION DETECTED,Background Subtraction (MOG2),24,22
2026-07-09 10:06:31.254,567,MOTION DETECTED,Background Subtraction (MOG2),26,24
2026-07-09 10:06:31.311,568,MOTION DETECTED,Background Subtraction (MOG2),23,23
2026-07-09 10:06:31.347,569,MOTION DETECTED,Background Subtraction (MOG2),20,19
2026-07-09 10:06:31.391,570,MOTION DETECTED,Background Subtraction (MOG2),24,21
2026-07-09 10:06:31.418,571,MOTION DETECTED,Background Subtraction (MOG2),25,24
2026-07-09 10:06:31.464,572,MOTION DETECTED,Background Subtraction (MOG2),28,23
2026-07-09 10:06:31.500,573,MOTION DETECTED,Background Subtraction (MOG2),29,28
2026-07-09 10:06:31.562,574,MOTION DETECTED,Background Subtraction (MOG2),27,26
2026-07-09 10:06:31.600,575,MOTION DETECTED,Background Subtraction (MOG2),20,20
2026-07-09 10:06:31.648,576,MOTION DETECTED,Background Subtraction (MOG2),20,17
2026-07-09 10:06:31.684,577,MOTION DETECTED,Background Subtraction (MOG2),21,18
2026-07-09 10:06:31.727,578,MOTION DETECTED,Background Subtraction (MOG2),19,18
2026-07-09 10:06:31.765,579,MOTION DETECTED,Background Subtraction (MOG2),19,18
2026-07-09 10:06:31.801,580,MOTION DETECTED,Background Subtraction (MOG2),19,18
2026-07-09 10:06:31.851,581,MOTION DETECTED,Background Subtraction (MOG2),21,19
2026-07-09 10:06:31.893,582,MOTION DETECTED,Background Subtraction (MOG2),20,18
2026-07-09 10:06:31.941,583,MOTION DETECTED,Background Subtraction (MOG2),23,19
2026-07-09 10:06:31.974,584,MOTION DETECTED,Background Subtraction (MOG2),21,21
2026-07-09 10:06:32.004,585,MOTION DETECTED,Background Subtraction (MOG2),20,18
2026-07-09 10:06:32.041,586,MOTION DETECTED,Background Subtraction (MOG2),26,20
2026-07-09 10:06:32.084,587,MOTION DETECTED,Background Subtraction (MOG2),21,18
2026-07-09 10:06:32.131,588,MOTION DETECTED,Background Subtraction (MOG2),22,18
2026-07-09 10:06:32.170,589,MOTION DETECTED,Background Subtraction (MOG2),18,17
2026-07-09 10:06:32.226,590,MOTION DETECTED,Background Subtraction (MOG2),20,18
2026-07-09 10:06:32.268,591,MOTION DETECTED,Background Subtraction (MOG2),18,18
2026-07-09 10:06:32.304,592,MOTION DETECTED,Background Subtraction (MOG2),22,18
2026-07-09 10:06:32.353,593,MOTION DETECTED,Background Subtraction (MOG2),23,22
2026-07-09 10:06:32.408,594,MOTION DETECTED,Background Subtraction (MOG2),24,20
2026-07-09 10:06:32.453,595,MOTION DETECTED,Background Subtraction (MOG2),24,21
2026-07-09 10:06:32.491,596,MOTION DETECTED,Background Subtraction (MOG2),25,21
2026-07-09 10:06:32.542,597,MOTION DETECTED,Background Subtraction (MOG2),26,26
2026-07-09 10:06:32.584,598,MOTION DETECTED,Background Subtraction (MOG2),27,24
2026-07-09 10:06:32.628,599,MOTION DETECTED,Background Subtraction (MOG2),27,25
2026-07-09 10:06:32.660,600,MOTION DETECTED,Background Subtraction (MOG2),27,25
2026-07-09 10:06:32.710,601,MOTION DETECTED,Background Subtraction (MOG2),22,22
2026-07-09 10:06:32.751,602,MOTION DETECTED,Background Subtraction (MOG2),27,24
2026-07-09 10:06:32.791,603,MOTION DETECTED,Background Subtraction (MOG2),30,27
2026-07-09 10:06:32.849,604,MOTION DETECTED,Background Subtraction (MOG2),33,28
2026-07-09 10:06:32.899,605,MOTION DETECTED,Background Subtraction (MOG2),35,31
2026-07-09 10:06:32.947,606,MOTION DETECTED,Background Subtraction (MOG2),33,31
2026-07-09 10:06:32.991,607,MOTION DETECTED,Background Subtraction (MOG2),33,30
2026-07-09 10:06:33.041,608,MOTION DETECTED,Background Subtraction (MOG2),32,31
2026-07-09 10:06:33.077,609,MOTION DETECTED,Background Subtraction (MOG2),34,31
2026-07-09 10:06:33.118,610,MOTION DETECTED,Background Subtraction (MOG2),36,33
2026-07-09 10:06:33.166,611,MOTION DETECTED,Background Subtraction (MOG2),35,33
2026-07-09 10:06:33.214,612,MOTION DETECTED,Background Subtraction (MOG2),35,32
2026-07-09 10:06:33.258,613,MOTION DETECTED,Background Subtraction (MOG2),31,30
2026-07-09 10:06:33.299,614,MOTION DETECTED,Background Subtraction (MOG2),31,29
2026-07-09 10:06:33.346,615,MOTION DETECTED,Background Subtraction (MOG2),29,26
2026-07-09 10:06:33.384,616,MOTION DETECTED,Background Subtraction (MOG2),23,21
2026-07-09 10:06:33.430,617,MOTION DETECTED,Background Subtraction (MOG2),21,20
2026-07-09 10:06:33.484,618,MOTION DETECTED,Background Subtraction (MOG2),20,19
2026-07-09 10:06:33.527,619,MOTION DETECTED,Background Subtraction (MOG2),21,18
2026-07-09 10:06:33.573,620,MOTION DETECTED,Background Subtraction (MOG2),20,19
2026-07-09 10:06:33.612,621,MOTION DETECTED,Background Subtraction (MOG2),19,18
2026-07-09 10:06:33.661,622,MOTION DETECTED,Background Subtraction (MOG2),19,17
2026-07-09 10:06:33.699,623,MOTION DETECTED,Background Subtraction (MOG2),20,16
2026-07-09 10:06:33.737,624,MOTION DETECTED,Background Subtraction (MOG2),23,20
2026-07-09 10:06:33.784,625,MOTION DETECTED,Background Subtraction (MOG2),22,18
2026-07-09 10:06:33.826,626,MOTION DETECTED,Background Subtraction (MOG2),20,20
2026-07-09 10:06:33.870,627,MOTION DETECTED,Background Subtraction (MOG2),18,17
2026-07-09 10:06:33.912,628,MOTION DETECTED,Background Subtraction (MOG2),21,18
2026-07-09 10:06:33.958,629,MOTION DETECTED,Background Subtraction (MOG2),21,19
2026-07-09 10:06:33.993,630,MOTION DETECTED,Background Subtraction (MOG2),20,18
2026-07-09 10:06:34.037,631,MOTION DETECTED,Background Subtraction (MOG2),19,15
2026-07-09 10:06:34.069,632,MOTION DETECTED,Background Subtraction (MOG2),15,14
2026-07-09 10:06:34.108,633,MOTION DETECTED,Background Subtraction (MOG2),19,16
2026-07-09 10:06:34.159,634,MOTION DETECTED,Background Subtraction (MOG2),21,19
2026-07-09 10:06:34.216,635,MOTION DETECTED,Background Subtraction (MOG2),25,18
2026-07-09 10:06:34.255,636,MOTION DETECTED,Background Subtraction (MOG2),28,25
2026-07-09 10:06:34.293,637,MOTION DETECTED,Background Subtraction (MOG2),28,24
2026-07-09 10:06:34.327,638,MOTION DETECTED,Background Subtraction (MOG2),23,20
2026-07-09 10:06:34.380,639,MOTION DETECTED,Background Subtraction (MOG2),28,23
2026-07-09 10:06:34.418,640,MOTION DETECTED,Background Subtraction (MOG2),27,24
2026-07-09 10:06:34.460,641,MOTION DETECTED,Background Subtraction (MOG2),28,22
2026-07-09 10:06:34.508,642,MOTION DETECTED,Background Subtraction (MOG2),36,28
2026-07-09 10:06:34.560,643,MOTION DETECTED,Background Subtraction (MOG2),29,27
2026-07-09 10:06:34.614,644,MOTION DETECTED,Background Subtraction (MOG2),25,25
2026-07-09 10:06:34.660,645,MOTION DETECTED,Background Subtraction (MOG2),24,22
2026-07-09 10:06:34.699,646,MOTION DETECTED,Background Subtraction (MOG2),25,22
2026-07-09 10:06:34.750,647,MOTION DETECTED,Background Subtraction (MOG2),29,24
2026-07-09 10:06:34.799,648,MOTION DETECTED,Background Subtraction (MOG2),29,27
2026-07-09 10:06:34.843,649,MOTION DETECTED,Background Subtraction (MOG2),30,25
2026-07-09 10:06:34.892,650,MOTION DETECTED,Background Subtraction (MOG2),30,25
2026-07-09 10:06:34.940,651,MOTION DETECTED,Background Subtraction (MOG2),29,27
2026-07-09 10:06:34.984,652,MOTION DETECTED,Background Subtraction (MOG2),30,28
2026-07-09 10:06:35.023,653,MOTION DETECTED,Background Subtraction (MOG2),31,28
2026-07-09 10:06:35.066,654,MOTION DETECTED,Background Subtraction (MOG2),25,22
2026-07-09 10:06:35.110,655,MOTION DETECTED,Background Subtraction (MOG2),29,27
2026-07-09 10:06:35.156,656,MOTION DETECTED,Background Subtraction (MOG2),27,26
2026-07-09 10:06:35.197,657,MOTION DETECTED,Background Subtraction (MOG2),27,23
2026-07-09 10:06:35.234,658,MOTION DETECTED,Background Subtraction (MOG2),26,23
2026-07-09 10:06:35.276,659,MOTION DETECTED,Background Subtraction (MOG2),25,24
2026-07-09 10:06:35.304,660,MOTION DETECTED,Background Subtraction (MOG2),24,23
2026-07-09 10:06:35.363,661,MOTION DETECTED,Background Subtraction (MOG2),22,21
2026-07-09 10:06:35.411,662,MOTION DETECTED,Background Subtraction (MOG2),29,24
2026-07-09 10:06:35.458,663,MOTION DETECTED,Background Subtraction (MOG2),27,25
2026-07-09 10:06:35.491,664,MOTION DETECTED,Background Subtraction (MOG2),30,24
2026-07-09 10:06:35.559,665,MOTION DETECTED,Background Subtraction (MOG2),31,27
2026-07-09 10:06:35.613,666,MOTION DETECTED,Background Subtraction (MOG2),29,26
2026-07-09 10:06:35.661,667,MOTION DETECTED,Background Subtraction (MOG2),32,27
2026-07-09 10:06:35.701,668,MOTION DETECTED,Background Subtraction (MOG2),32,31
2026-07-09 10:06:35.748,669,MOTION DETECTED,Background Subtraction (MOG2),31,30
2026-07-09 10:06:35.788,670,MOTION DETECTED,Background Subtraction (MOG2),32,27
2026-07-09 10:06:35.832,671,MOTION DETECTED,Background Subtraction (MOG2),30,29
2026-07-09 10:06:35.873,672,MOTION DETECTED,Background Subtraction (MOG2),28,26
2026-07-09 10:06:35.902,673,MOTION DETECTED,Background Subtraction (MOG2),31,28
2026-07-09 10:06:35.960,674,MOTION DETECTED,Background Subtraction (MOG2),29,28
2026-07-09 10:06:36.012,675,MOTION DETECTED,Background Subtraction (MOG2),20,20
2026-07-09 10:06:36.050,676,MOTION DETECTED,Background Subtraction (MOG2),20,19
2026-07-09 10:06:36.091,677,MOTION DETECTED,Background Subtraction (MOG2),20,18
2026-07-09 10:06:36.148,678,MOTION DETECTED,Background Subtraction (MOG2),19,18
2026-07-09 10:06:36.193,679,MOTION DETECTED,Background Subtraction (MOG2),19,18
2026-07-09 10:06:36.243,680,MOTION DETECTED,Background Subtraction (MOG2),20,18
2026-07-09 10:06:36.291,681,MOTION DETECTED,Background Subtraction (MOG2),21,20
2026-07-09 10:06:36.328,682,MOTION DETECTED,Background Subtraction (MOG2),20,19
2026-07-09 10:06:36.368,683,MOTION DETECTED,Background Subtraction (MOG2),17,17
2026-07-09 10:06:36.406,684,MOTION DETECTED,Background Subtraction (MOG2),16,15
2026-07-09 10:06:36.441,685,MOTION DETECTED,Background Subtraction (MOG2),14,12
2026-07-09 10:06:36.510,686,MOTION DETECTED,Background Subtraction (MOG2),13,12
2026-07-09 10:06:36.546,687,MOTION DETECTED,Background Subtraction (MOG2),11,11
2026-07-09 10:06:36.582,688,MOTION DETECTED,Background Subtraction (MOG2),15,11
2026-07-09 10:06:36.626,689,MOTION DETECTED,Background Subtraction (MOG2),20,14
2026-07-09 10:06:36.679,690,MOTION DETECTED,Background Subtraction (MOG2),21,19
2026-07-09 10:06:36.719,691,MOTION DETECTED,Background Subtraction (MOG2),23,18
2026-07-09 10:06:36.757,692,MOTION DETECTED,Background Subtraction (MOG2),24,22
2026-07-09 10:06:36.799,693,MOTION DETECTED,Background Subtraction (MOG2),29,25
2026-07-09 10:06:36.848,694,MOTION DETECTED,Background Subtraction (MOG2),28,26
2026-07-09 10:06:36.887,695,MOTION DETECTED,Background Subtraction (MOG2),24,22
2026-07-09 10:06:36.919,696,MOTION DETECTED,Background Subtraction (MOG2),24,23
2026-07-09 10:06:36.957,697,MOTION DETECTED,Background Subtraction (MOG2),24,22
2026-07-09 10:06:37.004,698,MOTION DETECTED,Background Subtraction (MOG2),26,25
2026-07-09 10:06:37.041,699,MOTION DETECTED,Background Subtraction (MOG2),27,24
2026-07-09 10:06:37.092,700,MOTION DETECTED,Background Subtraction (MOG2),27,24
2026-07-09 10:06:37.144,701,MOTION DETECTED,Background Subtraction (MOG2),28,26
2026-07-09 10:06:37.193,702,MOTION DETECTED,Background Subtraction (MOG2),27,27
2026-07-09 10:06:37.241,703,MOTION DETECTED,Background Subtraction (MOG2),28,26
2026-07-09 10:06:37.282,704,MOTION DETECTED,Background Subtraction (MOG2),28,23
2026-07-09 10:06:37.329,705,MOTION DETECTED,Background Subtraction (MOG2),26,25
2026-07-09 10:06:37.383,706,MOTION DETECTED,Background Subtraction (MOG2),25,24
2026-07-09 10:06:37.417,707,MOTION DETECTED,Background Subtraction (MOG2),24,24
2026-07-09 10:06:37.467,708,MOTION DETECTED,Background Subtraction (MOG2),25,24
2026-07-09 10:06:37.504,709,MOTION DETECTED,Background Subtraction (MOG2),24,22
2026-07-09 10:06:37.546,710,MOTION DETECTED,Background Subtraction (MOG2),25,22
2026-07-09 10:06:37.593,711,MOTION DETECTED,Background Subtraction (MOG2),27,24
2026-07-09 10:06:37.638,712,MOTION DETECTED,Background Subtraction (MOG2),23,23
2026-07-09 10:06:37.683,713,MOTION DETECTED,Background Subtraction (MOG2),25,24
2026-07-09 10:06:37.729,714,MOTION DETECTED,Background Subtraction (MOG2),21,20
2026-07-09 10:06:37.777,715,MOTION DETECTED,Background Subtraction (MOG2),22,20
2026-07-09 10:06:37.818,716,MOTION DETECTED,Background Subtraction (MOG2),24,19
2026-07-09 10:06:37.859,717,MOTION DETECTED,Background Subtraction (MOG2),26,26
2026-07-09 10:06:37.893,718,MOTION DETECTED,Background Subtraction (MOG2),24,22
2026-07-09 10:06:37.943,719,MOTION DETECTED,Background Subtraction (MOG2),24,22
2026-07-09 10:06:37.992,720,MOTION DETECTED,Background Subtraction (MOG2),26,25
2026-07-09 10:06:38.037,721,MOTION DETECTED,Background Subtraction (MOG2),24,22
2026-07-09 10:06:38.078,722,MOTION DETECTED,Background Subtraction (MOG2),21,21
2026-07-09 10:06:38.116,723,MOTION DETECTED,Background Subtraction (MOG2),29,21
2026-07-09 10:06:38.151,724,MOTION DETECTED,Background Subtraction (MOG2),28,25
2026-07-09 10:06:38.198,725,MOTION DETECTED,Background Subtraction (MOG2),31,28
2026-07-09 10:06:38.234,726,MOTION DETECTED,Background Subtraction (MOG2),33,30
2026-07-09 10:06:38.286,727,MOTION DETECTED,Background Subtraction (MOG2),28,28
2026-07-09 10:06:38.328,728,MOTION DETECTED,Background Subtraction (MOG2),29,27
2026-07-09 10:06:38.371,729,MOTION DETECTED,Background Subtraction (MOG2),25,25
2026-07-09 10:06:38.409,730,MOTION DETECTED,Background Subtraction (MOG2),31,25
2026-07-09 10:06:38.445,731,MOTION DETECTED,Background Subtraction (MOG2),32,27
2026-07-09 10:06:38.486,732,MOTION DETECTED,Background Subtraction (MOG2),27,26
2026-07-09 10:06:38.518,733,MOTION DETECTED,Background Subtraction (MOG2),30,26
2026-07-09 10:06:38.581,734,MOTION DETECTED,Background Subtraction (MOG2),27,26
2026-07-09 10:06:38.632,735,MOTION DETECTED,Background Subtraction (MOG2),29,27
2026-07-09 10:06:38.683,736,MOTION DETECTED,Background Subtraction (MOG2),34,25
2026-07-09 10:06:38.717,737,MOTION DETECTED,Background Subtraction (MOG2),37,28
2026-07-09 10:06:38.766,738,MOTION DETECTED,Background Subtraction (MOG2),37,34
2026-07-09 10:06:38.824,739,MOTION DETECTED,Background Subtraction (MOG2),40,36
2026-07-09 10:06:38.875,740,MOTION DETECTED,Background Subtraction (MOG2),37,34
2026-07-09 10:06:38.917,741,MOTION DETECTED,Background Subtraction (MOG2),36,33
2026-07-09 10:06:38.966,742,MOTION DETECTED,Background Subtraction (MOG2),33,31
2026-07-09 10:06:39.017,743,MOTION DETECTED,Background Subtraction (MOG2),33,32
2026-07-09 10:06:39.067,744,MOTION DETECTED,Background Subtraction (MOG2),36,31
2026-07-09 10:06:39.123,745,MOTION DETECTED,Background Subtraction (MOG2),37,36
2026-07-09 10:06:39.171,746,MOTION DETECTED,Background Subtraction (MOG2),34,31
2026-07-09 10:06:39.235,747,MOTION DETECTED,Background Subtraction (MOG2),39,34
2026-07-09 10:06:39.287,748,MOTION DETECTED,Background Subtraction (MOG2),41,35
2026-07-09 10:06:39.341,749,MOTION DETECTED,Background Subtraction (MOG2),36,35
2026-07-09 10:06:39.390,750,MOTION DETECTED,Background Subtraction (MOG2),32,31
2026-07-09 10:06:39.434,751,MOTION DETECTED,Background Subtraction (MOG2),33,26
2026-07-09 10:06:39.476,752,MOTION DETECTED,Background Subtraction (MOG2),36,28
2026-07-09 10:06:39.530,753,MOTION DETECTED,Background Subtraction (MOG2),37,30
2026-07-09 10:06:39.575,754,MOTION DETECTED,Background Subtraction (MOG2),35,27
2026-07-09 10:06:39.620,755,MOTION DETECTED,Background Subtraction (MOG2),40,35
2026-07-09 10:06:39.673,756,MOTION DETECTED,Background Subtraction (MOG2),40,34
2026-07-09 10:06:39.729,757,MOTION DETECTED,Background Subtraction (MOG2),37,33
2026-07-09 10:06:39.770,758,MOTION DETECTED,Background Subtraction (MOG2),35,33
2026-07-09 10:06:39.824,759,MOTION DETECTED,Background Subtraction (MOG2),32,30
2026-07-09 10:06:39.871,760,MOTION DETECTED,Background Subtraction (MOG2),33,29
2026-07-09 10:06:39.910,761,MOTION DETECTED,Background Subtraction (MOG2),41,36
2026-07-09 10:06:39.966,762,MOTION DETECTED,Background Subtraction (MOG2),37,34
2026-07-09 10:06:40.010,763,MOTION DETECTED,Background Subtraction (MOG2),35,33
2026-07-09 10:06:40.066,764,MOTION DETECTED,Background Subtraction (MOG2),43,37
2026-07-09 10:06:40.110,765,MOTION DETECTED,Background Subtraction (MOG2),40,39
2026-07-09 10:06:40.157,766,MOTION DETECTED,Background Subtraction (MOG2),38,32
2026-07-09 10:06:40.201,767,MOTION DETECTED,Background Subtraction (MOG2),39,37
2026-07-09 10:06:40.255,768,MOTION DETECTED,Background Subtraction (MOG2),37,35
2026-07-09 10:06:40.299,769,MOTION DETECTED,Background Subtraction (MOG2),39,34
2026-07-09 10:06:40.351,770,MOTION DETECTED,Background Subtraction (MOG2),34,33
2026-07-09 10:06:40.391,771,MOTION DETECTED,Background Subtraction (MOG2),37,34
2026-07-09 10:06:40.433,772,MOTION DETECTED,Background Subtraction (MOG2),37,34
2026-07-09 10:06:40.470,773,MOTION DETECTED,Background Subtraction (MOG2),40,40
2026-07-09 10:06:40.511,774,MOTION DETECTED,Background Subtraction (MOG2),36,33
2026-07-09 10:06:40.566,775,MOTION DETECTED,Background Subtraction (MOG2),37,33
2026-07-09 10:06:40.620,776,MOTION DETECTED,Background Subtraction (MOG2),35,31
2026-07-09 10:06:40.655,777,MOTION DETECTED,Background Subtraction (MOG2),30,28
2026-07-09 10:06:40.710,778,MOTION DETECTED,Background Subtraction (MOG2),31,26
2026-07-09 10:06:40.772,779,MOTION DETECTED,Background Subtraction (MOG2),29,27
2026-07-09 10:06:40.824,780,MOTION DETECTED,Background Subtraction (MOG2),32,29
2026-07-09 10:06:40.877,781,MOTION DETECTED,Background Subtraction (MOG2),35,33
2026-07-09 10:06:40.931,782,MOTION DETECTED,Background Subtraction (MOG2),35,29
2026-07-09 10:06:40.981,783,MOTION DETECTED,Background Subtraction (MOG2),31,29
2026-07-09 10:06:41.021,784,MOTION DETECTED,Background Subtraction (MOG2),33,28
2026-07-09 10:06:41.081,785,MOTION DETECTED,Background Subtraction (MOG2),30,29
2026-07-09 10:06:41.129,786,MOTION DETECTED,Background Subtraction (MOG2),31,29
2026-07-09 10:06:41.169,787,MOTION DETECTED,Background Subtraction (MOG2),34,28
2026-07-09 10:06:41.217,788,MOTION DETECTED,Background Subtraction (MOG2),33,31
2026-07-09 10:06:41.266,789,MOTION DETECTED,Background Subtraction (MOG2),36,31
2026-07-09 10:06:41.316,790,MOTION DETECTED,Background Subtraction (MOG2),35,29
2026-07-09 10:06:41.354,791,MOTION DETECTED,Background Subtraction (MOG2),29,27
2026-07-09 10:06:41.403,792,MOTION DETECTED,Background Subtraction (MOG2),32,29
2026-07-09 10:06:41.458,793,MOTION DETECTED,Background Subtraction (MOG2),30,29
2026-07-09 10:06:41.513,794,MOTION DETECTED,Background Subtraction (MOG2),28,26
2026-07-09 10:06:41.557,795,MOTION DETECTED,Background Subtraction (MOG2),34,30
2026-07-09 10:06:41.614,796,MOTION DETECTED,Background Subtraction (MOG2),33,31
2026-07-09 10:06:41.654,797,MOTION DETECTED,Background Subtraction (MOG2),34,31
2026-07-09 10:06:41.691,798,MOTION DETECTED,Background Subtraction (MOG2),29,27
2026-07-09 10:06:41.723,799,MOTION DETECTED,Background Subtraction (MOG2),26,23
2026-07-09 10:06:41.767,800,MOTION DETECTED,Background Subtraction (MOG2),26,25
2026-07-09 10:06:41.803,801,MOTION DETECTED,Background Subtraction (MOG2),24,23
2026-07-09 10:06:41.844,802,MOTION DETECTED,Background Subtraction (MOG2),28,25
2026-07-09 10:06:41.888,803,MOTION DETECTED,Background Subtraction (MOG2),28,25
2026-07-09 10:06:42.148,804,MOTION DETECTED,Background Subtraction (MOG2),31,28
2026-07-09 10:06:42.191,805,MOTION DETECTED,Background Subtraction (MOG2),33,28
2026-07-09 10:06:42.235,806,MOTION DETECTED,Background Subtraction (MOG2),33,29
2026-07-09 10:06:42.277,807,MOTION DETECTED,Background Subtraction (MOG2),32,31
2026-07-09 10:06:42.324,808,MOTION DETECTED,Background Subtraction (MOG2),33,27
2026-07-09 10:06:42.366,809,MOTION DETECTED,Background Subtraction (MOG2),34,31
2026-07-09 10:06:42.406,810,MOTION DETECTED,Background Subtraction (MOG2),35,33
2026-07-09 10:06:42.580,811,MOTION DETECTED,Background Subtraction (MOG2),35,32
2026-07-09 10:06:42.625,812,MOTION DETECTED,Background Subtraction (MOG2),32,32
2026-07-09 10:06:42.675,813,MOTION DETECTED,Background Subtraction (MOG2),31,30
2026-07-09 10:06:42.733,814,MOTION DETECTED,Background Subtraction (MOG2),27,22
2026-07-09 10:06:42.771,815,MOTION DETECTED,Background Subtraction (MOG2),24,22
2026-07-09 10:06:42.809,816,MOTION DETECTED,Background Subtraction (MOG2),29,27
2026-07-09 10:06:42.848,817,MOTION DETECTED,Background Subtraction (MOG2),29,27
2026-07-09 10:06:42.892,818,MOTION DETECTED,Background Subtraction (MOG2),31,29
2026-07-09 10:06:42.950,819,MOTION DETECTED,Background Subtraction (MOG2),29,29
2026-07-09 10:06:42.985,820,MOTION DETECTED,Background Subtraction (MOG2),33,30
2026-07-09 10:06:43.027,821,MOTION DETECTED,Background Subtraction (MOG2),29,27
2026-07-09 10:06:43.068,822,MOTION DETECTED,Background Subtraction (MOG2),24,24
2026-07-09 10:06:43.109,823,MOTION DETECTED,Background Subtraction (MOG2),27,26
2026-07-09 10:06:43.149,824,MOTION DETECTED,Background Subtraction (MOG2),27,26
2026-07-09 10:06:43.185,825,MOTION DETECTED,Background Subtraction (MOG2),27,25
2026-07-09 10:06:43.220,826,MOTION DETECTED,Background Subtraction (MOG2),28,25
2026-07-09 10:06:43.274,827,MOTION DETECTED,Background Subtraction (MOG2),28,26
2026-07-09 10:06:43.452,828,MOTION DETECTED,Background Subtraction (MOG2),25,24
2026-07-09 10:06:43.533,829,MOTION DETECTED,Background Subtraction (MOG2),20,20
2026-07-09 10:06:43.574,830,MOTION DETECTED,Background Subtraction (MOG2),19,18
2026-07-09 10:06:43.612,831,MOTION DETECTED,Background Subtraction (MOG2),19,18
2026-07-09 10:06:43.659,832,MOTION DETECTED,Background Subtraction (MOG2),19,18
2026-07-09 10:06:43.691,833,MOTION DETECTED,Background Subtraction (MOG2),18,17
2026-07-09 10:06:44.030,834,MOTION DETECTED,Background Subtraction (MOG2),18,16
2026-07-09 10:06:44.081,835,MOTION DETECTED,Background Subtraction (MOG2),17,17
2026-07-09 10:06:44.131,836,MOTION DETECTED,Background Subtraction (MOG2),19,15
2026-07-09 10:06:44.172,837,MOTION DETECTED,Background Subtraction (MOG2),17,17
2026-07-09 10:06:44.226,838,MOTION DETECTED,Background Subtraction (MOG2),13,13
2026-07-09 10:06:44.268,839,MOTION DETECTED,Background Subtraction (MOG2),13,10
2026-07-09 10:06:44.317,840,MOTION DETECTED,Background Subtraction (MOG2),13,11
2026-07-09 10:06:44.370,841,MOTION DETECTED,Background Subtraction (MOG2),19,13
2026-07-09 10:06:44.416,842,MOTION DETECTED,Background Subtraction (MOG2),19,18
2026-07-09 10:06:44.458,843,MOTION DETECTED,Background Subtraction (MOG2),17,16
2026-07-09 10:06:44.504,844,MOTION DETECTED,Background Subtraction (MOG2),12,11
2026-07-09 10:06:44.566,845,MOTION DETECTED,Background Subtraction (MOG2),14,10
2026-07-09 10:06:44.618,846,MOTION DETECTED,Background Subtraction (MOG2),13,13
2026-07-09 10:06:44.666,847,MOTION DETECTED,Background Subtraction (MOG2),12,11
2026-07-09 10:06:44.716,848,MOTION DETECTED,Background Subtraction (MOG2),12,10
2026-07-09 10:06:44.757,849,MOTION DETECTED,Background Subtraction (MOG2),12,11
2026-07-09 10:06:44.812,850,MOTION DETECTED,Background Subtraction (MOG2),16,14
2026-07-09 10:06:44.855,851,MOTION DETECTED,Background Subtraction (MOG2),17,16
2026-07-09 10:06:44.899,852,MOTION DETECTED,Background Subtraction (MOG2),14,13
2026-07-09 10:06:44.941,853,MOTION DETECTED,Background Subtraction (MOG2),16,13
2026-07-09 10:06:45.100,854,MOTION DETECTED,Background Subtraction (MOG2),19,14
2026-07-09 10:06:45.159,855,MOTION DETECTED,Background Subtraction (MOG2),19,16
2026-07-09 10:06:45.202,856,MOTION DETECTED,Background Subtraction (MOG2),17,17
2026-07-09 10:06:45.251,857,MOTION DETECTED,Background Subtraction (MOG2),17,17
2026-07-09 10:06:45.442,858,MOTION DETECTED,Background Subtraction (MOG2),18,15
2026-07-09 10:06:45.491,859,MOTION DETECTED,Background Subtraction (MOG2),18,18
2026-07-09 10:06:45.539,860,MOTION DETECTED,Background Subtraction (MOG2),17,16
2026-07-09 10:06:45.590,861,MOTION DETECTED,Background Subtraction (MOG2),18,18
2026-07-09 10:06:45.646,862,MOTION DETECTED,Background Subtraction (MOG2),15,14
2026-07-09 10:06:45.703,863,MOTION DETECTED,Background Subtraction (MOG2),12,12
2026-07-09 10:06:45.756,864,MOTION DETECTED,Background Subtraction (MOG2),12,12
2026-07-09 10:06:45.806,865,MOTION DETECTED,Background Subtraction (MOG2),14,12
2026-07-09 10:06:45.858,866,MOTION DETECTED,Background Subtraction (MOG2),10,9
2026-07-09 10:06:45.899,867,MOTION DETECTED,Background Subtraction (MOG2),10,10
2026-07-09 10:06:45.953,868,MOTION DETECTED,Background Subtraction (MOG2),12,9
2026-07-09 10:06:45.997,869,MOTION DETECTED,Background Subtraction (MOG2),10,10
2026-07-09 10:06:46.050,870,MOTION DETECTED,Background Subtraction (MOG2),12,9
2026-07-09 10:06:46.097,871,MOTION DETECTED,Background Subtraction (MOG2),11,10
2026-07-09 10:06:46.141,872,MOTION DETECTED,Background Subtraction (MOG2),12,11
2026-07-09 10:06:46.183,873,MOTION DETECTED,Background Subtraction (MOG2),12,11
2026-07-09 10:06:46.231,874,MOTION DETECTED,Background Subtraction (MOG2),10,9
2026-07-09 10:06:46.271,875,MOTION DETECTED,Background Subtraction (MOG2),9,9
2026-07-09 10:06:46.592,876,MOTION DETECTED,Background Subtraction (MOG2),7,7
2026-07-09 10:06:46.635,877,MOTION DETECTED,Background Subtraction (MOG2),8,7
2026-07-09 10:06:46.686,878,MOTION DETECTED,Background Subtraction (MOG2),9,8
2026-07-09 10:06:46.875,879,MOTION DETECTED,Background Subtraction (MOG2),8,7
2026-07-09 10:06:46.920,880,MOTION DETECTED,Background Subtraction (MOG2),9,6
2026-07-09 10:06:46.966,881,MOTION DETECTED,Background Subtraction (MOG2),11,10
2026-07-09 10:06:47.011,882,MOTION DETECTED,Background Subtraction (MOG2),9,9
2026-07-09 10:06:47.055,883,MOTION DETECTED,Background Subtraction (MOG2),7,7
2026-07-09 10:06:47.115,884,MOTION DETECTED,Background Subtraction (MOG2),7,6
2026-07-09 10:06:47.166,885,MOTION DETECTED,Background Subtraction (MOG2),9,7
2026-07-09 10:06:47.212,886,MOTION DETECTED,Background Subtraction (MOG2),9,8
2026-07-09 10:06:47.261,887,MOTION DETECTED,Background Subtraction (MOG2),9,8
2026-07-09 10:06:47.309,888,MOTION DETECTED,Background Subtraction (MOG2),9,9
2026-07-09 10:06:47.367,889,MOTION DETECTED,Background Subtraction (MOG2),7,7
2026-07-09 10:06:47.418,890,MOTION DETECTED,Background Subtraction (MOG2),7,7
2026-07-09 10:06:47.463,891,MOTION DETECTED,Background Subtraction (MOG2),7,7
2026-07-09 10:06:47.507,892,MOTION DETECTED,Background Subtraction (MOG2),8,7
2026-07-09 10:06:47.558,893,MOTION DETECTED,Background Subtraction (MOG2),9,8
2026-07-09 10:06:47.608,894,MOTION DETECTED,Background Subtraction (MOG2),11,10
2026-07-09 10:06:47.656,895,MOTION DETECTED,Background Subtraction (MOG2),10,9
2026-07-09 10:06:47.701,896,MOTION DETECTED,Background Subtraction (MOG2),11,10
2026-07-09 10:06:47.744,897,MOTION DETECTED,Background Subtraction (MOG2),9,9
2026-07-09 10:11:29.676,1,NO MOTION,Background Subtraction (MOG2),0,0
2026-07-09 10:11:29.752,2,NO MOTION,Background Subtraction (MOG2),0,0
2026-07-09 10:11:29.791,3,NO MOTION,Background Subtraction (MOG2),10,0
2026-07-09 10:11:29.845,4,MOTION DETECTED,Background Subtraction (MOG2),21,2
2026-07-09 10:11:29.903,5,MOTION DETECTED,Background Subtraction (MOG2),19,4
2026-07-09 10:11:29.957,6,MOTION DETECTED,Background Subtraction (MOG2),21,7
2026-07-09 10:11:30.007,7,MOTION DETECTED,Background Subtraction (MOG2),25,7
2026-07-09 10:11:30.063,8,MOTION DETECTED,Background Subtraction (MOG2),23,7
2026-07-09 10:11:30.124,9,MOTION DETECTED,Background Subtraction (MOG2),28,8
2026-07-09 10:11:30.178,10,MOTION DETECTED,Background Subtraction (MOG2),30,9
2026-07-09 10:11:30.249,11,MOTION DETECTED,Background Subtraction (MOG2),33,9
2026-07-09 10:11:30.311,12,MOTION DETECTED,Background Subtraction (MOG2),38,8
2026-07-09 10:11:30.368,13,MOTION DETECTED,Background Subtraction (MOG2),40,9
2026-07-09 10:11:30.423,14,MOTION DETECTED,Background Subtraction (MOG2),39,10
2026-07-09 10:11:30.462,15,MOTION DETECTED,Background Subtraction (MOG2),43,10
2026-07-09 10:11:30.515,16,MOTION DETECTED,Background Subtraction (MOG2),39,10
2026-07-09 10:11:30.562,17,MOTION DETECTED,Background Subtraction (MOG2),37,10
2026-07-09 10:11:30.639,18,MOTION DETECTED,Background Subtraction (MOG2),30,9
2026-07-09 10:11:30.693,19,MOTION DETECTED,Background Subtraction (MOG2),32,10
2026-07-09 10:11:30.745,20,MOTION DETECTED,Background Subtraction (MOG2),30,10
2026-07-09 10:11:30.803,21,MOTION DETECTED,Background Subtraction (MOG2),32,10
2026-07-09 10:11:30.848,22,MOTION DETECTED,Background Subtraction (MOG2),36,9
2026-07-09 10:11:30.903,23,MOTION DETECTED,Background Subtraction (MOG2),37,9
2026-07-09 10:11:30.956,24,MOTION DETECTED,Background Subtraction (MOG2),34,8
2026-07-09 10:11:31.007,25,MOTION DETECTED,Background Subtraction (MOG2),34,8
2026-07-09 10:11:31.058,26,MOTION DETECTED,Background Subtraction (MOG2),36,8
2026-07-09 10:11:31.107,27,MOTION DETECTED,Background Subtraction (MOG2),31,8
2026-07-09 10:11:31.164,28,MOTION DETECTED,Background Subtraction (MOG2),33,6
2026-07-09 10:11:31.215,29,MOTION DETECTED,Background Subtraction (MOG2),35,6
2026-07-09 10:11:31.263,30,MOTION DETECTED,Background Subtraction (MOG2),38,6
2026-07-09 10:11:31.314,31,MOTION DETECTED,Background Subtraction (MOG2),34,6
2026-07-09 10:11:31.365,32,MOTION DETECTED,Background Subtraction (MOG2),31,6
2026-07-09 10:11:31.414,33,MOTION DETECTED,Background Subtraction (MOG2),27,6
2026-07-09 10:11:31.459,34,MOTION DETECTED,Background Subtraction (MOG2),32,8
2026-07-09 10:11:31.510,35,MOTION DETECTED,Background Subtraction (MOG2),28,8
2026-07-09 10:11:31.576,36,MOTION DETECTED,Background Subtraction (MOG2),26,8
2026-07-09 10:11:31.623,37,MOTION DETECTED,Background Subtraction (MOG2),25,7
2026-07-09 10:11:31.681,38,MOTION DETECTED,Background Subtraction (MOG2),21,8
2026-07-09 10:11:31.724,39,MOTION DETECTED,Background Subtraction (MOG2),19,9
2026-07-09 10:11:31.780,40,MOTION DETECTED,Background Subtraction (MOG2),20,9
2026-07-09 10:11:31.840,41,MOTION DETECTED,Background Subtraction (MOG2),22,9
2026-07-09 10:11:31.886,42,MOTION DETECTED,Background Subtraction (MOG2),20,10
2026-07-09 10:11:31.949,43,MOTION DETECTED,Background Subtraction (MOG2),17,10
2026-07-09 10:11:31.996,44,MOTION DETECTED,Background Subtraction (MOG2),17,10
2026-07-09 10:11:32.037,45,MOTION DETECTED,Background Subtraction (MOG2),18,10
2026-07-09 10:11:32.090,46,MOTION DETECTED,Background Subtraction (MOG2),22,9
2026-07-09 10:11:32.141,47,MOTION DETECTED,Background Subtraction (MOG2),24,8
2026-07-09 10:11:32.176,48,MOTION DETECTED,Background Subtraction (MOG2),23,8
2026-07-09 10:11:32.230,49,MOTION DETECTED,Background Subtraction (MOG2),23,6
2026-07-09 10:11:32.294,50,MOTION DETECTED,Background Subtraction (MOG2),29,8
2026-07-09 10:11:32.341,51,MOTION DETECTED,Background Subtraction (MOG2),26,8
2026-07-09 10:11:32.378,52,MOTION DETECTED,Background Subtraction (MOG2),31,10
2026-07-09 10:11:32.431,53,MOTION DETECTED,Background Subtraction (MOG2),31,5
2026-07-09 10:11:32.478,54,MOTION DETECTED,Background Subtraction (MOG2),31,5
2026-07-09 10:11:32.531,55,MOTION DETECTED,Background Subtraction (MOG2),30,6
2026-07-09 10:11:32.574,56,MOTION DETECTED,Background Subtraction (MOG2),30,7
2026-07-09 10:11:32.622,57,MOTION DETECTED,Background Subtraction (MOG2),30,6
2026-07-09 10:11:32.672,58,MOTION DETECTED,Background Subtraction (MOG2),28,6
2026-07-09 10:11:32.714,59,MOTION DETECTED,Background Subtraction (MOG2),31,7
2026-07-09 10:11:32.765,60,MOTION DETECTED,Background Subtraction (MOG2),30,7
2026-07-09 10:11:32.812,61,MOTION DETECTED,Background Subtraction (MOG2),34,6
2026-07-09 10:11:32.858,62,MOTION DETECTED,Background Subtraction (MOG2),35,5
2026-07-09 10:11:32.924,63,MOTION DETECTED,Background Subtraction (MOG2),32,7
2026-07-09 10:11:32.960,64,MOTION DETECTED,Background Subtraction (MOG2),30,6
2026-07-09 10:11:32.994,65,MOTION DETECTED,Background Subtraction (MOG2),26,5
2026-07-09 10:11:33.041,66,MOTION DETECTED,Background Subtraction (MOG2),25,4
2026-07-09 10:11:33.082,67,MOTION DETECTED,Background Subtraction (MOG2),25,4
2026-07-09 10:11:33.117,68,MOTION DETECTED,Background Subtraction (MOG2),27,3
2026-07-09 10:11:33.160,69,MOTION DETECTED,Background Subtraction (MOG2),26,4
2026-07-09 10:11:33.199,70,MOTION DETECTED,Background Subtraction (MOG2),27,4
2026-07-09 10:11:33.241,71,MOTION DETECTED,Background Subtraction (MOG2),30,4
2026-07-09 10:11:33.286,72,MOTION DETECTED,Background Subtraction (MOG2),30,3
2026-07-09 10:11:33.317,73,MOTION DETECTED,Background Subtraction (MOG2),33,3
2026-07-09 10:11:33.358,74,MOTION DETECTED,Background Subtraction (MOG2),39,4
2026-07-09 10:11:33.397,75,MOTION DETECTED,Background Subtraction (MOG2),40,4
2026-07-09 10:11:33.431,76,MOTION DETECTED,Background Subtraction (MOG2),35,4
2026-07-09 10:11:33.460,77,MOTION DETECTED,Background Subtraction (MOG2),32,4
2026-07-09 10:11:33.509,78,MOTION DETECTED,Background Subtraction (MOG2),32,4
2026-07-09 10:11:33.544,79,MOTION DETECTED,Background Subtraction (MOG2),32,5
2026-07-09 10:11:33.574,80,MOTION DETECTED,Background Subtraction (MOG2),33,5
2026-07-09 10:11:33.625,81,MOTION DETECTED,Background Subtraction (MOG2),36,5
2026-07-09 10:11:33.674,82,MOTION DETECTED,Background Subtraction (MOG2),41,4
2026-07-09 10:11:33.709,83,MOTION DETECTED,Background Subtraction (MOG2),43,4
2026-07-09 10:11:33.749,84,MOTION DETECTED,Background Subtraction (MOG2),40,4
2026-07-09 10:11:33.776,85,MOTION DETECTED,Background Subtraction (MOG2),43,4
2026-07-09 10:11:33.816,86,MOTION DETECTED,Background Subtraction (MOG2),38,5
2026-07-09 10:11:33.858,87,MOTION DETECTED,Background Subtraction (MOG2),41,5
2026-07-09 10:11:33.893,88,MOTION DETECTED,Background Subtraction (MOG2),42,5
2026-07-09 10:11:33.945,89,MOTION DETECTED,Background Subtraction (MOG2),34,6
2026-07-09 10:11:33.978,90,MOTION DETECTED,Background Subtraction (MOG2),34,6
2026-07-09 10:11:34.028,91,MOTION DETECTED,Background Subtraction (MOG2),35,4
2026-07-09 10:11:34.072,92,MOTION DETECTED,Background Subtraction (MOG2),44,5
2026-07-09 10:11:34.124,93,MOTION DETECTED,Background Subtraction (MOG2),45,4
2026-07-09 10:11:34.172,94,MOTION DETECTED,Background Subtraction (MOG2),43,3
2026-07-09 10:11:34.217,95,MOTION DETECTED,Background Subtraction (MOG2),41,3
2026-07-09 10:11:34.265,96,MOTION DETECTED,Background Subtraction (MOG2),40,3
2026-07-09 10:11:34.323,97,MOTION DETECTED,Background Subtraction (MOG2),46,4
2026-07-09 10:11:34.362,98,MOTION DETECTED,Background Subtraction (MOG2),42,4
2026-07-09 10:11:34.424,99,MOTION DETECTED,Background Subtraction (MOG2),45,4
2026-07-09 10:11:34.470,100,MOTION DETECTED,Background Subtraction (MOG2),41,3
2026-07-09 10:11:34.512,101,MOTION DETECTED,Background Subtraction (MOG2),38,4
2026-07-09 10:11:34.574,102,MOTION DETECTED,Background Subtraction (MOG2),38,4
2026-07-09 10:11:34.623,103,MOTION DETECTED,Background Subtraction (MOG2),33,3
2026-07-09 10:11:34.674,104,MOTION DETECTED,Background Subtraction (MOG2),32,5
2026-07-09 10:11:34.722,105,MOTION DETECTED,Background Subtraction (MOG2),33,5
2026-07-09 10:11:34.764,106,MOTION DETECTED,Background Subtraction (MOG2),34,4
2026-07-09 10:11:34.813,107,MOTION DETECTED,Background Subtraction (MOG2),36,4
2026-07-09 10:11:34.857,108,MOTION DETECTED,Background Subtraction (MOG2),44,5
2026-07-09 10:11:34.902,109,MOTION DETECTED,Background Subtraction (MOG2),44,4
2026-07-09 10:11:34.957,110,MOTION DETECTED,Background Subtraction (MOG2),44,7
2026-07-09 10:11:35.011,111,MOTION DETECTED,Background Subtraction (MOG2),47,8
2026-07-09 10:11:35.057,112,MOTION DETECTED,Background Subtraction (MOG2),45,7
2026-07-09 10:11:35.108,113,MOTION DETECTED,Background Subtraction (MOG2),47,7
2026-07-09 10:11:35.157,114,MOTION DETECTED,Background Subtraction (MOG2),46,9
2026-07-09 10:11:35.208,115,MOTION DETECTED,Background Subtraction (MOG2),43,11
2026-07-09 10:11:35.257,116,MOTION DETECTED,Background Subtraction (MOG2),48,7
2026-07-09 10:11:35.301,117,MOTION DETECTED,Background Subtraction (MOG2),48,6
2026-07-09 10:11:35.356,118,MOTION DETECTED,Background Subtraction (MOG2),41,7
2026-07-09 10:11:35.392,119,MOTION DETECTED,Background Subtraction (MOG2),48,7
2026-07-09 10:11:35.457,120,MOTION DETECTED,Background Subtraction (MOG2),40,8
2026-07-09 10:11:35.510,121,MOTION DETECTED,Background Subtraction (MOG2),41,6
2026-07-09 10:11:35.556,122,MOTION DETECTED,Background Subtraction (MOG2),43,6
2026-07-09 10:11:35.610,123,MOTION DETECTED,Background Subtraction (MOG2),42,6
2026-07-09 10:11:35.657,124,MOTION DETECTED,Background Subtraction (MOG2),40,5
2026-07-09 10:11:35.708,125,MOTION DETECTED,Background Subtraction (MOG2),43,6
2026-07-09 10:11:35.756,126,MOTION DETECTED,Background Subtraction (MOG2),40,6
2026-07-09 10:11:35.809,127,MOTION DETECTED,Background Subtraction (MOG2),36,6
2026-07-09 10:11:35.852,128,MOTION DETECTED,Background Subtraction (MOG2),36,6
2026-07-09 10:11:35.902,129,MOTION DETECTED,Background Subtraction (MOG2),37,6
2026-07-09 10:11:35.944,130,MOTION DETECTED,Background Subtraction (MOG2),35,7
2026-07-09 10:11:35.996,131,MOTION DETECTED,Background Subtraction (MOG2),34,6
2026-07-09 10:11:36.044,132,MOTION DETECTED,Background Subtraction (MOG2),33,7
2026-07-09 10:11:36.076,133,MOTION DETECTED,Background Subtraction (MOG2),34,7
2026-07-09 10:11:36.128,134,MOTION DETECTED,Background Subtraction (MOG2),38,7
2026-07-09 10:11:36.175,135,MOTION DETECTED,Background Subtraction (MOG2),38,7
2026-07-09 10:11:36.217,136,MOTION DETECTED,Background Subtraction (MOG2),39,8
2026-07-09 10:11:36.246,137,MOTION DETECTED,Background Subtraction (MOG2),43,7
2026-07-09 10:11:36.287,138,MOTION DETECTED,Background Subtraction (MOG2),43,8
2026-07-09 10:11:36.317,139,MOTION DETECTED,Background Subtraction (MOG2),38,7
2026-07-09 10:11:36.356,140,MOTION DETECTED,Background Subtraction (MOG2),43,6
2026-07-09 10:11:36.400,141,MOTION DETECTED,Background Subtraction (MOG2),40,8
2026-07-09 10:11:36.438,142,MOTION DETECTED,Background Subtraction (MOG2),44,7
2026-07-09 10:11:36.474,143,MOTION DETECTED,Background Subtraction (MOG2),44,6
2026-07-09 10:11:36.531,144,MOTION DETECTED,Background Subtraction (MOG2),43,5
2026-07-09 10:11:36.571,145,MOTION DETECTED,Background Subtraction (MOG2),42,5
2026-07-09 10:11:36.610,146,MOTION DETECTED,Background Subtraction (MOG2),43,5
2026-07-09 10:11:36.641,147,MOTION DETECTED,Background Subtraction (MOG2),40,6
2026-07-09 10:11:36.707,148,MOTION DETECTED,Background Subtraction (MOG2),42,6
2026-07-09 10:11:36.758,149,MOTION DETECTED,Background Subtraction (MOG2),41,7
2026-07-09 10:11:36.807,150,MOTION DETECTED,Background Subtraction (MOG2),42,7
2026-07-09 10:11:36.858,151,MOTION DETECTED,Background Subtraction (MOG2),41,6
2026-07-09 10:11:36.910,152,MOTION DETECTED,Background Subtraction (MOG2),43,9
2026-07-09 10:11:36.962,153,MOTION DETECTED,Background Subtraction (MOG2),47,11
2026-07-09 10:11:37.011,154,MOTION DETECTED,Background Subtraction (MOG2),44,8
2026-07-09 10:11:37.058,155,MOTION DETECTED,Background Subtraction (MOG2),43,9
2026-07-09 10:11:37.107,156,MOTION DETECTED,Background Subtraction (MOG2),41,9
2026-07-09 10:11:37.145,157,MOTION DETECTED,Background Subtraction (MOG2),47,8
2026-07-09 10:11:37.192,158,MOTION DETECTED,Background Subtraction (MOG2),47,9
2026-07-09 10:11:37.227,159,MOTION DETECTED,Background Subtraction (MOG2),44,9
2026-07-09 10:11:37.259,160,MOTION DETECTED,Background Subtraction (MOG2),43,8
2026-07-09 10:11:37.291,161,MOTION DETECTED,Background Subtraction (MOG2),46,9
2026-07-09 10:11:37.347,162,MOTION DETECTED,Background Subtraction (MOG2),45,9
2026-07-09 10:11:37.389,163,MOTION DETECTED,Background Subtraction (MOG2),44,8
2026-07-09 10:11:37.432,164,MOTION DETECTED,Background Subtraction (MOG2),46,9
2026-07-09 10:11:37.482,165,MOTION DETECTED,Background Subtraction (MOG2),46,8
2026-07-09 10:11:37.512,166,MOTION DETECTED,Background Subtraction (MOG2),46,8
2026-07-09 10:11:37.551,167,MOTION DETECTED,Background Subtraction (MOG2),46,7
2026-07-09 10:11:37.594,168,MOTION DETECTED,Background Subtraction (MOG2),45,5
2026-07-09 10:11:37.627,169,MOTION DETECTED,Background Subtraction (MOG2),46,6
2026-07-09 10:11:37.660,170,MOTION DETECTED,Background Subtraction (MOG2),39,6
2026-07-09 10:11:37.691,171,MOTION DETECTED,Background Subtraction (MOG2),38,6
2026-07-09 10:11:37.729,172,MOTION DETECTED,Background Subtraction (MOG2),42,5
2026-07-09 10:11:37.772,173,MOTION DETECTED,Background Subtraction (MOG2),39,5
2026-07-09 10:11:37.824,174,MOTION DETECTED,Background Subtraction (MOG2),37,5
2026-07-09 10:11:37.859,175,MOTION DETECTED,Background Subtraction (MOG2),40,4
2026-07-09 10:11:37.893,176,MOTION DETECTED,Background Subtraction (MOG2),41,5
2026-07-09 10:11:37.933,177,MOTION DETECTED,Background Subtraction (MOG2),40,5
2026-07-09 10:11:37.967,178,MOTION DETECTED,Background Subtraction (MOG2),44,5
2026-07-09 10:11:37.997,179,MOTION DETECTED,Background Subtraction (MOG2),42,5
2026-07-09 10:11:38.042,180,MOTION DETECTED,Background Subtraction (MOG2),36,3
2026-07-09 10:11:38.072,181,MOTION DETECTED,Background Subtraction (MOG2),44,5
2026-07-09 10:11:38.115,182,MOTION DETECTED,Background Subtraction (MOG2),45,5
2026-07-09 10:11:38.141,183,MOTION DETECTED,Background Subtraction (MOG2),44,5
2026-07-09 10:11:38.176,184,MOTION DETECTED,Background Subtraction (MOG2),41,5
2026-07-09 10:11:38.214,185,MOTION DETECTED,Background Subtraction (MOG2),40,5
2026-07-09 10:11:38.243,186,MOTION DETECTED,Background Subtraction (MOG2),41,4
2026-07-09 10:11:38.281,187,MOTION DETECTED,Background Subtraction (MOG2),41,4
2026-07-09 10:11:38.314,188,MOTION DETECTED,Background Subtraction (MOG2),38,4
2026-07-09 10:11:38.341,189,MOTION DETECTED,Background Subtraction (MOG2),38,4
2026-07-09 10:11:38.379,190,MOTION DETECTED,Background Subtraction (MOG2),38,4
2026-07-09 10:11:38.429,191,MOTION DETECTED,Background Subtraction (MOG2),37,4
2026-07-09 10:11:38.460,192,MOTION DETECTED,Background Subtraction (MOG2),37,3
2026-07-09 10:11:38.494,193,MOTION DETECTED,Background Subtraction (MOG2),36,2
2026-07-09 10:11:38.526,194,MOTION DETECTED,Background Subtraction (MOG2),34,2
2026-07-09 10:11:38.563,195,MOTION DETECTED,Background Subtraction (MOG2),30,2
2026-07-09 10:11:38.594,196,MOTION DETECTED,Background Subtraction (MOG2),32,2
2026-07-09 10:11:38.627,197,MOTION DETECTED,Background Subtraction (MOG2),38,3
2026-07-09 10:11:38.661,198,MOTION DETECTED,Background Subtraction (MOG2),40,3
2026-07-09 10:11:38.697,199,MOTION DETECTED,Background Subtraction (MOG2),37,3
2026-07-09 10:11:38.733,200,MOTION DETECTED,Background Subtraction (MOG2),34,4
2026-07-09 10:11:38.778,201,MOTION DETECTED,Background Subtraction (MOG2),33,4
2026-07-09 10:11:38.815,202,MOTION DETECTED,Background Subtraction (MOG2),37,3
2026-07-09 10:11:38.847,203,MOTION DETECTED,Background Subtraction (MOG2),39,3
2026-07-09 10:11:38.876,204,MOTION DETECTED,Background Subtraction (MOG2),40,3
2026-07-09 10:11:38.912,205,MOTION DETECTED,Background Subtraction (MOG2),41,4
2026-07-09 10:11:38.941,206,MOTION DETECTED,Background Subtraction (MOG2),41,4
2026-07-09 10:11:38.984,207,MOTION DETECTED,Background Subtraction (MOG2),42,4
2026-07-09 10:11:39.018,208,MOTION DETECTED,Background Subtraction (MOG2),43,4
2026-07-09 10:11:39.057,209,MOTION DETECTED,Background Subtraction (MOG2),39,5
2026-07-09 10:11:39.090,210,MOTION DETECTED,Background Subtraction (MOG2),34,5
2026-07-09 10:11:39.124,211,MOTION DETECTED,Background Subtraction (MOG2),36,5
2026-07-09 10:11:39.161,212,MOTION DETECTED,Background Subtraction (MOG2),34,5
2026-07-09 10:11:39.194,213,MOTION DETECTED,Background Subtraction (MOG2),35,5
2026-07-09 10:11:39.226,214,MOTION DETECTED,Background Subtraction (MOG2),33,5
2026-07-09 10:11:39.261,215,MOTION DETECTED,Background Subtraction (MOG2),37,5
2026-07-09 10:11:39.295,216,MOTION DETECTED,Background Subtraction (MOG2),34,6
2026-07-09 10:11:39.326,217,MOTION DETECTED,Background Subtraction (MOG2),33,5
2026-07-09 10:11:39.363,218,MOTION DETECTED,Background Subtraction (MOG2),32,5
2026-07-09 10:11:39.391,219,MOTION DETECTED,Background Subtraction (MOG2),31,5
2026-07-09 10:11:39.429,220,MOTION DETECTED,Background Subtraction (MOG2),32,5
2026-07-09 10:11:39.464,221,MOTION DETECTED,Background Subtraction (MOG2),36,7
2026-07-09 10:11:39.495,222,MOTION DETECTED,Background Subtraction (MOG2),37,6
2026-07-09 10:11:39.535,223,MOTION DETECTED,Background Subtraction (MOG2),38,5
2026-07-09 10:11:39.565,224,MOTION DETECTED,Background Subtraction (MOG2),38,6
2026-07-09 10:11:39.595,225,MOTION DETECTED,Background Subtraction (MOG2),38,6
2026-07-09 10:11:39.626,226,MOTION DETECTED,Background Subtraction (MOG2),37,6
2026-07-09 10:11:39.661,227,MOTION DETECTED,Background Subtraction (MOG2),38,6
2026-07-09 10:11:39.696,228,MOTION DETECTED,Background Subtraction (MOG2),34,5
2026-07-09 10:11:39.728,229,MOTION DETECTED,Background Subtraction (MOG2),28,6
2026-07-09 10:11:39.759,230,MOTION DETECTED,Background Subtraction (MOG2),26,6
2026-07-09 10:11:39.794,231,MOTION DETECTED,Background Subtraction (MOG2),22,7
2026-07-09 10:11:39.829,232,MOTION DETECTED,Background Subtraction (MOG2),19,8
2026-07-09 10:11:39.861,233,MOTION DETECTED,Background Subtraction (MOG2),21,8
2026-07-09 10:11:39.893,234,MOTION DETECTED,Background Subtraction (MOG2),19,7
2026-07-09 10:11:39.924,235,MOTION DETECTED,Background Subtraction (MOG2),16,7
2026-07-09 10:11:39.957,236,MOTION DETECTED,Background Subtraction (MOG2),15,8
2026-07-09 10:11:39.994,237,MOTION DETECTED,Background Subtraction (MOG2),15,7
2026-07-09 10:11:40.028,238,MOTION DETECTED,Background Subtraction (MOG2),16,6
2026-07-09 10:11:40.060,239,MOTION DETECTED,Background Subtraction (MOG2),13,6
2026-07-09 10:11:40.095,240,MOTION DETECTED,Background Subtraction (MOG2),14,6
2026-07-09 10:11:40.122,241,MOTION DETECTED,Background Subtraction (MOG2),14,6
2026-07-09 10:11:40.165,242,MOTION DETECTED,Background Subtraction (MOG2),15,6
2026-07-09 10:11:40.193,243,MOTION DETECTED,Background Subtraction (MOG2),12,6
2026-07-09 10:11:40.232,244,MOTION DETECTED,Background Subtraction (MOG2),12,6
2026-07-09 10:11:40.273,245,MOTION DETECTED,Background Subtraction (MOG2),10,6
2026-07-09 10:11:40.309,246,MOTION DETECTED,Background Subtraction (MOG2),7,4
2026-07-09 10:11:40.343,247,MOTION DETECTED,Background Subtraction (MOG2),7,4
2026-07-09 10:11:40.374,248,MOTION DETECTED,Background Subtraction (MOG2),8,4
2026-07-09 10:11:40.410,249,MOTION DETECTED,Background Subtraction (MOG2),8,4
2026-07-09 10:11:40.441,250,MOTION DETECTED,Background Subtraction (MOG2),9,4
2026-07-09 10:11:40.474,251,MOTION DETECTED,Background Subtraction (MOG2),10,4
2026-07-09 10:11:40.512,252,MOTION DETECTED,Background Subtraction (MOG2),11,5
2026-07-09 10:11:40.542,253,MOTION DETECTED,Background Subtraction (MOG2),12,5
2026-07-09 10:11:40.576,254,MOTION DETECTED,Background Subtraction (MOG2),11,6
2026-07-09 10:11:40.610,255,MOTION DETECTED,Background Subtraction (MOG2),11,6
2026-07-09 10:11:40.643,256,MOTION DETECTED,Background Subtraction (MOG2),8,4
2026-07-09 10:11:40.675,257,MOTION DETECTED,Background Subtraction (MOG2),11,5
2026-07-09 10:11:40.708,258,MOTION DETECTED,Background Subtraction (MOG2),12,4
2026-07-09 10:11:40.742,259,MOTION DETECTED,Background Subtraction (MOG2),11,4
2026-07-09 10:11:40.776,260,MOTION DETECTED,Background Subtraction (MOG2),12,5
2026-07-09 10:11:40.813,261,MOTION DETECTED,Background Subtraction (MOG2),11,6
2026-07-09 10:11:40.842,262,MOTION DETECTED,Background Subtraction (MOG2),14,6
2026-07-09 10:11:40.874,263,MOTION DETECTED,Background Subtraction (MOG2),13,6
2026-07-09 10:11:40.911,264,MOTION DETECTED,Background Subtraction (MOG2),13,7
2026-07-09 10:11:40.942,265,MOTION DETECTED,Background Subtraction (MOG2),13,7
2026-07-09 10:11:40.974,266,MOTION DETECTED,Background Subtraction (MOG2),12,7
2026-07-09 10:11:41.011,267,MOTION DETECTED,Background Subtraction (MOG2),12,7
2026-07-09 10:11:41.043,268,MOTION DETECTED,Background Subtraction (MOG2),13,6
2026-07-09 10:11:41.077,269,MOTION DETECTED,Background Subtraction (MOG2),13,6
2026-07-09 10:11:41.109,270,MOTION DETECTED,Background Subtraction (MOG2),15,6
2026-07-09 10:11:41.143,271,MOTION DETECTED,Background Subtraction (MOG2),15,6
2026-07-09 10:11:41.174,272,MOTION DETECTED,Background Subtraction (MOG2),20,6
2026-07-09 10:11:41.211,273,MOTION DETECTED,Background Subtraction (MOG2),17,7
2026-07-09 10:11:41.241,274,MOTION DETECTED,Background Subtraction (MOG2),16,7
2026-07-09 10:11:41.274,275,MOTION DETECTED,Background Subtraction (MOG2),19,7
2026-07-09 10:11:41.312,276,MOTION DETECTED,Background Subtraction (MOG2),18,7
2026-07-09 10:11:41.343,277,MOTION DETECTED,Background Subtraction (MOG2),18,7
2026-07-09 10:11:41.375,278,MOTION DETECTED,Background Subtraction (MOG2),18,7
2026-07-09 10:11:41.408,279,MOTION DETECTED,Background Subtraction (MOG2),17,6
2026-07-09 10:11:41.442,280,MOTION DETECTED,Background Subtraction (MOG2),19,6
2026-07-09 10:11:41.477,281,MOTION DETECTED,Background Subtraction (MOG2),16,6
2026-07-09 10:11:41.539,282,MOTION DETECTED,Background Subtraction (MOG2),14,7
2026-07-09 10:11:41.574,283,MOTION DETECTED,Background Subtraction (MOG2),12,7
2026-07-09 10:11:41.609,284,MOTION DETECTED,Background Subtraction (MOG2),14,7
2026-07-09 10:11:41.640,285,MOTION DETECTED,Background Subtraction (MOG2),11,6
2026-07-09 10:11:41.676,286,MOTION DETECTED,Background Subtraction (MOG2),14,6
2026-07-09 10:11:41.710,287,MOTION DETECTED,Background Subtraction (MOG2),15,6
2026-07-09 10:11:41.741,288,MOTION DETECTED,Background Subtraction (MOG2),15,5
2026-07-09 10:11:41.774,289,MOTION DETECTED,Background Subtraction (MOG2),18,4
2026-07-09 10:11:41.810,290,MOTION DETECTED,Background Subtraction (MOG2),20,5
2026-07-09 10:11:41.842,291,MOTION DETECTED,Background Subtraction (MOG2),18,5
2026-07-09 10:11:41.878,292,MOTION DETECTED,Background Subtraction (MOG2),19,5
2026-07-09 10:11:41.909,293,MOTION DETECTED,Background Subtraction (MOG2),25,6
2026-07-09 10:11:41.943,294,MOTION DETECTED,Background Subtraction (MOG2),20,6
2026-07-09 10:11:41.980,295,MOTION DETECTED,Background Subtraction (MOG2),23,6
2026-07-09 10:11:42.009,296,MOTION DETECTED,Background Subtraction (MOG2),25,5
2026-07-09 10:11:42.045,297,MOTION DETECTED,Background Subtraction (MOG2),25,7
2026-07-09 10:11:42.079,298,MOTION DETECTED,Background Subtraction (MOG2),23,7
2026-07-09 10:11:42.108,299,MOTION DETECTED,Background Subtraction (MOG2),24,7
2026-07-09 10:11:42.141,300,MOTION DETECTED,Background Subtraction (MOG2),22,7
2026-07-09 10:11:42.175,301,MOTION DETECTED,Background Subtraction (MOG2),23,7
2026-07-09 10:11:42.209,302,MOTION DETECTED,Background Subtraction (MOG2),23,7
2026-07-09 10:11:42.244,303,MOTION DETECTED,Background Subtraction (MOG2),26,7
2026-07-09 10:11:42.277,304,MOTION DETECTED,Background Subtraction (MOG2),24,7
2026-07-09 10:11:42.309,305,MOTION DETECTED,Background Subtraction (MOG2),23,7
2026-07-09 10:11:42.343,306,MOTION DETECTED,Background Subtraction (MOG2),25,7
2026-07-09 10:11:42.379,307,MOTION DETECTED,Background Subtraction (MOG2),27,8
2026-07-09 10:11:42.409,308,MOTION DETECTED,Background Subtraction (MOG2),25,7
2026-07-09 10:11:42.443,309,MOTION DETECTED,Background Subtraction (MOG2),23,7
2026-07-09 10:11:42.478,310,MOTION DETECTED,Background Subtraction (MOG2),20,7
2026-07-09 10:11:42.507,311,MOTION DETECTED,Background Subtraction (MOG2),21,6
2026-07-09 10:11:42.546,312,MOTION DETECTED,Background Subtraction (MOG2),23,7
2026-07-09 10:11:42.574,313,MOTION DETECTED,Background Subtraction (MOG2),22,7
2026-07-09 10:11:42.610,314,MOTION DETECTED,Background Subtraction (MOG2),21,6
2026-07-09 10:11:42.641,315,MOTION DETECTED,Background Subtraction (MOG2),22,7
2026-07-09 10:11:42.676,316,MOTION DETECTED,Background Subtraction (MOG2),25,7
2026-07-09 10:11:42.709,317,MOTION DETECTED,Background Subtraction (MOG2),20,9
2026-07-09 10:11:42.742,318,MOTION DETECTED,Background Subtraction (MOG2),22,10
2026-07-09 10:11:42.776,319,MOTION DETECTED,Background Subtraction (MOG2),19,7
2026-07-09 10:11:42.814,320,MOTION DETECTED,Background Subtraction (MOG2),22,7
2026-07-09 10:11:42.870,321,MOTION DETECTED,Background Subtraction (MOG2),22,7
2026-07-09 10:11:42.943,322,MOTION DETECTED,Background Subtraction (MOG2),21,7
2026-07-09 10:11:42.991,323,MOTION DETECTED,Background Subtraction (MOG2),24,7
2026-07-09 10:11:43.027,324,MOTION DETECTED,Background Subtraction (MOG2),23,6
2026-07-09 10:11:43.060,325,MOTION DETECTED,Background Subtraction (MOG2),24,6
2026-07-09 10:11:43.089,326,MOTION DETECTED,Background Subtraction (MOG2),27,5
2026-07-09 10:11:43.123,327,MOTION DETECTED,Background Subtraction (MOG2),27,7
2026-07-09 10:11:43.172,328,MOTION DETECTED,Background Subtraction (MOG2),21,7
2026-07-09 10:11:43.219,329,MOTION DETECTED,Background Subtraction (MOG2),22,7
2026-07-09 10:11:43.245,330,MOTION DETECTED,Background Subtraction (MOG2),21,7
2026-07-09 10:11:43.298,331,MOTION DETECTED,Background Subtraction (MOG2),21,6
2026-07-09 10:11:43.344,332,MOTION DETECTED,Background Subtraction (MOG2),24,6
2026-07-09 10:11:43.382,333,MOTION DETECTED,Background Subtraction (MOG2),25,6
2026-07-09 10:11:43.431,334,MOTION DETECTED,Background Subtraction (MOG2),24,4
2026-07-09 10:11:43.478,335,MOTION DETECTED,Background Subtraction (MOG2),25,5
2026-07-09 10:11:43.516,336,MOTION DETECTED,Background Subtraction (MOG2),23,7
2026-07-09 10:11:43.562,337,MOTION DETECTED,Background Subtraction (MOG2),20,7
2026-07-09 10:11:43.604,338,MOTION DETECTED,Background Subtraction (MOG2),23,7
2026-07-09 10:11:43.644,339,MOTION DETECTED,Background Subtraction (MOG2),23,7
2026-07-09 10:11:43.715,340,MOTION DETECTED,Background Subtraction (MOG2),25,6
2026-07-09 10:11:43.758,341,MOTION DETECTED,Background Subtraction (MOG2),21,6
2026-07-09 10:11:43.806,342,MOTION DETECTED,Background Subtraction (MOG2),23,6
2026-07-09 10:11:43.851,343,MOTION DETECTED,Background Subtraction (MOG2),22,6
2026-07-09 10:11:43.888,344,MOTION DETECTED,Background Subtraction (MOG2),23,6
2026-07-09 10:11:43.931,345,MOTION DETECTED,Background Subtraction (MOG2),23,6
2026-07-09 10:11:43.964,346,MOTION DETECTED,Background Subtraction (MOG2),19,6
2026-07-09 10:11:43.998,347,MOTION DETECTED,Background Subtraction (MOG2),19,7
2026-07-09 10:11:44.029,348,MOTION DETECTED,Background Subtraction (MOG2),23,6
2026-07-09 10:11:44.058,349,MOTION DETECTED,Background Subtraction (MOG2),24,5
2026-07-09 10:11:44.092,350,MOTION DETECTED,Background Subtraction (MOG2),25,6
2026-07-09 10:11:44.131,351,MOTION DETECTED,Background Subtraction (MOG2),28,6
2026-07-09 10:11:44.176,352,MOTION DETECTED,Background Subtraction (MOG2),35,8
2026-07-09 10:11:44.231,353,MOTION DETECTED,Background Subtraction (MOG2),33,8
2026-07-09 10:11:44.278,354,MOTION DETECTED,Background Subtraction (MOG2),31,8
2026-07-09 10:11:44.311,355,MOTION DETECTED,Background Subtraction (MOG2),31,9
2026-07-09 10:11:44.367,356,MOTION DETECTED,Background Subtraction (MOG2),33,8
2026-07-09 10:11:44.407,357,MOTION DETECTED,Background Subtraction (MOG2),31,9
2026-07-09 10:11:44.448,358,MOTION DETECTED,Background Subtraction (MOG2),33,8
2026-07-09 10:11:44.494,359,MOTION DETECTED,Background Subtraction (MOG2),34,9
2026-07-09 10:11:44.545,360,MOTION DETECTED,Background Subtraction (MOG2),35,9
2026-07-09 10:11:44.591,361,MOTION DETECTED,Background Subtraction (MOG2),33,10
2026-07-09 10:11:44.639,362,MOTION DETECTED,Background Subtraction (MOG2),33,9
2026-07-09 10:11:44.686,363,MOTION DETECTED,Background Subtraction (MOG2),32,10
2026-07-09 10:11:44.731,364,MOTION DETECTED,Background Subtraction (MOG2),31,9
2026-07-09 10:11:44.778,365,MOTION DETECTED,Background Subtraction (MOG2),38,9
2026-07-09 10:11:44.828,366,MOTION DETECTED,Background Subtraction (MOG2),40,9
2026-07-09 10:11:44.866,367,MOTION DETECTED,Background Subtraction (MOG2),37,9
2026-07-09 10:11:44.917,368,MOTION DETECTED,Background Subtraction (MOG2),38,7
2026-07-09 10:11:44.970,369,MOTION DETECTED,Background Subtraction (MOG2),35,7
2026-07-09 10:11:45.018,370,MOTION DETECTED,Background Subtraction (MOG2),30,8
2026-07-09 10:11:45.073,371,MOTION DETECTED,Background Subtraction (MOG2),29,9
2026-07-09 10:11:45.119,372,MOTION DETECTED,Background Subtraction (MOG2),24,9
2026-07-09 10:11:45.166,373,MOTION DETECTED,Background Subtraction (MOG2),22,9
2026-07-09 10:11:45.215,374,MOTION DETECTED,Background Subtraction (MOG2),22,8
2026-07-09 10:11:45.273,375,MOTION DETECTED,Background Subtraction (MOG2),29,9
2026-07-09 10:11:45.315,376,MOTION DETECTED,Background Subtraction (MOG2),27,10
2026-07-09 10:11:45.355,377,MOTION DETECTED,Background Subtraction (MOG2),25,10
2026-07-09 10:11:45.391,378,MOTION DETECTED,Background Subtraction (MOG2),23,9
2026-07-09 10:11:45.439,379,MOTION DETECTED,Background Subtraction (MOG2),24,10
2026-07-09 10:11:45.498,380,MOTION DETECTED,Background Subtraction (MOG2),22,10
2026-07-09 10:11:45.541,381,MOTION DETECTED,Background Subtraction (MOG2),23,10
2026-07-09 10:11:45.588,382,MOTION DETECTED,Background Subtraction (MOG2),25,10
2026-07-09 10:11:45.625,383,MOTION DETECTED,Background Subtraction (MOG2),26,10
2026-07-09 10:11:45.669,384,MOTION DETECTED,Background Subtraction (MOG2),24,10
2026-07-09 10:11:45.714,385,MOTION DETECTED,Background Subtraction (MOG2),24,10
2026-07-09 10:11:45.742,386,MOTION DETECTED,Background Subtraction (MOG2),26,10
2026-07-09 10:11:45.798,387,MOTION DETECTED,Background Subtraction (MOG2),26,8
2026-07-09 10:11:45.842,388,MOTION DETECTED,Background Subtraction (MOG2),22,7
2026-07-09 10:11:45.903,389,MOTION DETECTED,Background Subtraction (MOG2),23,7
2026-07-09 10:11:45.949,390,MOTION DETECTED,Background Subtraction (MOG2),24,7
2026-07-09 10:11:46.000,391,MOTION DETECTED,Background Subtraction (MOG2),17,6
2026-07-09 10:11:46.049,392,MOTION DETECTED,Background Subtraction (MOG2),20,6
2026-07-09 10:11:46.092,393,MOTION DETECTED,Background Subtraction (MOG2),19,6
2026-07-09 10:11:46.141,394,MOTION DETECTED,Background Subtraction (MOG2),19,7
2026-07-09 10:11:46.188,395,MOTION DETECTED,Background Subtraction (MOG2),20,7
2026-07-09 10:11:46.227,396,MOTION DETECTED,Background Subtraction (MOG2),21,7
2026-07-09 10:11:46.273,397,MOTION DETECTED,Background Subtraction (MOG2),23,7
2026-07-09 10:11:46.309,398,MOTION DETECTED,Background Subtraction (MOG2),21,7
2026-07-09 10:11:46.356,399,MOTION DETECTED,Background Subtraction (MOG2),20,7
2026-07-09 10:11:46.404,400,MOTION DETECTED,Background Subtraction (MOG2),22,7
2026-07-09 10:11:46.447,401,MOTION DETECTED,Background Subtraction (MOG2),18,6
2026-07-09 10:11:46.498,402,MOTION DETECTED,Background Subtraction (MOG2),13,5
2026-07-09 10:11:46.549,403,MOTION DETECTED,Background Subtraction (MOG2),15,5
2026-07-09 10:11:46.589,404,MOTION DETECTED,Background Subtraction (MOG2),18,6
2026-07-09 10:11:46.633,405,MOTION DETECTED,Background Subtraction (MOG2),17,6
2026-07-09 10:11:46.679,406,MOTION DETECTED,Background Subtraction (MOG2),16,6
2026-07-09 10:11:46.727,407,MOTION DETECTED,Background Subtraction (MOG2),13,5
2026-07-09 10:11:46.764,408,MOTION DETECTED,Background Subtraction (MOG2),15,6
2026-07-09 10:11:46.806,409,MOTION DETECTED,Background Subtraction (MOG2),15,6
2026-07-09 10:11:46.849,410,MOTION DETECTED,Background Subtraction (MOG2),16,6
2026-07-09 10:11:46.893,411,MOTION DETECTED,Background Subtraction (MOG2),17,6
2026-07-09 10:11:46.941,412,MOTION DETECTED,Background Subtraction (MOG2),19,7
2026-07-09 10:11:46.992,413,MOTION DETECTED,Background Subtraction (MOG2),17,7
2026-07-09 10:11:47.033,414,MOTION DETECTED,Background Subtraction (MOG2),17,7
2026-07-09 10:11:47.087,415,MOTION DETECTED,Background Subtraction (MOG2),15,6
2026-07-09 10:11:47.139,416,MOTION DETECTED,Background Subtraction (MOG2),14,6
2026-07-09 10:11:47.187,417,MOTION DETECTED,Background Subtraction (MOG2),11,5
2026-07-09 10:11:47.228,418,MOTION DETECTED,Background Subtraction (MOG2),12,6
2026-07-09 10:11:47.269,419,MOTION DETECTED,Background Subtraction (MOG2),12,6
2026-07-09 10:11:47.319,420,MOTION DETECTED,Background Subtraction (MOG2),10,5
2026-07-09 10:11:47.361,421,MOTION DETECTED,Background Subtraction (MOG2),11,6
2026-07-09 10:11:47.404,422,MOTION DETECTED,Background Subtraction (MOG2),11,5
2026-07-09 10:11:47.446,423,MOTION DETECTED,Background Subtraction (MOG2),11,6
2026-07-09 10:11:47.492,424,MOTION DETECTED,Background Subtraction (MOG2),9,5
2026-07-09 10:11:47.543,425,MOTION DETECTED,Background Subtraction (MOG2),11,5
2026-07-09 10:11:47.589,426,MOTION DETECTED,Background Subtraction (MOG2),13,5
2026-07-09 10:11:47.625,427,MOTION DETECTED,Background Subtraction (MOG2),12,6
2026-07-09 10:11:47.679,428,MOTION DETECTED,Background Subtraction (MOG2),13,7
2026-07-09 10:11:47.711,429,MOTION DETECTED,Background Subtraction (MOG2),14,8
2026-07-09 10:11:47.763,430,MOTION DETECTED,Background Subtraction (MOG2),14,8
2026-07-09 10:11:47.806,431,MOTION DETECTED,Background Subtraction (MOG2),16,8
2026-07-09 10:11:47.843,432,MOTION DETECTED,Background Subtraction (MOG2),18,9
2026-07-09 10:11:47.885,433,MOTION DETECTED,Background Subtraction (MOG2),17,9
2026-07-09 10:11:47.925,434,MOTION DETECTED,Background Subtraction (MOG2),17,9
2026-07-09 10:11:47.971,435,MOTION DETECTED,Background Subtraction (MOG2),19,9
2026-07-09 10:11:48.023,436,MOTION DETECTED,Background Subtraction (MOG2),19,10
2026-07-09 10:11:48.072,437,MOTION DETECTED,Background Subtraction (MOG2),21,10
2026-07-09 10:11:48.112,438,MOTION DETECTED,Background Subtraction (MOG2),21,10
2026-07-09 10:11:48.153,439,MOTION DETECTED,Background Subtraction (MOG2),22,9
2026-07-09 10:11:48.186,440,MOTION DETECTED,Background Subtraction (MOG2),22,9
2026-07-09 10:11:48.224,441,MOTION DETECTED,Background Subtraction (MOG2),21,9
2026-07-09 10:11:48.269,442,MOTION DETECTED,Background Subtraction (MOG2),19,6
2026-07-09 10:11:48.347,443,MOTION DETECTED,Background Subtraction (MOG2),22,7
2026-07-09 10:11:48.390,444,MOTION DETECTED,Background Subtraction (MOG2),20,6
2026-07-09 10:11:48.439,445,MOTION DETECTED,Background Subtraction (MOG2),17,7
2026-07-09 10:11:48.488,446,MOTION DETECTED,Background Subtraction (MOG2),24,7
2026-07-09 10:11:48.531,447,MOTION DETECTED,Background Subtraction (MOG2),21,7
2026-07-09 10:11:48.573,448,MOTION DETECTED,Background Subtraction (MOG2),20,6
2026-07-09 10:11:48.611,449,MOTION DETECTED,Background Subtraction (MOG2),19,7
2026-07-09 10:11:48.644,450,MOTION DETECTED,Background Subtraction (MOG2),21,7
2026-07-09 10:11:48.678,451,MOTION DETECTED,Background Subtraction (MOG2),19,5
2026-07-09 10:11:48.710,452,MOTION DETECTED,Background Subtraction (MOG2),19,5
2026-07-09 10:11:48.743,453,MOTION DETECTED,Background Subtraction (MOG2),20,5
2026-07-09 10:11:48.778,454,MOTION DETECTED,Background Subtraction (MOG2),23,5
2026-07-09 10:11:48.828,455,MOTION DETECTED,Background Subtraction (MOG2),21,5
2026-07-09 10:11:48.873,456,MOTION DETECTED,Background Subtraction (MOG2),20,5
2026-07-09 10:11:48.910,457,MOTION DETECTED,Background Subtraction (MOG2),20,6
2026-07-09 10:11:48.959,458,MOTION DETECTED,Background Subtraction (MOG2),22,7
2026-07-09 10:11:49.003,459,MOTION DETECTED,Background Subtraction (MOG2),19,7
2026-07-09 10:11:49.043,460,MOTION DETECTED,Background Subtraction (MOG2),21,7
2026-07-09 10:11:49.084,461,MOTION DETECTED,Background Subtraction (MOG2),18,7
2026-07-09 10:11:49.131,462,MOTION DETECTED,Background Subtraction (MOG2),19,6
2026-07-09 10:11:49.163,463,MOTION DETECTED,Background Subtraction (MOG2),18,6
2026-07-09 10:11:49.221,464,MOTION DETECTED,Background Subtraction (MOG2),16,6
2026-07-09 10:11:49.260,465,MOTION DETECTED,Background Subtraction (MOG2),10,4
2026-07-09 10:11:49.303,466,MOTION DETECTED,Background Subtraction (MOG2),10,4
2026-07-09 10:11:49.350,467,MOTION DETECTED,Background Subtraction (MOG2),14,5
2026-07-09 10:11:49.404,468,MOTION DETECTED,Background Subtraction (MOG2),12,5
2026-07-09 10:11:49.441,469,MOTION DETECTED,Background Subtraction (MOG2),16,6
2026-07-09 10:11:49.483,470,MOTION DETECTED,Background Subtraction (MOG2),17,5
2026-07-09 10:11:49.523,471,MOTION DETECTED,Background Subtraction (MOG2),16,5
2026-07-09 10:11:49.573,472,MOTION DETECTED,Background Subtraction (MOG2),17,5
2026-07-09 10:11:49.618,473,MOTION DETECTED,Background Subtraction (MOG2),17,5
2026-07-09 10:11:49.659,474,MOTION DETECTED,Background Subtraction (MOG2),16,5
2026-07-09 10:11:49.713,475,MOTION DETECTED,Background Subtraction (MOG2),19,5
2026-07-09 10:11:49.751,476,MOTION DETECTED,Background Subtraction (MOG2),21,5
2026-07-09 10:11:49.791,477,MOTION DETECTED,Background Subtraction (MOG2),24,5
2026-07-09 10:11:49.830,478,MOTION DETECTED,Background Subtraction (MOG2),24,6
2026-07-09 10:11:49.875,479,MOTION DETECTED,Background Subtraction (MOG2),24,6
2026-07-09 10:11:49.921,480,MOTION DETECTED,Background Subtraction (MOG2),24,6
2026-07-09 10:11:49.961,481,MOTION DETECTED,Background Subtraction (MOG2),23,6
2026-07-09 10:11:50.011,482,MOTION DETECTED,Background Subtraction (MOG2),24,6
2026-07-09 10:11:50.056,483,MOTION DETECTED,Background Subtraction (MOG2),27,6
2026-07-09 10:11:50.102,484,MOTION DETECTED,Background Subtraction (MOG2),25,6
2026-07-09 10:11:50.148,485,MOTION DETECTED,Background Subtraction (MOG2),25,6
2026-07-09 10:11:50.177,486,MOTION DETECTED,Background Subtraction (MOG2),24,6
2026-07-09 10:11:50.235,487,MOTION DETECTED,Background Subtraction (MOG2),19,6
2026-07-09 10:11:50.279,488,MOTION DETECTED,Background Subtraction (MOG2),18,6
2026-07-09 10:11:50.315,489,MOTION DETECTED,Background Subtraction (MOG2),15,6
2026-07-09 10:11:50.363,490,MOTION DETECTED,Background Subtraction (MOG2),20,6
2026-07-09 10:11:50.411,491,MOTION DETECTED,Background Subtraction (MOG2),21,7
2026-07-09 10:11:50.456,492,MOTION DETECTED,Background Subtraction (MOG2),16,5
2026-07-09 10:11:50.506,493,MOTION DETECTED,Background Subtraction (MOG2),16,5
2026-07-09 10:11:50.554,494,MOTION DETECTED,Background Subtraction (MOG2),18,5
2026-07-09 10:11:50.597,495,MOTION DETECTED,Background Subtraction (MOG2),16,6
2026-07-09 10:11:50.634,496,MOTION DETECTED,Background Subtraction (MOG2),18,6
2026-07-09 10:11:50.681,497,MOTION DETECTED,Background Subtraction (MOG2),14,6
2026-07-09 10:11:50.730,498,MOTION DETECTED,Background Subtraction (MOG2),15,6
2026-07-09 10:11:50.772,499,MOTION DETECTED,Background Subtraction (MOG2),14,6
2026-07-09 10:11:50.812,500,MOTION DETECTED,Background Subtraction (MOG2),19,5
2026-07-09 10:11:50.847,501,MOTION DETECTED,Background Subtraction (MOG2),19,6
2026-07-09 10:11:50.893,502,MOTION DETECTED,Background Subtraction (MOG2),22,6
2026-07-09 10:11:50.939,503,MOTION DETECTED,Background Subtraction (MOG2),21,6
2026-07-09 10:11:50.981,504,MOTION DETECTED,Background Subtraction (MOG2),18,6
2026-07-09 10:11:51.040,505,MOTION DETECTED,Background Subtraction (MOG2),20,6
2026-07-09 10:11:51.093,506,MOTION DETECTED,Background Subtraction (MOG2),22,7
2026-07-09 10:11:51.135,507,MOTION DETECTED,Background Subtraction (MOG2),19,8
2026-07-09 10:11:51.167,508,MOTION DETECTED,Background Subtraction (MOG2),20,8
2026-07-09 10:11:51.195,509,MOTION DETECTED,Background Subtraction (MOG2),20,7
2026-07-09 10:11:51.227,510,MOTION DETECTED,Background Subtraction (MOG2),19,7
2026-07-09 10:11:51.258,511,MOTION DETECTED,Background Subtraction (MOG2),18,7
2026-07-09 10:11:51.297,512,MOTION DETECTED,Background Subtraction (MOG2),21,7
2026-07-09 10:11:51.326,513,MOTION DETECTED,Background Subtraction (MOG2),19,8
2026-07-09 10:11:51.361,514,MOTION DETECTED,Background Subtraction (MOG2),19,6
2026-07-09 10:11:51.395,515,MOTION DETECTED,Background Subtraction (MOG2),22,7
2026-07-09 10:11:51.426,516,MOTION DETECTED,Background Subtraction (MOG2),18,7
2026-07-09 10:11:51.461,517,MOTION DETECTED,Background Subtraction (MOG2),19,7
2026-07-09 10:11:51.491,518,MOTION DETECTED,Background Subtraction (MOG2),16,6
2026-07-09 10:11:51.528,519,MOTION DETECTED,Background Subtraction (MOG2),18,5
2026-07-09 10:11:51.562,520,MOTION DETECTED,Background Subtraction (MOG2),16,5
2026-07-09 10:11:51.596,521,MOTION DETECTED,Background Subtraction (MOG2),20,5
2026-07-09 10:11:51.627,522,MOTION DETECTED,Background Subtraction (MOG2),17,6
2026-07-09 10:11:51.657,523,MOTION DETECTED,Background Subtraction (MOG2),19,5
2026-07-09 10:11:51.693,524,MOTION DETECTED,Background Subtraction (MOG2),18,5
2026-07-09 10:11:51.731,525,MOTION DETECTED,Background Subtraction (MOG2),20,5
2026-07-09 10:11:51.781,526,MOTION DETECTED,Background Subtraction (MOG2),23,5
2026-07-09 10:11:51.830,527,MOTION DETECTED,Background Subtraction (MOG2),27,5
2026-07-09 10:11:51.860,528,MOTION DETECTED,Background Subtraction (MOG2),28,5
2026-07-09 10:11:51.899,529,MOTION DETECTED,Background Subtraction (MOG2),28,5
2026-07-09 10:11:51.928,530,MOTION DETECTED,Background Subtraction (MOG2),30,5
2026-07-09 10:11:51.959,531,MOTION DETECTED,Background Subtraction (MOG2),27,5
2026-07-09 10:11:51.993,532,MOTION DETECTED,Background Subtraction (MOG2),26,6
2026-07-09 10:11:52.039,533,MOTION DETECTED,Background Subtraction (MOG2),27,6
2026-07-09 10:11:52.078,534,MOTION DETECTED,Background Subtraction (MOG2),21,6
2026-07-09 10:11:52.123,535,MOTION DETECTED,Background Subtraction (MOG2),22,6
2026-07-09 10:11:52.162,536,MOTION DETECTED,Background Subtraction (MOG2),24,7
2026-07-09 10:11:52.213,537,MOTION DETECTED,Background Subtraction (MOG2),22,7
2026-07-09 10:11:52.257,538,MOTION DETECTED,Background Subtraction (MOG2),25,7
2026-07-09 10:11:52.305,539,MOTION DETECTED,Background Subtraction (MOG2),29,7
2026-07-09 10:11:52.342,540,MOTION DETECTED,Background Subtraction (MOG2),32,7
2026-07-09 10:11:52.379,541,MOTION DETECTED,Background Subtraction (MOG2),30,6
2026-07-09 10:11:52.439,542,MOTION DETECTED,Background Subtraction (MOG2),31,8
2026-07-09 10:11:52.477,543,MOTION DETECTED,Background Subtraction (MOG2),28,8
2026-07-09 10:11:52.511,544,MOTION DETECTED,Background Subtraction (MOG2),27,8
2026-07-09 10:11:52.558,545,MOTION DETECTED,Background Subtraction (MOG2),27,9
2026-07-09 10:11:52.612,546,MOTION DETECTED,Background Subtraction (MOG2),26,8
2026-07-09 10:11:52.664,547,MOTION DETECTED,Background Subtraction (MOG2),28,8
2026-07-09 10:11:52.713,548,MOTION DETECTED,Background Subtraction (MOG2),29,8
2026-07-09 10:11:52.755,549,MOTION DETECTED,Background Subtraction (MOG2),24,6
2026-07-09 10:11:52.806,550,MOTION DETECTED,Background Subtraction (MOG2),25,6
2026-07-09 10:11:52.856,551,MOTION DETECTED,Background Subtraction (MOG2),22,6
2026-07-09 10:11:52.895,552,MOTION DETECTED,Background Subtraction (MOG2),25,7
2026-07-09 10:11:52.949,553,MOTION DETECTED,Background Subtraction (MOG2),27,8
2026-07-09 10:11:52.996,554,MOTION DETECTED,Background Subtraction (MOG2),28,8
2026-07-09 10:11:53.038,555,MOTION DETECTED,Background Subtraction (MOG2),26,7
2026-07-09 10:11:53.085,556,MOTION DETECTED,Background Subtraction (MOG2),22,6
2026-07-09 10:11:53.125,557,MOTION DETECTED,Background Subtraction (MOG2),23,5
2026-07-09 10:11:53.173,558,MOTION DETECTED,Background Subtraction (MOG2),21,4
2026-07-09 10:11:53.217,559,MOTION DETECTED,Background Subtraction (MOG2),21,4
2026-07-09 10:11:53.267,560,MOTION DETECTED,Background Subtraction (MOG2),24,6
2026-07-09 10:11:53.308,561,MOTION DETECTED,Background Subtraction (MOG2),24,6
2026-07-09 10:11:53.354,562,MOTION DETECTED,Background Subtraction (MOG2),21,5
2026-07-09 10:11:53.401,563,MOTION DETECTED,Background Subtraction (MOG2),23,5
2026-07-09 10:11:53.442,564,MOTION DETECTED,Background Subtraction (MOG2),22,5
2026-07-09 10:11:53.490,565,MOTION DETECTED,Background Subtraction (MOG2),24,5
2026-07-09 10:11:53.530,566,MOTION DETECTED,Background Subtraction (MOG2),24,5
2026-07-09 10:11:53.571,567,MOTION DETECTED,Background Subtraction (MOG2),26,4
2026-07-09 10:11:53.622,568,MOTION DETECTED,Background Subtraction (MOG2),23,4
2026-07-09 10:11:53.667,569,MOTION DETECTED,Background Subtraction (MOG2),20,4
2026-07-09 10:11:53.713,570,MOTION DETECTED,Background Subtraction (MOG2),24,4
2026-07-09 10:11:53.755,571,MOTION DETECTED,Background Subtraction (MOG2),25,4
2026-07-09 10:11:53.805,572,MOTION DETECTED,Background Subtraction (MOG2),28,4
2026-07-09 10:11:53.856,573,MOTION DETECTED,Background Subtraction (MOG2),29,4
2026-07-09 10:11:53.906,574,MOTION DETECTED,Background Subtraction (MOG2),27,5
2026-07-09 10:11:53.952,575,MOTION DETECTED,Background Subtraction (MOG2),20,4
2026-07-09 10:11:54.006,576,MOTION DETECTED,Background Subtraction (MOG2),20,4
2026-07-09 10:11:54.056,577,MOTION DETECTED,Background Subtraction (MOG2),21,4
2026-07-09 10:11:54.101,578,MOTION DETECTED,Background Subtraction (MOG2),19,5
2026-07-09 10:11:54.149,579,MOTION DETECTED,Background Subtraction (MOG2),19,5
2026-07-09 10:11:54.194,580,MOTION DETECTED,Background Subtraction (MOG2),19,5
2026-07-09 10:11:54.246,581,MOTION DETECTED,Background Subtraction (MOG2),21,5
2026-07-09 10:11:54.284,582,MOTION DETECTED,Background Subtraction (MOG2),20,5
2026-07-09 10:11:54.324,583,MOTION DETECTED,Background Subtraction (MOG2),23,5
2026-07-09 10:11:54.366,584,MOTION DETECTED,Background Subtraction (MOG2),21,5
2026-07-09 10:11:54.420,585,MOTION DETECTED,Background Subtraction (MOG2),20,3
2026-07-09 10:11:54.459,586,MOTION DETECTED,Background Subtraction (MOG2),26,5
2026-07-09 10:11:54.511,587,MOTION DETECTED,Background Subtraction (MOG2),21,5
2026-07-09 10:11:54.554,588,MOTION DETECTED,Background Subtraction (MOG2),22,4
2026-07-09 10:11:54.595,589,MOTION DETECTED,Background Subtraction (MOG2),18,4
2026-07-09 10:11:54.629,590,MOTION DETECTED,Background Subtraction (MOG2),20,4
2026-07-09 10:11:54.660,591,MOTION DETECTED,Background Subtraction (MOG2),18,4
2026-07-09 10:11:54.699,592,MOTION DETECTED,Background Subtraction (MOG2),22,4
2026-07-09 10:11:54.741,593,MOTION DETECTED,Background Subtraction (MOG2),23,5
2026-07-09 10:11:54.791,594,MOTION DETECTED,Background Subtraction (MOG2),24,5
2026-07-09 10:11:54.856,595,MOTION DETECTED,Background Subtraction (MOG2),24,4
2026-07-09 10:11:54.895,596,MOTION DETECTED,Background Subtraction (MOG2),25,4
2026-07-09 10:11:54.954,597,MOTION DETECTED,Background Subtraction (MOG2),26,4
2026-07-09 10:11:54.991,598,MOTION DETECTED,Background Subtraction (MOG2),27,4
2026-07-09 10:11:55.024,599,MOTION DETECTED,Background Subtraction (MOG2),27,4
2026-07-09 10:11:55.074,600,MOTION DETECTED,Background Subtraction (MOG2),27,4
2026-07-09 10:11:55.120,601,MOTION DETECTED,Background Subtraction (MOG2),22,4
2026-07-09 10:11:55.169,602,MOTION DETECTED,Background Subtraction (MOG2),27,3
2026-07-09 10:11:55.225,603,MOTION DETECTED,Background Subtraction (MOG2),30,5
2026-07-09 10:11:55.268,604,MOTION DETECTED,Background Subtraction (MOG2),33,5
2026-07-09 10:11:55.326,605,MOTION DETECTED,Background Subtraction (MOG2),35,5
2026-07-09 10:11:55.390,606,MOTION DETECTED,Background Subtraction (MOG2),33,5
2026-07-09 10:11:55.434,607,MOTION DETECTED,Background Subtraction (MOG2),33,5
2026-07-09 10:11:55.481,608,MOTION DETECTED,Background Subtraction (MOG2),32,5
2026-07-09 10:11:55.523,609,MOTION DETECTED,Background Subtraction (MOG2),34,5
2026-07-09 10:11:55.573,610,MOTION DETECTED,Background Subtraction (MOG2),36,3
2026-07-09 10:11:55.609,611,MOTION DETECTED,Background Subtraction (MOG2),35,4
2026-07-09 10:11:55.667,612,MOTION DETECTED,Background Subtraction (MOG2),35,4
2026-07-09 10:11:55.708,613,MOTION DETECTED,Background Subtraction (MOG2),31,5
2026-07-09 10:11:55.745,614,MOTION DETECTED,Background Subtraction (MOG2),31,5
2026-07-09 10:11:55.805,615,MOTION DETECTED,Background Subtraction (MOG2),29,5
2026-07-09 10:11:55.853,616,MOTION DETECTED,Background Subtraction (MOG2),23,3
2026-07-09 10:11:55.895,617,MOTION DETECTED,Background Subtraction (MOG2),21,4
2026-07-09 10:11:55.947,618,MOTION DETECTED,Background Subtraction (MOG2),20,4
2026-07-09 10:11:55.989,619,MOTION DETECTED,Background Subtraction (MOG2),21,4
2026-07-09 10:11:56.031,620,MOTION DETECTED,Background Subtraction (MOG2),20,4
2026-07-09 10:11:56.073,621,MOTION DETECTED,Background Subtraction (MOG2),19,3
2026-07-09 10:11:56.120,622,MOTION DETECTED,Background Subtraction (MOG2),19,2
2026-07-09 10:11:56.165,623,MOTION DETECTED,Background Subtraction (MOG2),20,2
2026-07-09 10:11:56.208,624,MOTION DETECTED,Background Subtraction (MOG2),23,2
2026-07-09 10:11:56.252,625,MOTION DETECTED,Background Subtraction (MOG2),22,3
2026-07-09 10:11:56.292,626,MOTION DETECTED,Background Subtraction (MOG2),20,3
2026-07-09 10:11:56.341,627,MOTION DETECTED,Background Subtraction (MOG2),18,3
2026-07-09 10:11:56.387,628,MOTION DETECTED,Background Subtraction (MOG2),21,3
2026-07-09 10:11:56.429,629,MOTION DETECTED,Background Subtraction (MOG2),21,3
2026-07-09 10:11:56.475,630,MOTION DETECTED,Background Subtraction (MOG2),20,3
2026-07-09 10:11:56.532,631,MOTION DETECTED,Background Subtraction (MOG2),19,3
2026-07-09 10:11:56.574,632,MOTION DETECTED,Background Subtraction (MOG2),15,3
2026-07-09 10:11:56.612,633,MOTION DETECTED,Background Subtraction (MOG2),19,3
2026-07-09 10:11:56.668,634,MOTION DETECTED,Background Subtraction (MOG2),21,3
2026-07-09 10:11:56.715,635,MOTION DETECTED,Background Subtraction (MOG2),25,3
2026-07-09 10:11:56.764,636,MOTION DETECTED,Background Subtraction (MOG2),28,4
2026-07-09 10:11:56.816,637,MOTION DETECTED,Background Subtraction (MOG2),28,4
2026-07-09 10:11:56.873,638,MOTION DETECTED,Background Subtraction (MOG2),23,4
2026-07-09 10:11:56.910,639,MOTION DETECTED,Background Subtraction (MOG2),28,4
2026-07-09 10:11:56.972,640,MOTION DETECTED,Background Subtraction (MOG2),27,3
2026-07-09 10:11:57.023,641,MOTION DETECTED,Background Subtraction (MOG2),28,3
2026-07-09 10:11:57.065,642,MOTION DETECTED,Background Subtraction (MOG2),36,4
2026-07-09 10:11:57.123,643,MOTION DETECTED,Background Subtraction (MOG2),29,4
2026-07-09 10:11:57.165,644,MOTION DETECTED,Background Subtraction (MOG2),25,3
2026-07-09 10:11:57.212,645,MOTION DETECTED,Background Subtraction (MOG2),24,3
2026-07-09 10:11:57.259,646,MOTION DETECTED,Background Subtraction (MOG2),25,3
2026-07-09 10:11:57.299,647,MOTION DETECTED,Background Subtraction (MOG2),29,2
2026-07-09 10:11:57.350,648,MOTION DETECTED,Background Subtraction (MOG2),29,3
2026-07-09 10:11:57.399,649,MOTION DETECTED,Background Subtraction (MOG2),30,3
2026-07-09 10:11:57.449,650,MOTION DETECTED,Background Subtraction (MOG2),30,3
2026-07-09 10:11:57.502,651,MOTION DETECTED,Background Subtraction (MOG2),29,4
2026-07-09 10:11:57.547,652,MOTION DETECTED,Background Subtraction (MOG2),30,4
2026-07-09 10:11:57.598,653,MOTION DETECTED,Background Subtraction (MOG2),31,4
2026-07-09 10:11:57.672,654,MOTION DETECTED,Background Subtraction (MOG2),25,4
2026-07-09 10:11:57.724,655,MOTION DETECTED,Background Subtraction (MOG2),29,4
2026-07-09 10:11:57.762,656,MOTION DETECTED,Background Subtraction (MOG2),27,4
2026-07-09 10:11:57.796,657,MOTION DETECTED,Background Subtraction (MOG2),27,5
2026-07-09 10:11:57.839,658,MOTION DETECTED,Background Subtraction (MOG2),26,4
2026-07-09 10:11:57.891,659,MOTION DETECTED,Background Subtraction (MOG2),25,5
2026-07-09 10:11:57.939,660,MOTION DETECTED,Background Subtraction (MOG2),24,4
2026-07-09 10:11:57.980,661,MOTION DETECTED,Background Subtraction (MOG2),22,4
2026-07-09 10:11:58.022,662,MOTION DETECTED,Background Subtraction (MOG2),29,5
2026-07-09 10:11:58.073,663,MOTION DETECTED,Background Subtraction (MOG2),27,6
2026-07-09 10:11:58.120,664,MOTION DETECTED,Background Subtraction (MOG2),30,5
2026-07-09 10:11:58.160,665,MOTION DETECTED,Background Subtraction (MOG2),31,5
2026-07-09 10:11:58.207,666,MOTION DETECTED,Background Subtraction (MOG2),29,4
2026-07-09 10:11:58.245,667,MOTION DETECTED,Background Subtraction (MOG2),32,5
2026-07-09 10:11:58.298,668,MOTION DETECTED,Background Subtraction (MOG2),32,4
2026-07-09 10:11:58.342,669,MOTION DETECTED,Background Subtraction (MOG2),31,4
2026-07-09 10:11:58.394,670,MOTION DETECTED,Background Subtraction (MOG2),32,4
2026-07-09 10:11:58.439,671,MOTION DETECTED,Background Subtraction (MOG2),30,5
2026-07-09 10:11:58.480,672,MOTION DETECTED,Background Subtraction (MOG2),28,5
2026-07-09 10:11:58.530,673,MOTION DETECTED,Background Subtraction (MOG2),31,5
2026-07-09 10:11:58.576,674,MOTION DETECTED,Background Subtraction (MOG2),29,5
2026-07-09 10:11:58.619,675,MOTION DETECTED,Background Subtraction (MOG2),20,5
2026-07-09 10:11:58.661,676,MOTION DETECTED,Background Subtraction (MOG2),20,5
2026-07-09 10:11:58.710,677,MOTION DETECTED,Background Subtraction (MOG2),20,5
2026-07-09 10:11:58.748,678,MOTION DETECTED,Background Subtraction (MOG2),19,6
2026-07-09 10:11:58.789,679,MOTION DETECTED,Background Subtraction (MOG2),19,6
2026-07-09 10:11:58.826,680,MOTION DETECTED,Background Subtraction (MOG2),20,6
2026-07-09 10:11:58.873,681,MOTION DETECTED,Background Subtraction (MOG2),21,6
2026-07-09 10:11:58.926,682,MOTION DETECTED,Background Subtraction (MOG2),20,6
2026-07-09 10:11:58.972,683,MOTION DETECTED,Background Subtraction (MOG2),17,6
2026-07-09 10:11:59.013,684,MOTION DETECTED,Background Subtraction (MOG2),16,6
2026-07-09 10:11:59.050,685,MOTION DETECTED,Background Subtraction (MOG2),14,5
2026-07-09 10:11:59.106,686,MOTION DETECTED,Background Subtraction (MOG2),13,8
2026-07-09 10:11:59.149,687,MOTION DETECTED,Background Subtraction (MOG2),11,8
2026-07-09 10:11:59.183,688,MOTION DETECTED,Background Subtraction (MOG2),15,6
2026-07-09 10:11:59.259,689,MOTION DETECTED,Background Subtraction (MOG2),20,4
2026-07-09 10:11:59.296,690,MOTION DETECTED,Background Subtraction (MOG2),21,7
2026-07-09 10:11:59.342,691,MOTION DETECTED,Background Subtraction (MOG2),23,6
2026-07-09 10:11:59.389,692,MOTION DETECTED,Background Subtraction (MOG2),24,7
2026-07-09 10:11:59.435,693,MOTION DETECTED,Background Subtraction (MOG2),29,7
2026-07-09 10:11:59.490,694,MOTION DETECTED,Background Subtraction (MOG2),28,7
2026-07-09 10:11:59.535,695,MOTION DETECTED,Background Subtraction (MOG2),24,6
2026-07-09 10:11:59.582,696,MOTION DETECTED,Background Subtraction (MOG2),24,6
2026-07-09 10:11:59.635,697,MOTION DETECTED,Background Subtraction (MOG2),24,5
2026-07-09 10:11:59.675,698,MOTION DETECTED,Background Subtraction (MOG2),26,5
2026-07-09 10:11:59.730,699,MOTION DETECTED,Background Subtraction (MOG2),27,5
2026-07-09 10:11:59.783,700,MOTION DETECTED,Background Subtraction (MOG2),27,5
2026-07-09 10:11:59.829,701,MOTION DETECTED,Background Subtraction (MOG2),28,6
2026-07-09 10:11:59.864,702,MOTION DETECTED,Background Subtraction (MOG2),27,6
2026-07-09 10:11:59.913,703,MOTION DETECTED,Background Subtraction (MOG2),28,7
2026-07-09 10:11:59.956,704,MOTION DETECTED,Background Subtraction (MOG2),28,7
2026-07-09 10:12:00.033,705,MOTION DETECTED,Background Subtraction (MOG2),26,7
2026-07-09 10:12:00.074,706,MOTION DETECTED,Background Subtraction (MOG2),25,8
2026-07-09 10:12:00.127,707,MOTION DETECTED,Background Subtraction (MOG2),24,7
2026-07-09 10:12:00.164,708,MOTION DETECTED,Background Subtraction (MOG2),25,6
2026-07-09 10:12:00.227,709,MOTION DETECTED,Background Subtraction (MOG2),24,6
2026-07-09 10:12:00.263,710,MOTION DETECTED,Background Subtraction (MOG2),25,5
2026-07-09 10:12:00.317,711,MOTION DETECTED,Background Subtraction (MOG2),27,5
2026-07-09 10:12:00.362,712,MOTION DETECTED,Background Subtraction (MOG2),23,6
2026-07-09 10:12:00.413,713,MOTION DETECTED,Background Subtraction (MOG2),25,6
2026-07-09 10:12:00.456,714,MOTION DETECTED,Background Subtraction (MOG2),21,6
2026-07-09 10:12:00.508,715,MOTION DETECTED,Background Subtraction (MOG2),22,7
2026-07-09 10:12:00.557,716,MOTION DETECTED,Background Subtraction (MOG2),24,7
2026-07-09 10:12:00.609,717,MOTION DETECTED,Background Subtraction (MOG2),26,7
2026-07-09 10:12:00.647,718,MOTION DETECTED,Background Subtraction (MOG2),24,5
2026-07-09 10:12:00.680,719,MOTION DETECTED,Background Subtraction (MOG2),24,5
2026-07-09 10:12:00.724,720,MOTION DETECTED,Background Subtraction (MOG2),26,5
2026-07-09 10:12:00.758,721,MOTION DETECTED,Background Subtraction (MOG2),24,6
2026-07-09 10:12:00.791,722,MOTION DETECTED,Background Subtraction (MOG2),21,6
2026-07-09 10:12:00.823,723,MOTION DETECTED,Background Subtraction (MOG2),29,6
2026-07-09 10:12:00.858,724,MOTION DETECTED,Background Subtraction (MOG2),28,6
2026-07-09 10:12:00.894,725,MOTION DETECTED,Background Subtraction (MOG2),31,8
2026-07-09 10:12:00.931,726,MOTION DETECTED,Background Subtraction (MOG2),33,9
2026-07-09 10:12:00.957,727,MOTION DETECTED,Background Subtraction (MOG2),28,8
2026-07-09 10:12:00.996,728,MOTION DETECTED,Background Subtraction (MOG2),29,8
2026-07-09 10:12:01.024,729,MOTION DETECTED,Background Subtraction (MOG2),25,6
2026-07-09 10:12:01.063,730,MOTION DETECTED,Background Subtraction (MOG2),31,6
2026-07-09 10:12:01.094,731,MOTION DETECTED,Background Subtraction (MOG2),32,6
2026-07-09 10:12:01.132,732,MOTION DETECTED,Background Subtraction (MOG2),27,5
2026-07-09 10:12:01.158,733,MOTION DETECTED,Background Subtraction (MOG2),30,5
2026-07-09 10:12:01.195,734,MOTION DETECTED,Background Subtraction (MOG2),27,5
2026-07-09 10:12:01.223,735,MOTION DETECTED,Background Subtraction (MOG2),29,4
2026-07-09 10:12:01.260,736,MOTION DETECTED,Background Subtraction (MOG2),34,4
2026-07-09 10:12:01.300,737,MOTION DETECTED,Background Subtraction (MOG2),37,4
2026-07-09 10:12:01.332,738,MOTION DETECTED,Background Subtraction (MOG2),37,5
2026-07-09 10:12:01.367,739,MOTION DETECTED,Background Subtraction (MOG2),40,5
2026-07-09 10:12:01.396,740,MOTION DETECTED,Background Subtraction (MOG2),37,4
2026-07-09 10:12:01.432,741,MOTION DETECTED,Background Subtraction (MOG2),36,5
2026-07-09 10:12:01.461,742,MOTION DETECTED,Background Subtraction (MOG2),33,5
2026-07-09 10:12:01.497,743,MOTION DETECTED,Background Subtraction (MOG2),33,5
2026-07-09 10:12:01.531,744,MOTION DETECTED,Background Subtraction (MOG2),36,5
2026-07-09 10:12:01.561,745,MOTION DETECTED,Background Subtraction (MOG2),37,5
2026-07-09 10:12:01.593,746,MOTION DETECTED,Background Subtraction (MOG2),34,4
2026-07-09 10:12:01.624,747,MOTION DETECTED,Background Subtraction (MOG2),39,4
2026-07-09 10:12:01.660,748,MOTION DETECTED,Background Subtraction (MOG2),41,4
2026-07-09 10:12:01.692,749,MOTION DETECTED,Background Subtraction (MOG2),36,4
2026-07-09 10:12:01.729,750,MOTION DETECTED,Background Subtraction (MOG2),32,4
2026-07-09 10:12:01.758,751,MOTION DETECTED,Background Subtraction (MOG2),33,4
2026-07-09 10:12:01.793,752,MOTION DETECTED,Background Subtraction (MOG2),36,4
2026-07-09 10:12:01.829,753,MOTION DETECTED,Background Subtraction (MOG2),37,4
2026-07-09 10:12:01.862,754,MOTION DETECTED,Background Subtraction (MOG2),35,4
2026-07-09 10:12:01.895,755,MOTION DETECTED,Background Subtraction (MOG2),40,4
2026-07-09 10:12:01.931,756,MOTION DETECTED,Background Subtraction (MOG2),40,7
2026-07-09 10:12:01.978,757,MOTION DETECTED,Background Subtraction (MOG2),37,4
2026-07-09 10:12:02.013,758,MOTION DETECTED,Background Subtraction (MOG2),35,4
2026-07-09 10:12:02.045,759,MOTION DETECTED,Background Subtraction (MOG2),32,4
2026-07-09 10:12:02.078,760,MOTION DETECTED,Background Subtraction (MOG2),33,4
2026-07-09 10:12:02.111,761,MOTION DETECTED,Background Subtraction (MOG2),41,4
2026-07-09 10:12:02.146,762,MOTION DETECTED,Background Subtraction (MOG2),37,3
2026-07-09 10:12:02.175,763,MOTION DETECTED,Background Subtraction (MOG2),35,5
2026-07-09 10:12:02.207,764,MOTION DETECTED,Background Subtraction (MOG2),43,5
2026-07-09 10:12:02.244,765,MOTION DETECTED,Background Subtraction (MOG2),40,6
2026-07-09 10:12:02.277,766,MOTION DETECTED,Background Subtraction (MOG2),38,6
2026-07-09 10:12:02.310,767,MOTION DETECTED,Background Subtraction (MOG2),39,6
2026-07-09 10:12:02.347,768,MOTION DETECTED,Background Subtraction (MOG2),37,8
2026-07-09 10:12:02.379,769,MOTION DETECTED,Background Subtraction (MOG2),39,8
2026-07-09 10:12:02.428,770,MOTION DETECTED,Background Subtraction (MOG2),34,7
2026-07-09 10:12:02.457,771,MOTION DETECTED,Background Subtraction (MOG2),37,7
2026-07-09 10:12:02.483,772,MOTION DETECTED,Background Subtraction (MOG2),37,7
2026-07-09 10:12:02.524,773,MOTION DETECTED,Background Subtraction (MOG2),40,7
2026-07-09 10:12:02.551,774,MOTION DETECTED,Background Subtraction (MOG2),36,7
2026-07-09 10:12:02.592,775,MOTION DETECTED,Background Subtraction (MOG2),37,5
2026-07-09 10:12:02.632,776,MOTION DETECTED,Background Subtraction (MOG2),35,5
2026-07-09 10:12:02.662,777,MOTION DETECTED,Background Subtraction (MOG2),30,6
2026-07-09 10:12:02.699,778,MOTION DETECTED,Background Subtraction (MOG2),31,7
2026-07-09 10:12:02.732,779,MOTION DETECTED,Background Subtraction (MOG2),29,6
2026-07-09 10:12:02.762,780,MOTION DETECTED,Background Subtraction (MOG2),32,7
2026-07-09 10:12:02.791,781,MOTION DETECTED,Background Subtraction (MOG2),35,7
2026-07-09 10:12:02.826,782,MOTION DETECTED,Background Subtraction (MOG2),35,6
2026-07-09 10:12:02.861,783,MOTION DETECTED,Background Subtraction (MOG2),31,5
2026-07-09 10:12:02.895,784,MOTION DETECTED,Background Subtraction (MOG2),33,5
2026-07-09 10:12:02.931,785,MOTION DETECTED,Background Subtraction (MOG2),30,4
2026-07-09 10:12:02.957,786,MOTION DETECTED,Background Subtraction (MOG2),31,4
2026-07-09 10:12:02.991,787,MOTION DETECTED,Background Subtraction (MOG2),34,5
2026-07-09 10:12:03.023,788,MOTION DETECTED,Background Subtraction (MOG2),33,6
2026-07-09 10:12:03.061,789,MOTION DETECTED,Background Subtraction (MOG2),36,6
2026-07-09 10:12:03.098,790,MOTION DETECTED,Background Subtraction (MOG2),35,6
2026-07-09 10:12:03.130,791,MOTION DETECTED,Background Subtraction (MOG2),29,5
2026-07-09 10:12:03.165,792,MOTION DETECTED,Background Subtraction (MOG2),32,5
2026-07-09 10:12:03.194,793,MOTION DETECTED,Background Subtraction (MOG2),30,5
2026-07-09 10:12:03.225,794,MOTION DETECTED,Background Subtraction (MOG2),28,5
2026-07-09 10:12:03.263,795,MOTION DETECTED,Background Subtraction (MOG2),34,5
2026-07-09 10:12:03.297,796,MOTION DETECTED,Background Subtraction (MOG2),33,6
2026-07-09 10:12:03.357,797,MOTION DETECTED,Background Subtraction (MOG2),34,6
2026-07-09 10:12:03.385,798,MOTION DETECTED,Background Subtraction (MOG2),29,5
2026-07-09 10:12:03.415,799,MOTION DETECTED,Background Subtraction (MOG2),26,4
2026-07-09 10:12:03.458,800,MOTION DETECTED,Background Subtraction (MOG2),26,4
2026-07-09 10:12:03.489,801,MOTION DETECTED,Background Subtraction (MOG2),24,4
2026-07-09 10:12:03.528,802,MOTION DETECTED,Background Subtraction (MOG2),28,4
2026-07-09 10:12:03.558,803,MOTION DETECTED,Background Subtraction (MOG2),28,4
2026-07-09 10:12:03.592,804,MOTION DETECTED,Background Subtraction (MOG2),31,4
2026-07-09 10:12:03.630,805,MOTION DETECTED,Background Subtraction (MOG2),33,4
2026-07-09 10:12:03.661,806,MOTION DETECTED,Background Subtraction (MOG2),33,4
2026-07-09 10:12:03.697,807,MOTION DETECTED,Background Subtraction (MOG2),32,4
2026-07-09 10:12:03.729,808,MOTION DETECTED,Background Subtraction (MOG2),33,4
2026-07-09 10:12:03.760,809,MOTION DETECTED,Background Subtraction (MOG2),34,4
2026-07-09 10:12:03.793,810,MOTION DETECTED,Background Subtraction (MOG2),35,4
2026-07-09 10:12:03.826,811,MOTION DETECTED,Background Subtraction (MOG2),35,4
2026-07-09 10:12:03.858,812,MOTION DETECTED,Background Subtraction (MOG2),32,4
2026-07-09 10:12:03.892,813,MOTION DETECTED,Background Subtraction (MOG2),31,5
2026-07-09 10:12:03.927,814,MOTION DETECTED,Background Subtraction (MOG2),27,4
2026-07-09 10:12:03.963,815,MOTION DETECTED,Background Subtraction (MOG2),24,4
2026-07-09 10:12:03.991,816,MOTION DETECTED,Background Subtraction (MOG2),29,5
2026-07-09 10:12:04.023,817,MOTION DETECTED,Background Subtraction (MOG2),29,5
2026-07-09 10:12:04.058,818,MOTION DETECTED,Background Subtraction (MOG2),31,5
2026-07-09 10:12:04.089,819,MOTION DETECTED,Background Subtraction (MOG2),29,5
2026-07-09 10:12:04.125,820,MOTION DETECTED,Background Subtraction (MOG2),33,5
2026-07-09 10:12:04.159,821,MOTION DETECTED,Background Subtraction (MOG2),29,5
2026-07-09 10:12:04.192,822,MOTION DETECTED,Background Subtraction (MOG2),24,5
2026-07-09 10:12:04.226,823,MOTION DETECTED,Background Subtraction (MOG2),27,5
2026-07-09 10:12:04.260,824,MOTION DETECTED,Background Subtraction (MOG2),27,5
2026-07-09 10:12:04.291,825,MOTION DETECTED,Background Subtraction (MOG2),27,4
2026-07-09 10:12:04.324,826,MOTION DETECTED,Background Subtraction (MOG2),28,5
2026-07-09 10:12:04.359,827,MOTION DETECTED,Background Subtraction (MOG2),28,5
2026-07-09 10:12:04.394,828,MOTION DETECTED,Background Subtraction (MOG2),25,5
2026-07-09 10:12:04.430,829,MOTION DETECTED,Background Subtraction (MOG2),20,5
2026-07-09 10:12:04.461,830,MOTION DETECTED,Background Subtraction (MOG2),19,4
2026-07-09 10:12:04.494,831,MOTION DETECTED,Background Subtraction (MOG2),19,4
2026-07-09 10:12:04.528,832,MOTION DETECTED,Background Subtraction (MOG2),19,4
2026-07-09 10:12:04.561,833,MOTION DETECTED,Background Subtraction (MOG2),18,4
2026-07-09 10:12:04.591,834,MOTION DETECTED,Background Subtraction (MOG2),18,5
2026-07-09 10:12:04.624,835,MOTION DETECTED,Background Subtraction (MOG2),17,5
2026-07-09 10:12:04.660,836,MOTION DETECTED,Background Subtraction (MOG2),19,4
2026-07-09 10:12:04.706,837,MOTION DETECTED,Background Subtraction (MOG2),17,5
2026-07-09 10:12:04.741,838,MOTION DETECTED,Background Subtraction (MOG2),13,5
2026-07-09 10:12:04.777,839,MOTION DETECTED,Background Subtraction (MOG2),13,4
2026-07-09 10:12:04.811,840,MOTION DETECTED,Background Subtraction (MOG2),13,4
2026-07-09 10:12:04.841,841,MOTION DETECTED,Background Subtraction (MOG2),19,5
2026-07-09 10:12:04.877,842,MOTION DETECTED,Background Subtraction (MOG2),19,6
2026-07-09 10:12:04.909,843,MOTION DETECTED,Background Subtraction (MOG2),17,6
2026-07-09 10:12:04.942,844,MOTION DETECTED,Background Subtraction (MOG2),12,4
2026-07-09 10:12:04.978,845,MOTION DETECTED,Background Subtraction (MOG2),14,2
2026-07-09 10:12:05.008,846,MOTION DETECTED,Background Subtraction (MOG2),13,5
2026-07-09 10:12:05.044,847,MOTION DETECTED,Background Subtraction (MOG2),12,5
2026-07-09 10:12:05.073,848,MOTION DETECTED,Background Subtraction (MOG2),12,5
2026-07-09 10:12:05.108,849,MOTION DETECTED,Background Subtraction (MOG2),12,5
2026-07-09 10:12:05.158,850,MOTION DETECTED,Background Subtraction (MOG2),16,5
2026-07-09 10:12:05.202,851,MOTION DETECTED,Background Subtraction (MOG2),17,5
2026-07-09 10:12:05.237,852,MOTION DETECTED,Background Subtraction (MOG2),14,4
2026-07-09 10:12:05.268,853,MOTION DETECTED,Background Subtraction (MOG2),16,5
2026-07-09 10:12:05.299,854,MOTION DETECTED,Background Subtraction (MOG2),19,4
2026-07-09 10:12:05.329,855,MOTION DETECTED,Background Subtraction (MOG2),19,4
2026-07-09 10:12:05.367,856,MOTION DETECTED,Background Subtraction (MOG2),17,4
2026-07-09 10:12:05.400,857,MOTION DETECTED,Background Subtraction (MOG2),17,4
2026-07-09 10:12:05.437,858,MOTION DETECTED,Background Subtraction (MOG2),18,2
2026-07-09 10:12:05.469,859,MOTION DETECTED,Background Subtraction (MOG2),18,3
2026-07-09 10:12:05.494,860,MOTION DETECTED,Background Subtraction (MOG2),17,3
2026-07-09 10:12:05.525,861,MOTION DETECTED,Background Subtraction (MOG2),18,3
2026-07-09 10:12:05.581,862,MOTION DETECTED,Background Subtraction (MOG2),15,3
2026-07-09 10:12:05.610,863,MOTION DETECTED,Background Subtraction (MOG2),12,3
2026-07-09 10:12:05.655,864,MOTION DETECTED,Background Subtraction (MOG2),12,3
2026-07-09 10:12:05.681,865,MOTION DETECTED,Background Subtraction (MOG2),14,3
2026-07-09 10:12:05.711,866,MOTION DETECTED,Background Subtraction (MOG2),10,3
2026-07-09 10:12:05.743,867,MOTION DETECTED,Background Subtraction (MOG2),10,3
2026-07-09 10:12:05.793,868,MOTION DETECTED,Background Subtraction (MOG2),12,3
2026-07-09 10:12:05.832,869,MOTION DETECTED,Background Subtraction (MOG2),10,2
2026-07-09 10:12:05.864,870,MOTION DETECTED,Background Subtraction (MOG2),12,1
2026-07-09 10:12:05.902,871,MOTION DETECTED,Background Subtraction (MOG2),11,4
2026-07-09 10:12:06.071,872,MOTION DETECTED,Background Subtraction (MOG2),12,6
2026-07-09 10:12:06.118,873,MOTION DETECTED,Background Subtraction (MOG2),12,6
2026-07-09 10:12:06.155,874,MOTION DETECTED,Background Subtraction (MOG2),10,6
2026-07-09 10:12:06.197,875,MOTION DETECTED,Background Subtraction (MOG2),9,7
2026-07-09 10:12:06.245,876,MOTION DETECTED,Background Subtraction (MOG2),7,6
2026-07-09 10:12:06.280,877,MOTION DETECTED,Background Subtraction (MOG2),8,5
2026-07-09 10:12:06.324,878,MOTION DETECTED,Background Subtraction (MOG2),9,6
2026-07-09 10:12:06.378,879,MOTION DETECTED,Background Subtraction (MOG2),8,6
2026-07-09 10:12:06.414,880,MOTION DETECTED,Background Subtraction (MOG2),9,4
2026-07-09 10:12:06.463,881,MOTION DETECTED,Background Subtraction (MOG2),11,6
2026-07-09 10:12:06.496,882,MOTION DETECTED,Background Subtraction (MOG2),9,5
2026-07-09 10:12:06.532,883,MOTION DETECTED,Background Subtraction (MOG2),7,5
2026-07-09 10:12:06.566,884,MOTION DETECTED,Background Subtraction (MOG2),7,5
2026-07-09 10:12:06.610,885,MOTION DETECTED,Background Subtraction (MOG2),9,5
2026-07-09 10:12:06.642,886,MOTION DETECTED,Background Subtraction (MOG2),9,6
2026-07-09 10:12:06.675,887,MOTION DETECTED,Background Subtraction (MOG2),9,5
2026-07-09 10:12:06.726,888,MOTION DETECTED,Background Subtraction (MOG2),9,5
2026-07-09 10:12:06.764,889,MOTION DETECTED,Background Subtraction (MOG2),7,4
2026-07-09 10:12:06.792,890,MOTION DETECTED,Background Subtraction (MOG2),7,4
2026-07-09 10:12:06.844,891,MOTION DETECTED,Background Subtraction (MOG2),7,4
2026-07-09 10:12:06.875,892,MOTION DETECTED,Background Subtraction (MOG2),8,4
2026-07-09 10:12:06.906,893,MOTION DETECTED,Background Subtraction (MOG2),9,4
2026-07-09 10:12:06.947,894,MOTION DETECTED,Background Subtraction (MOG2),11,4
2026-07-09 10:12:06.997,895,MOTION DETECTED,Background Subtraction (MOG2),10,5
2026-07-09 10:12:07.043,896,MOTION DETECTED,Background Subtraction (MOG2),11,5
2026-07-09 10:12:07.085,897,MOTION DETECTED,Background Subtraction (MOG2),9,5
